0 verbose cli D:\node.exe C:\Users\USER\AppData\Roaming\npm\node_modules\npm\bin\npm-cli.js
1 info using npm@11.12.0
2 info using node@v24.14.0
3 silly config load:file:C:\Users\USER\AppData\Roaming\npm\node_modules\npm\npmrc
4 silly config load:file:E:\chappy\e-integrator\existing folder\.npmrc
5 silly config load:file:C:\Users\USER\.npmrc
6 silly config load:file:C:\Users\USER\AppData\Roaming\npm\etc\npmrc
7 verbose title npm install
8 verbose argv "install" "--cache" ".npm-cache"
9 verbose logfile logs-max:10 dir:E:\chappy\e-integrator\existing folder\.npm-cache\_logs\2026-09-06T08_16_34_322Z-
10 verbose logfile E:\chappy\e-integrator\existing folder\.npm-cache\_logs\2026-09-06T08_16_34_322Z-debug-0.log
11 silly logfile done cleaning log files
12 silly packumentCache heap:4496293888 maxSize:1124073472 maxEntrySize:562036736
13 silly idealTree buildDeps
14 silly fetch manifest @astrojs/check@^0.9.4
15 silly packumentCache full:https://registry.npmjs.org/@astrojs%2fcheck cache-miss
16 http fetch GET 200 https://registry.npmjs.org/npm 116ms
17 http fetch GET 200 https://registry.npmjs.org/@astrojs%2fcheck 822ms (cache miss)
18 silly packumentCache full:https://registry.npmjs.org/@astrojs%2fcheck set size:undefined disposed:false
19 silly fetch manifest typescript@^5.8.3
20 silly packumentCache full:https://registry.npmjs.org/typescript cache-miss
21 http fetch GET 200 https://registry.npmjs.org/typescript 421ms (cache miss)
22 silly packumentCache full:https://registry.npmjs.org/typescript set size:undefined disposed:false
23 silly fetch manifest astro@^5.13.0
24 silly packumentCache full:https://registry.npmjs.org/astro cache-miss
25 http fetch GET 200 https://registry.npmjs.org/astro 413ms (cache miss)
26 silly packumentCache full:https://registry.npmjs.org/astro set size:undefined disposed:false
27 silly placeDep ROOT @astrojs/check@0.9.10 OK for: design-co-astro@1.0.0 want: ^0.9.4
28 silly placeDep ROOT typescript@5.9.3 OK for: @astrojs/check@0.9.10 want: ^5.0.0 || ^6.0.0
29 silly placeDep ROOT astro@5.18.2 OK for: design-co-astro@1.0.0 want: ^5.13.0
30 silly fetch manifest kleur@^4.1.5
31 silly packumentCache full:https://registry.npmjs.org/kleur cache-miss
32 silly fetch manifest yargs@^18.0.0
33 silly packumentCache full:https://registry.npmjs.org/yargs cache-miss
34 silly fetch manifest chokidar@^4.0.3
35 silly packumentCache full:https://registry.npmjs.org/chokidar cache-miss
36 silly fetch manifest @astrojs/language-server@^2.16.7
37 silly packumentCache full:https://registry.npmjs.org/@astrojs%2flanguage-server cache-miss
38 silly fetch manifest dlv@^1.1.3
39 silly packumentCache full:https://registry.npmjs.org/dlv cache-miss
40 silly fetch manifest zod@^3.25.76
41 silly packumentCache full:https://registry.npmjs.org/zod cache-miss
42 silly fetch manifest clsx@^2.1.1
43 silly packumentCache full:https://registry.npmjs.org/clsx cache-miss
44 silly fetch manifest diff@^8.0.3
45 silly packumentCache full:https://registry.npmjs.org/diff cache-miss
46 silly fetch manifest dset@^3.1.4
47 silly packumentCache full:https://registry.npmjs.org/dset cache-miss
48 silly fetch manifest svgo@^4.0.0
49 silly packumentCache full:https://registry.npmjs.org/svgo cache-miss
50 silly fetch manifest vite@^6.4.1
51 silly packumentCache full:https://registry.npmjs.org/vite cache-miss
52 http fetch GET 200 https://registry.npmjs.org/kleur 36ms (cache miss)
53 silly packumentCache full:https://registry.npmjs.org/kleur set size:undefined disposed:false
54 silly fetch manifest acorn@^8.15.0
55 silly packumentCache full:https://registry.npmjs.org/acorn cache-miss
56 http fetch GET 200 https://registry.npmjs.org/yargs 46ms (cache miss)
57 silly packumentCache full:https://registry.npmjs.org/yargs set size:undefined disposed:false
58 silly fetch manifest boxen@8.0.1
59 silly packumentCache full:https://registry.npmjs.org/boxen cache-miss
60 http fetch GET 200 https://registry.npmjs.org/chokidar 70ms (cache miss)
61 silly packumentCache full:https://registry.npmjs.org/chokidar set size:undefined disposed:false
62 silly fetch manifest debug@^4.4.3
63 silly packumentCache full:https://registry.npmjs.org/debug cache-miss
64 http fetch GET 200 https://registry.npmjs.org/acorn 53ms (cache miss)
65 silly packumentCache full:https://registry.npmjs.org/acorn set size:undefined disposed:false
66 silly fetch manifest shiki@^3.21.0
67 silly packumentCache full:https://registry.npmjs.org/shiki cache-miss
68 http fetch GET 200 https://registry.npmjs.org/debug 45ms (cache miss)
69 silly packumentCache full:https://registry.npmjs.org/debug set size:undefined disposed:false
70 silly fetch manifest vfile@^6.0.3
71 silly packumentCache full:https://registry.npmjs.org/vfile cache-miss
72 http fetch GET 200 https://registry.npmjs.org/zod 127ms (cache miss)
73 silly packumentCache full:https://registry.npmjs.org/zod set size:undefined disposed:false
74 silly fetch manifest cookie@^1.1.1
75 silly packumentCache full:https://registry.npmjs.org/cookie cache-miss
76 http fetch GET 200 https://registry.npmjs.org/cookie 19ms (cache miss)
77 silly packumentCache full:https://registry.npmjs.org/cookie set size:undefined disposed:false
78 silly fetch manifest cssesc@^3.0.0
79 silly packumentCache full:https://registry.npmjs.org/cssesc cache-miss
80 http fetch GET 200 https://registry.npmjs.org/diff 312ms (cache miss)
81 silly packumentCache full:https://registry.npmjs.org/diff set size:undefined disposed:false
82 silly fetch manifest mrmime@^2.0.1
83 silly packumentCache full:https://registry.npmjs.org/mrmime cache-miss
84 http fetch GET 200 https://registry.npmjs.org/dlv 316ms (cache miss)
85 silly packumentCache full:https://registry.npmjs.org/dlv set size:undefined disposed:false
86 silly fetch manifest rehype@^13.0.2
87 silly packumentCache full:https://registry.npmjs.org/rehype cache-miss
88 http fetch GET 200 https://registry.npmjs.org/clsx 325ms (cache miss)
89 silly packumentCache full:https://registry.npmjs.org/clsx set size:undefined disposed:false
90 silly fetch manifest semver@^7.7.3
91 silly packumentCache full:https://registry.npmjs.org/semver cache-miss
92 http fetch GET 200 https://registry.npmjs.org/dset 335ms (cache miss)
93 silly packumentCache full:https://registry.npmjs.org/dset set size:undefined disposed:false
94 silly fetch manifest vitefu@^1.1.1
95 silly packumentCache full:https://registry.npmjs.org/vitefu cache-miss
96 http fetch GET 200 https://registry.npmjs.org/svgo 338ms (cache miss)
97 silly packumentCache full:https://registry.npmjs.org/svgo set size:undefined disposed:false
98 silly fetch manifest ci-info@^4.3.1
99 silly packumentCache full:https://registry.npmjs.org/ci-info cache-miss
100 http fetch GET 200 https://registry.npmjs.org/boxen 295ms (cache miss)
101 silly packumentCache full:https://registry.npmjs.org/boxen set size:undefined disposed:false
102 silly fetch manifest devalue@^5.6.2
103 silly packumentCache full:https://registry.npmjs.org/devalue cache-miss
104 http fetch GET 200 https://registry.npmjs.org/vitefu 18ms (cache miss)
105 silly packumentCache full:https://registry.npmjs.org/vitefu set size:undefined disposed:false
106 silly fetch manifest esbuild@^0.27.3
107 silly packumentCache full:https://registry.npmjs.org/esbuild cache-miss
108 http fetch GET 200 https://registry.npmjs.org/semver 33ms (cache miss)
109 silly packumentCache full:https://registry.npmjs.org/semver set size:undefined disposed:false
110 silly fetch manifest flattie@^1.1.1
111 silly packumentCache full:https://registry.npmjs.org/flattie cache-miss
112 http fetch GET 200 https://registry.npmjs.org/ci-info 22ms (cache miss)
113 silly packumentCache full:https://registry.npmjs.org/ci-info set size:undefined disposed:false
114 silly fetch manifest fontace@~0.4.0
115 silly packumentCache full:https://registry.npmjs.org/fontace cache-miss
116 http fetch GET 200 https://registry.npmjs.org/shiki 308ms (cache miss)
117 silly packumentCache full:https://registry.npmjs.org/shiki set size:undefined disposed:false
118 silly fetch manifest js-yaml@^4.1.1
119 silly packumentCache full:https://registry.npmjs.org/js-yaml cache-miss
120 http fetch GET 200 https://registry.npmjs.org/vfile 309ms (cache miss)
121 silly packumentCache full:https://registry.npmjs.org/vfile set size:undefined disposed:false
122 silly fetch manifest p-limit@^6.2.0
123 silly packumentCache full:https://registry.npmjs.org/p-limit cache-miss
124 http fetch GET 200 https://registry.npmjs.org/esbuild 87ms (cache miss)
125 silly packumentCache full:https://registry.npmjs.org/esbuild set size:undefined disposed:false
126 silly fetch manifest p-queue@^8.1.1
127 silly packumentCache full:https://registry.npmjs.org/p-queue cache-miss
128 http fetch GET 200 https://registry.npmjs.org/js-yaml 47ms (cache miss)
129 silly packumentCache full:https://registry.npmjs.org/js-yaml set size:undefined disposed:false
130 silly fetch manifest prompts@^2.4.2
131 silly packumentCache full:https://registry.npmjs.org/prompts cache-miss
132 http fetch GET 200 https://registry.npmjs.org/cssesc 290ms (cache miss)
133 silly packumentCache full:https://registry.npmjs.org/cssesc set size:undefined disposed:false
134 silly fetch manifest unifont@~0.7.3
135 silly packumentCache full:https://registry.npmjs.org/unifont cache-miss
136 http fetch GET 200 https://registry.npmjs.org/prompts 33ms (cache miss)
137 silly packumentCache full:https://registry.npmjs.org/prompts set size:undefined disposed:false
138 silly fetch manifest magicast@^0.5.1
139 silly packumentCache full:https://registry.npmjs.org/magicast cache-miss
140 http fetch GET 200 https://registry.npmjs.org/magicast 24ms (cache miss)
141 silly packumentCache full:https://registry.npmjs.org/magicast set size:undefined disposed:false
142 silly fetch manifest tinyexec@^1.0.2
143 silly packumentCache full:https://registry.npmjs.org/tinyexec cache-miss
144 http fetch GET 200 https://registry.npmjs.org/tinyexec 24ms (cache miss)
145 silly packumentCache full:https://registry.npmjs.org/tinyexec set size:undefined disposed:false
146 silly fetch manifest tsconfck@^3.1.6
147 silly packumentCache full:https://registry.npmjs.org/tsconfck cache-miss
148 http fetch GET 200 https://registry.npmjs.org/rehype 274ms (cache miss)
149 silly packumentCache full:https://registry.npmjs.org/rehype set size:undefined disposed:false
150 silly fetch manifest piccolore@^0.1.3
151 silly packumentCache full:https://registry.npmjs.org/piccolore cache-miss
152 http fetch GET 200 https://registry.npmjs.org/mrmime 292ms (cache miss)
153 silly packumentCache full:https://registry.npmjs.org/mrmime set size:undefined disposed:false
154 silly fetch manifest picomatch@^4.0.3
155 silly packumentCache full:https://registry.npmjs.org/picomatch cache-miss
156 http fetch GET 200 https://registry.npmjs.org/flattie 284ms (cache miss)
157 silly packumentCache full:https://registry.npmjs.org/flattie set size:undefined disposed:false
158 silly fetch manifest smol-toml@^1.6.0
159 silly packumentCache full:https://registry.npmjs.org/smol-toml cache-miss
160 http fetch GET 200 https://registry.npmjs.org/fontace 284ms (cache miss)
161 silly packumentCache full:https://registry.npmjs.org/fontace set size:undefined disposed:false
162 silly fetch manifest ultrahtml@^1.6.0
163 silly packumentCache full:https://registry.npmjs.org/ultrahtml cache-miss
164 http fetch GET 200 https://registry.npmjs.org/p-limit 309ms (cache miss)
165 silly packumentCache full:https://registry.npmjs.org/p-limit set size:undefined disposed:false
166 silly fetch manifest unstorage@^1.17.4
167 silly packumentCache full:https://registry.npmjs.org/unstorage cache-miss
168 http fetch GET 200 https://registry.npmjs.org/p-queue 432ms (cache miss)
169 silly packumentCache full:https://registry.npmjs.org/p-queue set size:undefined disposed:false
170 silly fetch manifest zod-to-ts@^1.2.0
171 silly packumentCache full:https://registry.npmjs.org/zod-to-ts cache-miss
172 http fetch GET 200 https://registry.npmjs.org/tsconfck 372ms (cache miss)
173 silly packumentCache full:https://registry.npmjs.org/tsconfck set size:undefined disposed:false
174 silly fetch manifest aria-query@^5.3.2
175 silly packumentCache full:https://registry.npmjs.org/aria-query cache-miss
176 http fetch GET 200 https://registry.npmjs.org/piccolore 319ms (cache miss)
177 silly packumentCache full:https://registry.npmjs.org/piccolore set size:undefined disposed:false
178 silly fetch manifest tinyglobby@^0.2.15
179 silly packumentCache full:https://registry.npmjs.org/tinyglobby cache-miss
180 http fetch GET 200 https://registry.npmjs.org/picomatch 329ms (cache miss)
181 silly packumentCache full:https://registry.npmjs.org/picomatch set size:undefined disposed:false
182 silly fetch manifest neotraverse@^0.6.18
183 silly packumentCache full:https://registry.npmjs.org/neotraverse cache-miss
184 http fetch GET 200 https://registry.npmjs.org/@astrojs%2flanguage-server 995ms (cache miss)
185 silly packumentCache full:https://registry.npmjs.org/@astrojs%2flanguage-server set size:undefined disposed:false
186 silly fetch manifest xxhash-wasm@^1.1.0
187 silly packumentCache full:https://registry.npmjs.org/xxhash-wasm cache-miss
188 http fetch GET 200 https://registry.npmjs.org/ultrahtml 373ms (cache miss)
189 silly packumentCache full:https://registry.npmjs.org/ultrahtml set size:undefined disposed:false
190 silly fetch manifest html-escaper@3.0.3
191 silly packumentCache full:https://registry.npmjs.org/html-escaper cache-miss
192 http fetch GET 200 https://registry.npmjs.org/unifont 624ms (cache miss)
193 silly packumentCache full:https://registry.npmjs.org/unifont set size:undefined disposed:false
194 silly fetch manifest magic-string@^0.30.21
195 silly packumentCache full:https://registry.npmjs.org/magic-string cache-miss
196 http fetch GET 200 https://registry.npmjs.org/magic-string 63ms (cache miss)
197 silly packumentCache full:https://registry.npmjs.org/magic-string set size:undefined disposed:false
198 silly fetch manifest yargs-parser@^21.1.1
199 silly packumentCache full:https://registry.npmjs.org/yargs-parser cache-miss
200 http fetch GET 200 https://registry.npmjs.org/zod-to-ts 277ms (cache miss)
201 silly packumentCache full:https://registry.npmjs.org/zod-to-ts set size:undefined disposed:false
202 silly fetch manifest estree-walker@^3.0.3
203 silly packumentCache full:https://registry.npmjs.org/estree-walker cache-miss
204 http fetch GET 200 https://registry.npmjs.org/unstorage 466ms (cache miss)
205 silly packumentCache full:https://registry.npmjs.org/unstorage set size:undefined disposed:false
206 silly fetch manifest yocto-spinner@^0.2.3
207 silly packumentCache full:https://registry.npmjs.org/yocto-spinner cache-miss
208 http fetch GET 200 https://registry.npmjs.org/tinyglobby 310ms (cache miss)
209 silly packumentCache full:https://registry.npmjs.org/tinyglobby set size:undefined disposed:false
210 silly fetch manifest axobject-query@^4.1.0
211 silly packumentCache full:https://registry.npmjs.org/axobject-query cache-miss
212 http fetch GET 200 https://registry.npmjs.org/yargs-parser 136ms (cache miss)
213 silly packumentCache full:https://registry.npmjs.org/yargs-parser set size:undefined disposed:false
214 silly fetch manifest github-slugger@^2.0.0
215 silly packumentCache full:https://registry.npmjs.org/github-slugger cache-miss
216 http fetch GET 200 https://registry.npmjs.org/aria-query 393ms (cache miss)
217 silly packumentCache full:https://registry.npmjs.org/aria-query set size:undefined disposed:false
218 silly fetch manifest es-module-lexer@^1.7.0
219 silly packumentCache full:https://registry.npmjs.org/es-module-lexer cache-miss
220 http fetch GET 200 https://registry.npmjs.org/estree-walker 154ms (cache miss)
221 silly packumentCache full:https://registry.npmjs.org/estree-walker set size:undefined disposed:false
222 silly fetch manifest @oslojs/encoding@^1.1.0
223 silly packumentCache full:https://registry.npmjs.org/@oslojs%2fencoding cache-miss
224 http fetch GET 200 https://registry.npmjs.org/neotraverse 397ms (cache miss)
225 silly packumentCache full:https://registry.npmjs.org/neotraverse set size:undefined disposed:false
226 silly fetch manifest unist-util-visit@^5.0.0
227 silly packumentCache full:https://registry.npmjs.org/unist-util-visit cache-miss
228 http fetch GET 200 https://registry.npmjs.org/es-module-lexer 79ms (cache miss)
229 silly packumentCache full:https://registry.npmjs.org/es-module-lexer set size:undefined disposed:false
230 silly fetch manifest @astrojs/compiler@^2.13.0
231 silly packumentCache full:https://registry.npmjs.org/@astrojs%2fcompiler cache-miss
232 http fetch GET 200 https://registry.npmjs.org/html-escaper 378ms (cache miss)
233 silly packumentCache full:https://registry.npmjs.org/html-escaper set size:undefined disposed:false
234 silly fetch manifest @astrojs/telemetry@3.3.0
235 silly packumentCache full:https://registry.npmjs.org/@astrojs%2ftelemetry cache-miss
236 http fetch GET 200 https://registry.npmjs.org/devalue 1105ms (cache miss)
237 silly packumentCache full:https://registry.npmjs.org/devalue set size:undefined disposed:false
238 silly fetch manifest @capsizecss/unpack@^4.0.0
239 silly packumentCache full:https://registry.npmjs.org/@capsizecss%2funpack cache-miss
240 http fetch GET 200 https://registry.npmjs.org/yocto-spinner 293ms (cache miss)
241 silly packumentCache full:https://registry.npmjs.org/yocto-spinner set size:undefined disposed:false
242 silly fetch manifest zod-to-json-schema@^3.25.1
243 silly packumentCache full:https://registry.npmjs.org/zod-to-json-schema cache-miss
244 http fetch GET 200 https://registry.npmjs.org/github-slugger 289ms (cache miss)
245 silly packumentCache full:https://registry.npmjs.org/github-slugger set size:undefined disposed:false
246 silly fetch manifest @rollup/pluginutils@^5.3.0
247 silly packumentCache full:https://registry.npmjs.org/@rollup%2fpluginutils cache-miss
248 http fetch GET 200 https://registry.npmjs.org/zod-to-json-schema 126ms (cache miss)
249 silly packumentCache full:https://registry.npmjs.org/zod-to-json-schema set size:undefined disposed:false
250 silly fetch manifest import-meta-resolve@^4.2.0
251 silly packumentCache full:https://registry.npmjs.org/import-meta-resolve cache-miss
252 http fetch GET 200 https://registry.npmjs.org/@rollup%2fpluginutils 79ms (cache miss)
253 silly packumentCache full:https://registry.npmjs.org/@rollup%2fpluginutils set size:undefined disposed:false
254 silly fetch manifest common-ancestor-path@^1.0.1
255 silly packumentCache full:https://registry.npmjs.org/common-ancestor-path cache-miss
256 http fetch GET 200 https://registry.npmjs.org/unist-util-visit 473ms (cache miss)
257 silly packumentCache full:https://registry.npmjs.org/unist-util-visit set size:undefined disposed:false
258 silly fetch manifest http-cache-semantics@^4.2.0
259 silly packumentCache full:https://registry.npmjs.org/http-cache-semantics cache-miss
260 http fetch GET 200 https://registry.npmjs.org/xxhash-wasm 828ms (cache miss)
261 silly packumentCache full:https://registry.npmjs.org/xxhash-wasm set size:undefined disposed:false
262 silly fetch manifest @astrojs/markdown-remark@6.3.11
263 silly packumentCache full:https://registry.npmjs.org/@astrojs%2fmarkdown-remark cache-miss
264 http fetch GET 200 https://registry.npmjs.org/http-cache-semantics 109ms (cache miss)
265 silly packumentCache full:https://registry.npmjs.org/http-cache-semantics set size:undefined disposed:false
266 silly fetch manifest package-manager-detector@^1.6.0
267 silly packumentCache full:https://registry.npmjs.org/package-manager-detector cache-miss
268 http fetch GET 200 https://registry.npmjs.org/import-meta-resolve 295ms (cache miss)
269 silly packumentCache full:https://registry.npmjs.org/import-meta-resolve set size:undefined disposed:false
270 silly fetch manifest @astrojs/internal-helpers@0.7.6
271 silly packumentCache full:https://registry.npmjs.org/@astrojs%2finternal-helpers cache-miss
272 http fetch GET 200 https://registry.npmjs.org/common-ancestor-path 304ms (cache miss)
273 silly packumentCache full:https://registry.npmjs.org/common-ancestor-path set size:undefined disposed:false
274 silly fetch manifest deterministic-object-hash@^2.0.2
275 silly packumentCache full:https://registry.npmjs.org/deterministic-object-hash cache-miss
276 http fetch GET 200 https://registry.npmjs.org/@oslojs%2fencoding 764ms (cache miss)
277 silly packumentCache full:https://registry.npmjs.org/@oslojs%2fencoding set size:undefined disposed:false
278 silly fetch manifest sharp@^0.34.0
279 silly packumentCache full:https://registry.npmjs.org/sharp cache-miss
280 http fetch GET 200 https://registry.npmjs.org/vite 2098ms (cache miss)
281 silly packumentCache full:https://registry.npmjs.org/vite set size:undefined disposed:false
282 http fetch GET 200 https://registry.npmjs.org/package-manager-detector 290ms (cache miss)
283 silly packumentCache full:https://registry.npmjs.org/package-manager-detector set size:undefined disposed:false
284 http fetch GET 200 https://registry.npmjs.org/@astrojs%2ftelemetry 809ms (cache miss)
285 silly packumentCache full:https://registry.npmjs.org/@astrojs%2ftelemetry set size:undefined disposed:false
286 http fetch GET 200 https://registry.npmjs.org/@capsizecss%2funpack 787ms (cache miss)
287 silly packumentCache full:https://registry.npmjs.org/@capsizecss%2funpack set size:undefined disposed:false
288 http fetch GET 200 https://registry.npmjs.org/deterministic-object-hash 287ms (cache miss)
289 silly packumentCache full:https://registry.npmjs.org/deterministic-object-hash set size:undefined disposed:false
290 http fetch GET 200 https://registry.npmjs.org/@astrojs%2fcompiler 883ms (cache miss)
291 silly packumentCache full:https://registry.npmjs.org/@astrojs%2fcompiler set size:undefined disposed:false
292 http fetch GET 200 https://registry.npmjs.org/sharp 424ms (cache miss)
293 silly packumentCache full:https://registry.npmjs.org/sharp set size:undefined disposed:false
294 http fetch GET 200 https://registry.npmjs.org/@astrojs%2finternal-helpers 760ms (cache miss)
295 silly packumentCache full:https://registry.npmjs.org/@astrojs%2finternal-helpers set size:undefined disposed:false
296 http fetch GET 200 https://registry.npmjs.org/@astrojs%2fmarkdown-remark 1050ms (cache miss)
297 silly packumentCache full:https://registry.npmjs.org/@astrojs%2fmarkdown-remark set size:undefined disposed:false
298 http fetch GET 200 https://registry.npmjs.org/axobject-query 3048ms (cache miss)
299 silly packumentCache full:https://registry.npmjs.org/axobject-query set size:undefined disposed:false
300 http fetch GET 200 https://registry.npmjs.org/smol-toml 3683ms (cache miss)
301 silly packumentCache full:https://registry.npmjs.org/smol-toml set size:undefined disposed:false
302 silly fetch manifest prettier@^3.0.0
303 silly packumentCache full:https://registry.npmjs.org/prettier cache-miss
304 http fetch GET 200 https://registry.npmjs.org/prettier 56ms (cache miss)
305 silly packumentCache full:https://registry.npmjs.org/prettier set size:undefined disposed:false
306 silly fetch manifest prettier-plugin-astro@>=0.11.0
307 silly packumentCache full:https://registry.npmjs.org/prettier-plugin-astro cache-miss
308 http fetch GET 200 https://registry.npmjs.org/prettier-plugin-astro 294ms (cache miss)
309 silly packumentCache full:https://registry.npmjs.org/prettier-plugin-astro set size:undefined disposed:false
310 silly placeDep ROOT @astrojs/language-server@2.16.16 OK for: @astrojs/check@0.9.10 want: ^2.16.7
311 silly placeDep ROOT chokidar@4.0.3 OK for: @astrojs/check@0.9.10 want: ^4.0.3
312 silly placeDep ROOT kleur@4.1.5 OK for: @astrojs/check@0.9.10 want: ^4.1.5
313 silly placeDep ROOT yargs@18.1.0 OK for: @astrojs/check@0.9.10 want: ^18.0.0
314 silly fetch manifest @volar/kit@~2.4.28
315 silly packumentCache full:https://registry.npmjs.org/@volar%2fkit cache-miss
316 silly fetch manifest tinyglobby@^0.2.16
317 silly packumentCache full:https://registry.npmjs.org/tinyglobby cache-miss
318 silly fetch manifest vscode-uri@^3.1.0
319 silly packumentCache full:https://registry.npmjs.org/vscode-uri cache-miss
320 silly fetch manifest muggle-string@^0.4.1
321 silly packumentCache full:https://registry.npmjs.org/muggle-string cache-miss
322 silly fetch manifest @astrojs/yaml2ts@^0.2.4
323 silly packumentCache full:https://registry.npmjs.org/@astrojs%2fyaml2ts cache-miss
324 silly fetch manifest @astrojs/compiler@^2.13.1
325 silly packumentCache full:https://registry.npmjs.org/@astrojs%2fcompiler cache-miss
326 silly fetch manifest volar-service-css@0.0.71
327 silly packumentCache full:https://registry.npmjs.org/volar-service-css cache-miss
328 silly fetch manifest volar-service-html@0.0.71
329 silly packumentCache full:https://registry.npmjs.org/volar-service-html cache-miss
330 silly fetch manifest volar-service-yaml@0.0.71
331 silly packumentCache full:https://registry.npmjs.org/volar-service-yaml cache-miss
332 silly fetch manifest volar-service-emmet@0.0.71
333 silly packumentCache full:https://registry.npmjs.org/volar-service-emmet cache-miss
334 silly fetch manifest @volar/language-core@~2.4.28
335 silly packumentCache full:https://registry.npmjs.org/@volar%2flanguage-core cache-miss
336 http cache https://registry.npmjs.org/tinyglobby 9ms (cache hit)
337 silly packumentCache full:https://registry.npmjs.org/tinyglobby set size:54291 disposed:false
338 silly fetch manifest @volar/language-server@~2.4.28
339 silly packumentCache full:https://registry.npmjs.org/@volar%2flanguage-server cache-miss
340 http cache https://registry.npmjs.org/@astrojs%2fcompiler 11ms (cache hit)
341 silly packumentCache full:https://registry.npmjs.org/@astrojs%2fcompiler set size:972037 disposed:false
342 silly fetch manifest volar-service-prettier@0.0.71
343 silly packumentCache full:https://registry.npmjs.org/volar-service-prettier cache-miss
344 http fetch GET 200 https://registry.npmjs.org/volar-service-emmet 283ms (cache miss)
345 silly packumentCache full:https://registry.npmjs.org/volar-service-emmet set size:undefined disposed:false
346 silly fetch manifest @volar/language-service@~2.4.28
347 silly packumentCache full:https://registry.npmjs.org/@volar%2flanguage-service cache-miss
348 http fetch GET 200 https://registry.npmjs.org/muggle-string 285ms (cache miss)
349 silly packumentCache full:https://registry.npmjs.org/muggle-string set size:undefined disposed:false
350 silly fetch manifest volar-service-typescript@0.0.71
351 silly packumentCache full:https://registry.npmjs.org/volar-service-typescript cache-miss
352 http fetch GET 200 https://registry.npmjs.org/vscode-uri 291ms (cache miss)
353 silly packumentCache full:https://registry.npmjs.org/vscode-uri set size:undefined disposed:false
354 silly fetch manifest @jridgewell/sourcemap-codec@^1.5.5
355 silly packumentCache full:https://registry.npmjs.org/@jridgewell%2fsourcemap-codec cache-miss
356 http fetch GET 200 https://registry.npmjs.org/volar-service-yaml 293ms (cache miss)
357 silly packumentCache full:https://registry.npmjs.org/volar-service-yaml set size:undefined disposed:false
358 silly fetch manifest vscode-html-languageservice@^5.6.2
359 silly packumentCache full:https://registry.npmjs.org/vscode-html-languageservice cache-miss
360 http fetch GET 200 https://registry.npmjs.org/volar-service-css 302ms (cache miss)
361 silly packumentCache full:https://registry.npmjs.org/volar-service-css set size:undefined disposed:false
362 silly fetch manifest volar-service-typescript-twoslash-queries@0.0.71
363 silly packumentCache full:https://registry.npmjs.org/volar-service-typescript-twoslash-queries cache-miss
364 http fetch GET 200 https://registry.npmjs.org/volar-service-prettier 301ms (cache miss)
365 silly packumentCache full:https://registry.npmjs.org/volar-service-prettier set size:undefined disposed:false
366 silly fetch manifest readdirp@^4.0.1
367 silly packumentCache full:https://registry.npmjs.org/readdirp cache-miss
368 http fetch GET 200 https://registry.npmjs.org/volar-service-html 318ms (cache miss)
369 silly packumentCache full:https://registry.npmjs.org/volar-service-html set size:undefined disposed:false
370 silly fetch manifest y18n@^5.0.5
371 silly packumentCache full:https://registry.npmjs.org/y18n cache-miss
372 http fetch GET 200 https://registry.npmjs.org/@jridgewell%2fsourcemap-codec 30ms (cache miss)
373 silly packumentCache full:https://registry.npmjs.org/@jridgewell%2fsourcemap-codec set size:undefined disposed:false
374 silly fetch manifest cliui@^9.0.1
375 silly packumentCache full:https://registry.npmjs.org/cliui cache-miss
376 http fetch GET 200 https://registry.npmjs.org/cliui 21ms (cache miss)
377 silly packumentCache full:https://registry.npmjs.org/cliui set size:undefined disposed:false
378 silly fetch manifest escalade@^3.1.1
379 silly packumentCache full:https://registry.npmjs.org/escalade cache-miss
380 http fetch GET 200 https://registry.npmjs.org/readdirp 35ms (cache miss)
381 silly packumentCache full:https://registry.npmjs.org/readdirp set size:undefined disposed:false
382 silly fetch manifest string-width@^8.2.1
383 silly packumentCache full:https://registry.npmjs.org/string-width cache-miss
384 http fetch GET 200 https://registry.npmjs.org/y18n 35ms (cache miss)
385 silly packumentCache full:https://registry.npmjs.org/y18n set size:undefined disposed:false
386 silly fetch manifest yargs-parser@^22.0.0
387 silly packumentCache full:https://registry.npmjs.org/yargs-parser cache-miss
388 http cache https://registry.npmjs.org/yargs-parser 1ms (cache hit)
389 silly packumentCache full:https://registry.npmjs.org/yargs-parser set size:238681 disposed:false
390 silly fetch manifest get-caller-file@^2.0.5
391 silly packumentCache full:https://registry.npmjs.org/get-caller-file cache-miss
392 http fetch GET 200 https://registry.npmjs.org/escalade 17ms (cache miss)
393 silly packumentCache full:https://registry.npmjs.org/escalade set size:undefined disposed:false
394 http fetch GET 200 https://registry.npmjs.org/volar-service-typescript 294ms (cache miss)
395 silly packumentCache full:https://registry.npmjs.org/volar-service-typescript set size:undefined disposed:false
396 http fetch GET 200 https://registry.npmjs.org/volar-service-typescript-twoslash-queries 280ms (cache miss)
397 silly packumentCache full:https://registry.npmjs.org/volar-service-typescript-twoslash-queries set size:undefined disposed:false
398 http fetch GET 200 https://registry.npmjs.org/vscode-html-languageservice 317ms (cache miss)
399 silly packumentCache full:https://registry.npmjs.org/vscode-html-languageservice set size:undefined disposed:false
400 http fetch GET 200 https://registry.npmjs.org/string-width 300ms (cache miss)
401 silly packumentCache full:https://registry.npmjs.org/string-width set size:undefined disposed:false
402 http fetch GET 200 https://registry.npmjs.org/get-caller-file 295ms (cache miss)
403 silly packumentCache full:https://registry.npmjs.org/get-caller-file set size:undefined disposed:false
404 http fetch GET 200 https://registry.npmjs.org/@volar%2flanguage-core 749ms (cache miss)
405 silly packumentCache full:https://registry.npmjs.org/@volar%2flanguage-core set size:undefined disposed:false
406 http fetch GET 200 https://registry.npmjs.org/@astrojs%2fyaml2ts 762ms (cache miss)
407 silly packumentCache full:https://registry.npmjs.org/@astrojs%2fyaml2ts set size:undefined disposed:false
408 http fetch GET 200 https://registry.npmjs.org/@volar%2fkit 777ms (cache miss)
409 silly packumentCache full:https://registry.npmjs.org/@volar%2fkit set size:undefined disposed:false
410 http fetch GET 200 https://registry.npmjs.org/@volar%2flanguage-server 801ms (cache miss)
411 silly packumentCache full:https://registry.npmjs.org/@volar%2flanguage-server set size:undefined disposed:false
412 http fetch GET 200 https://registry.npmjs.org/@volar%2flanguage-service 800ms (cache miss)
413 silly packumentCache full:https://registry.npmjs.org/@volar%2flanguage-service set size:undefined disposed:false
414 silly fetch manifest typescript@*
415 silly packumentCache full:https://registry.npmjs.org/typescript cache-miss
416 http cache https://registry.npmjs.org/typescript 20ms (cache hit)
417 silly packumentCache full:https://registry.npmjs.org/typescript set size:15639539 disposed:false
418 silly placeDep ROOT @astrojs/compiler@2.13.1 OK for: @astrojs/language-server@2.16.16 want: ^2.13.1
419 silly placeDep ROOT @astrojs/yaml2ts@0.2.4 OK for: @astrojs/language-server@2.16.16 want: ^0.2.4
420 silly placeDep ROOT @jridgewell/sourcemap-codec@1.6.0 OK for: @astrojs/language-server@2.16.16 want: ^1.5.5
421 silly placeDep ROOT @volar/kit@2.4.28 OK for: @astrojs/language-server@2.16.16 want: ~2.4.28
422 silly placeDep ROOT @volar/language-core@2.4.28 OK for: @astrojs/language-server@2.16.16 want: ~2.4.28
423 silly placeDep ROOT @volar/language-server@2.4.28 OK for: @astrojs/language-server@2.16.16 want: ~2.4.28
424 silly placeDep ROOT @volar/language-service@2.4.28 OK for: @astrojs/language-server@2.16.16 want: ~2.4.28
425 silly placeDep ROOT muggle-string@0.4.1 OK for: @astrojs/language-server@2.16.16 want: ^0.4.1
426 silly placeDep ROOT tinyglobby@0.2.17 OK for: @astrojs/language-server@2.16.16 want: ^0.2.16
427 silly placeDep ROOT volar-service-css@0.0.71 OK for: @astrojs/language-server@2.16.16 want: 0.0.71
428 silly placeDep ROOT volar-service-emmet@0.0.71 OK for: @astrojs/language-server@2.16.16 want: 0.0.71
429 silly placeDep ROOT volar-service-html@0.0.71 OK for: @astrojs/language-server@2.16.16 want: 0.0.71
430 silly placeDep ROOT volar-service-prettier@0.0.71 OK for: @astrojs/language-server@2.16.16 want: 0.0.71
431 silly placeDep ROOT volar-service-typescript@0.0.71 OK for: @astrojs/language-server@2.16.16 want: 0.0.71
432 silly placeDep ROOT volar-service-typescript-twoslash-queries@0.0.71 OK for: @astrojs/language-server@2.16.16 want: 0.0.71
433 silly placeDep ROOT volar-service-yaml@0.0.71 OK for: @astrojs/language-server@2.16.16 want: 0.0.71
434 silly placeDep ROOT vscode-html-languageservice@5.6.2 OK for: @astrojs/language-server@2.16.16 want: ^5.6.2
435 silly placeDep ROOT vscode-uri@3.2.0 OK for: @astrojs/language-server@2.16.16 want: ^3.1.0
436 silly fetch manifest yaml@^2.8.3
437 silly packumentCache full:https://registry.npmjs.org/yaml cache-miss
438 silly fetch manifest @volar/language-service@2.4.28
439 silly packumentCache full:https://registry.npmjs.org/@volar%2flanguage-service cache-miss
440 silly fetch manifest @volar/typescript@2.4.28
441 silly packumentCache full:https://registry.npmjs.org/@volar%2ftypescript cache-miss
442 silly fetch manifest typesafe-path@^0.2.2
443 silly packumentCache full:https://registry.npmjs.org/typesafe-path cache-miss
444 silly fetch manifest vscode-languageserver-textdocument@^1.0.11
445 silly packumentCache full:https://registry.npmjs.org/vscode-languageserver-textdocument cache-miss
446 silly fetch manifest vscode-uri@^3.0.8
447 silly packumentCache full:https://registry.npmjs.org/vscode-uri cache-miss
448 silly fetch manifest @volar/source-map@2.4.28
449 silly packumentCache full:https://registry.npmjs.org/@volar%2fsource-map cache-miss
450 silly fetch manifest @volar/language-service@2.4.28
451 silly packumentCache full:https://registry.npmjs.org/@volar%2flanguage-service cache-miss
452 silly fetch manifest @volar/typescript@2.4.28
453 silly packumentCache full:https://registry.npmjs.org/@volar%2ftypescript cache-miss
454 silly fetch manifest path-browserify@^1.0.1
455 silly packumentCache full:https://registry.npmjs.org/path-browserify cache-miss
456 silly fetch manifest request-light@^0.7.0
457 silly packumentCache full:https://registry.npmjs.org/request-light cache-miss
458 http cache https://registry.npmjs.org/vscode-uri 23ms (cache hit)
459 silly packumentCache full:https://registry.npmjs.org/vscode-uri set size:81109 disposed:false
460 silly fetch manifest vscode-languageserver@^9.0.1
461 silly packumentCache full:https://registry.npmjs.org/vscode-languageserver cache-miss
462 http cache https://registry.npmjs.org/@volar%2flanguage-service 24ms (cache hit)
463 silly packumentCache full:https://registry.npmjs.org/@volar%2flanguage-service set size:493688 disposed:false
464 silly fetch manifest vscode-languageserver-protocol@^3.17.5
465 silly packumentCache full:https://registry.npmjs.org/vscode-languageserver-protocol cache-miss
466 http cache https://registry.npmjs.org/@volar%2flanguage-service 28ms (cache hit)
467 silly packumentCache full:https://registry.npmjs.org/@volar%2flanguage-service set size:493688 disposed:false
468 silly packumentCache full:https://registry.npmjs.org/@volar%2flanguage-service dispose
469 silly fetch manifest vscode-languageserver-textdocument@^1.0.11
470 silly packumentCache full:https://registry.npmjs.org/vscode-languageserver-textdocument cache-miss
471 http fetch GET 200 https://registry.npmjs.org/vscode-languageserver-protocol 44ms (cache miss)
472 silly packumentCache full:https://registry.npmjs.org/vscode-languageserver-protocol set size:undefined disposed:false
473 silly fetch manifest vscode-languageserver-textdocument@^1.0.11
474 silly packumentCache full:https://registry.npmjs.org/vscode-languageserver-textdocument cache-miss
475 http fetch GET 200 https://registry.npmjs.org/vscode-languageserver 53ms (cache miss)
476 silly packumentCache full:https://registry.npmjs.org/vscode-languageserver set size:undefined disposed:false
477 silly fetch manifest fdir@^6.5.0
478 silly packumentCache full:https://registry.npmjs.org/fdir cache-miss
479 http fetch GET 200 https://registry.npmjs.org/fdir 24ms (cache miss)
480 silly packumentCache full:https://registry.npmjs.org/fdir set size:undefined disposed:false
481 silly fetch manifest picomatch@^4.0.4
482 silly packumentCache full:https://registry.npmjs.org/picomatch cache-miss
483 http cache https://registry.npmjs.org/picomatch 2ms (cache hit)
484 silly packumentCache full:https://registry.npmjs.org/picomatch set size:134451 disposed:false
485 silly fetch manifest vscode-css-languageservice@^6.3.0
486 silly packumentCache full:https://registry.npmjs.org/vscode-css-languageservice cache-miss
487 http fetch GET 200 https://registry.npmjs.org/request-light 277ms (cache miss)
488 silly packumentCache full:https://registry.npmjs.org/request-light set size:undefined disposed:false
489 silly fetch manifest vscode-languageserver-textdocument@^1.0.11
490 silly packumentCache full:https://registry.npmjs.org/vscode-languageserver-textdocument cache-miss
491 http fetch GET 200 https://registry.npmjs.org/path-browserify 295ms (cache miss)
492 silly packumentCache full:https://registry.npmjs.org/path-browserify set size:undefined disposed:false
493 silly fetch manifest @emmetio/css-parser@^0.4.1
494 silly packumentCache full:https://registry.npmjs.org/@emmetio%2fcss-parser cache-miss
495 http fetch GET 200 https://registry.npmjs.org/yaml 301ms (cache miss)
496 silly packumentCache full:https://registry.npmjs.org/yaml set size:undefined disposed:false
497 silly fetch manifest @emmetio/html-matcher@^1.3.0
498 silly packumentCache full:https://registry.npmjs.org/@emmetio%2fhtml-matcher cache-miss
499 http fetch GET 200 https://registry.npmjs.org/vscode-languageserver-textdocument 238ms (cache miss)
500 silly packumentCache full:https://registry.npmjs.org/vscode-languageserver-textdocument set size:undefined disposed:false
501 silly fetch manifest @vscode/emmet-helper@^2.9.3
502 silly packumentCache full:https://registry.npmjs.org/@vscode%2femmet-helper cache-miss
503 http fetch GET 200 https://registry.npmjs.org/typesafe-path 313ms (cache miss)
504 silly packumentCache full:https://registry.npmjs.org/typesafe-path set size:undefined disposed:false
505 silly fetch manifest vscode-html-languageservice@^5.3.0
506 silly packumentCache full:https://registry.npmjs.org/vscode-html-languageservice cache-miss
507 http fetch GET 200 https://registry.npmjs.org/vscode-languageserver-textdocument 320ms (cache miss)
508 silly packumentCache full:https://registry.npmjs.org/vscode-languageserver-textdocument set size:undefined disposed:false
509 silly fetch manifest semver@^7.6.2
510 silly packumentCache full:https://registry.npmjs.org/semver cache-miss
511 http fetch GET 200 https://registry.npmjs.org/vscode-languageserver-textdocument 293ms (cache miss)
512 silly packumentCache full:https://registry.npmjs.org/vscode-languageserver-textdocument set size:undefined disposed:false
513 silly fetch manifest typescript-auto-import-cache@^0.3.5
514 silly packumentCache full:https://registry.npmjs.org/typescript-auto-import-cache cache-miss
515 http fetch GET 200 https://registry.npmjs.org/vscode-languageserver-textdocument 44ms (cache miss)
516 silly packumentCache full:https://registry.npmjs.org/vscode-languageserver-textdocument set size:undefined disposed:false
517 silly fetch manifest vscode-nls@^5.2.0
518 silly packumentCache full:https://registry.npmjs.org/vscode-nls cache-miss
519 http cache https://registry.npmjs.org/vscode-html-languageservice 12ms (cache hit)
520 silly packumentCache full:https://registry.npmjs.org/vscode-html-languageservice set size:522784 disposed:false
521 silly fetch manifest yaml-language-server@~1.23.0
522 silly packumentCache full:https://registry.npmjs.org/yaml-language-server cache-miss
523 http cache https://registry.npmjs.org/semver 8ms (cache hit)
524 silly packumentCache full:https://registry.npmjs.org/semver set size:246069 disposed:false
525 silly fetch manifest @vscode/l10n@^0.0.18
526 silly packumentCache full:https://registry.npmjs.org/@vscode%2fl10n cache-miss
527 http fetch GET 200 https://registry.npmjs.org/vscode-css-languageservice 314ms (cache miss)
528 silly packumentCache full:https://registry.npmjs.org/vscode-css-languageservice set size:undefined disposed:false
529 silly fetch manifest vscode-languageserver-types@^3.17.5
530 silly packumentCache full:https://registry.npmjs.org/vscode-languageserver-types cache-miss
531 http fetch GET 200 https://registry.npmjs.org/vscode-languageserver-types 26ms (cache miss)
532 silly packumentCache full:https://registry.npmjs.org/vscode-languageserver-types set size:undefined disposed:false
533 silly fetch manifest vscode-languageserver-textdocument@^1.0.12
534 silly packumentCache full:https://registry.npmjs.org/vscode-languageserver-textdocument cache-miss
535 http cache https://registry.npmjs.org/vscode-languageserver-textdocument 2ms (cache hit)
536 silly packumentCache full:https://registry.npmjs.org/vscode-languageserver-textdocument set size:73016 disposed:false
537 http fetch GET 200 https://registry.npmjs.org/vscode-nls 276ms (cache miss)
538 silly packumentCache full:https://registry.npmjs.org/vscode-nls set size:undefined disposed:false
539 http fetch GET 200 https://registry.npmjs.org/typescript-auto-import-cache 291ms (cache miss)
540 silly packumentCache full:https://registry.npmjs.org/typescript-auto-import-cache set size:undefined disposed:false
541 http fetch GET 200 https://registry.npmjs.org/yaml-language-server 385ms (cache miss)
542 silly packumentCache full:https://registry.npmjs.org/yaml-language-server set size:undefined disposed:false
543 http fetch GET 200 https://registry.npmjs.org/@volar%2ftypescript 825ms (cache miss)
544 silly packumentCache full:https://registry.npmjs.org/@volar%2ftypescript set size:undefined disposed:false
545 http fetch GET 200 https://registry.npmjs.org/@volar%2fsource-map 833ms (cache miss)
546 silly packumentCache full:https://registry.npmjs.org/@volar%2fsource-map set size:undefined disposed:false
547 http fetch GET 200 https://registry.npmjs.org/@volar%2ftypescript 839ms (cache miss)
548 silly packumentCache full:https://registry.npmjs.org/@volar%2ftypescript set size:undefined disposed:false
549 http fetch GET 200 https://registry.npmjs.org/@emmetio%2fcss-parser 758ms (cache miss)
550 silly packumentCache full:https://registry.npmjs.org/@emmetio%2fcss-parser set size:undefined disposed:false
551 http fetch GET 200 https://registry.npmjs.org/@emmetio%2fhtml-matcher 784ms (cache miss)
552 silly packumentCache full:https://registry.npmjs.org/@emmetio%2fhtml-matcher set size:undefined disposed:false
553 http fetch GET 200 https://registry.npmjs.org/@vscode%2fl10n 787ms (cache miss)
554 silly packumentCache full:https://registry.npmjs.org/@vscode%2fl10n set size:undefined disposed:false
555 http fetch GET 200 https://registry.npmjs.org/@vscode%2femmet-helper 1054ms (cache miss)
556 silly packumentCache full:https://registry.npmjs.org/@vscode%2femmet-helper set size:undefined disposed:false
557 silly placeDep ROOT yaml@2.9.0 OK for: @astrojs/yaml2ts@0.2.4 want: ^2.8.3
558 silly placeDep ROOT @volar/typescript@2.4.28 OK for: @volar/kit@2.4.28 want: 2.4.28
559 silly placeDep ROOT typesafe-path@0.2.2 OK for: @volar/kit@2.4.28 want: ^0.2.2
560 silly placeDep ROOT vscode-languageserver-textdocument@1.0.14 OK for: @volar/kit@2.4.28 want: ^1.0.11
561 silly placeDep ROOT @volar/source-map@2.4.28 OK for: @volar/language-core@2.4.28 want: 2.4.28
562 silly placeDep ROOT path-browserify@1.0.1 OK for: @volar/language-server@2.4.28 want: ^1.0.1
563 silly placeDep ROOT request-light@0.7.0 OK for: @volar/language-server@2.4.28 want: ^0.7.0
564 silly placeDep ROOT vscode-languageserver@9.0.1 OK for: @volar/language-server@2.4.28 want: ^9.0.1
565 silly placeDep ROOT vscode-languageserver-protocol@3.18.3 OK for: @volar/language-server@2.4.28 want: ^3.17.5
566 silly fetch manifest vscode-languageserver-protocol@3.17.5
567 silly packumentCache full:https://registry.npmjs.org/vscode-languageserver-protocol cache-miss
568 silly fetch manifest vscode-jsonrpc@9.0.2
569 silly packumentCache full:https://registry.npmjs.org/vscode-jsonrpc cache-miss
570 silly fetch manifest vscode-languageserver-types@3.18.3
571 silly packumentCache full:https://registry.npmjs.org/vscode-languageserver-types cache-miss
572 http cache https://registry.npmjs.org/vscode-languageserver-types 3ms (cache hit)
573 silly packumentCache full:https://registry.npmjs.org/vscode-languageserver-types set size:318170 disposed:false
574 http cache https://registry.npmjs.org/vscode-languageserver-protocol 5ms (cache hit)
575 silly packumentCache full:https://registry.npmjs.org/vscode-languageserver-protocol set size:515001 disposed:false
576 http fetch GET 200 https://registry.npmjs.org/vscode-jsonrpc 303ms (cache miss)
577 silly packumentCache full:https://registry.npmjs.org/vscode-jsonrpc set size:undefined disposed:false
578 silly fetch manifest @types/node@^18.0.0 || ^20.0.0 || >=22.0.0
579 silly packumentCache full:https://registry.npmjs.org/@types%2fnode cache-miss
580 http fetch GET 200 https://registry.npmjs.org/@types%2fnode 236ms (cache miss)
581 silly packumentCache full:https://registry.npmjs.org/@types%2fnode set size:undefined disposed:false
582 silly fetch manifest jiti@>=1.21.0
583 silly packumentCache full:https://registry.npmjs.org/jiti cache-miss
584 http fetch GET 200 https://registry.npmjs.org/jiti 59ms (cache miss)
585 silly packumentCache full:https://registry.npmjs.org/jiti set size:undefined disposed:false
586 silly fetch manifest less@*
587 silly packumentCache full:https://registry.npmjs.org/less cache-miss
588 http fetch GET 200 https://registry.npmjs.org/less 33ms (cache miss)
589 silly packumentCache full:https://registry.npmjs.org/less set size:undefined disposed:false
590 silly fetch manifest lightningcss@^1.21.0
591 silly packumentCache full:https://registry.npmjs.org/lightningcss cache-miss
592 http fetch GET 200 https://registry.npmjs.org/lightningcss 25ms (cache miss)
593 silly packumentCache full:https://registry.npmjs.org/lightningcss set size:undefined disposed:false
594 silly fetch manifest sass@*
595 silly packumentCache full:https://registry.npmjs.org/sass cache-miss
596 http fetch GET 200 https://registry.npmjs.org/sass 55ms (cache miss)
597 silly packumentCache full:https://registry.npmjs.org/sass set size:undefined disposed:false
598 silly fetch manifest sass-embedded@*
599 silly packumentCache full:https://registry.npmjs.org/sass-embedded cache-miss
600 http fetch GET 200 https://registry.npmjs.org/sass-embedded 52ms (cache miss)
601 silly packumentCache full:https://registry.npmjs.org/sass-embedded set size:undefined disposed:false
602 silly fetch manifest stylus@*
603 silly packumentCache full:https://registry.npmjs.org/stylus cache-miss
604 http fetch GET 200 https://registry.npmjs.org/stylus 32ms (cache miss)
605 silly packumentCache full:https://registry.npmjs.org/stylus set size:undefined disposed:false
606 silly fetch manifest sugarss@*
607 silly packumentCache full:https://registry.npmjs.org/sugarss cache-miss
608 http fetch GET 200 https://registry.npmjs.org/sugarss 20ms (cache miss)
609 silly packumentCache full:https://registry.npmjs.org/sugarss set size:undefined disposed:false
610 silly fetch manifest postcss@^8.3.3
611 silly packumentCache full:https://registry.npmjs.org/postcss cache-miss
612 http fetch GET 200 https://registry.npmjs.org/postcss 42ms (cache miss)
613 silly packumentCache full:https://registry.npmjs.org/postcss set size:undefined disposed:false
614 silly fetch manifest terser@^5.16.0
615 silly packumentCache full:https://registry.npmjs.org/terser cache-miss
616 http fetch GET 200 https://registry.npmjs.org/terser 301ms (cache miss)
617 silly packumentCache full:https://registry.npmjs.org/terser set size:undefined disposed:false
618 silly fetch manifest tsx@^4.8.1
619 silly packumentCache full:https://registry.npmjs.org/tsx cache-miss
620 http fetch GET 200 https://registry.npmjs.org/tsx 29ms (cache miss)
621 silly packumentCache full:https://registry.npmjs.org/tsx set size:undefined disposed:false
622 silly fetch manifest yaml@^2.4.2
623 silly packumentCache full:https://registry.npmjs.org/yaml cache-miss
624 http cache https://registry.npmjs.org/yaml 2ms (cache hit)
625 silly packumentCache full:https://registry.npmjs.org/yaml set size:385754 disposed:false
626 silly fetch manifest typescript@^5.0.0
627 silly packumentCache full:https://registry.npmjs.org/typescript cache-miss
628 http cache https://registry.npmjs.org/typescript 20ms (cache hit)
629 silly packumentCache full:https://registry.npmjs.org/typescript set size:15639539 disposed:false
630 silly fetch manifest @azure/app-configuration@^1.8.0
631 silly packumentCache full:https://registry.npmjs.org/@azure%2fapp-configuration cache-miss
632 http fetch GET 200 https://registry.npmjs.org/@azure%2fapp-configuration 859ms (cache miss)
633 silly packumentCache full:https://registry.npmjs.org/@azure%2fapp-configuration set size:undefined disposed:false
634 silly fetch manifest @azure/cosmos@^4.2.0
635 silly packumentCache full:https://registry.npmjs.org/@azure%2fcosmos cache-miss
636 http fetch GET 200 https://registry.npmjs.org/@azure%2fcosmos 904ms (cache miss)
637 silly packumentCache full:https://registry.npmjs.org/@azure%2fcosmos set size:undefined disposed:false
638 silly fetch manifest @azure/data-tables@^13.3.0
639 silly packumentCache full:https://registry.npmjs.org/@azure%2fdata-tables cache-miss
640 http fetch GET 200 https://registry.npmjs.org/@azure%2fdata-tables 837ms (cache miss)
641 silly packumentCache full:https://registry.npmjs.org/@azure%2fdata-tables set size:undefined disposed:false
642 silly fetch manifest @azure/identity@^4.6.0
643 silly packumentCache full:https://registry.npmjs.org/@azure%2fidentity cache-miss
644 http fetch GET 200 https://registry.npmjs.org/@azure%2fidentity 636ms (cache miss)
645 silly packumentCache full:https://registry.npmjs.org/@azure%2fidentity set size:undefined disposed:false
646 silly fetch manifest @azure/keyvault-secrets@^4.9.0
647 silly packumentCache full:https://registry.npmjs.org/@azure%2fkeyvault-secrets cache-miss
648 http fetch GET 200 https://registry.npmjs.org/@azure%2fkeyvault-secrets 1213ms (cache miss)
649 silly packumentCache full:https://registry.npmjs.org/@azure%2fkeyvault-secrets set size:undefined disposed:false
650 silly fetch manifest @azure/storage-blob@^12.26.0
651 silly packumentCache full:https://registry.npmjs.org/@azure%2fstorage-blob cache-miss
652 http fetch GET 200 https://registry.npmjs.org/@azure%2fstorage-blob 857ms (cache miss)
653 silly packumentCache full:https://registry.npmjs.org/@azure%2fstorage-blob set size:undefined disposed:false
654 silly fetch manifest @capacitor/preferences@^6 || ^7 || ^8
655 silly packumentCache full:https://registry.npmjs.org/@capacitor%2fpreferences cache-miss
656 http fetch GET 200 https://registry.npmjs.org/@capacitor%2fpreferences 3483ms (cache miss)
657 silly packumentCache full:https://registry.npmjs.org/@capacitor%2fpreferences set size:undefined disposed:false
658 silly fetch manifest @capacitor/core@>=8.0.0
659 silly packumentCache full:https://registry.npmjs.org/@capacitor%2fcore cache-miss
660 http fetch GET 200 https://registry.npmjs.org/@capacitor%2fcore 834ms (cache miss)
661 silly packumentCache full:https://registry.npmjs.org/@capacitor%2fcore set size:undefined disposed:false
662 silly fetch manifest @deno/kv@>=0.9.0
663 silly packumentCache full:https://registry.npmjs.org/@deno%2fkv cache-miss
664 http fetch GET 200 https://registry.npmjs.org/@deno%2fkv 808ms (cache miss)
665 silly packumentCache full:https://registry.npmjs.org/@deno%2fkv set size:undefined disposed:false
666 silly fetch manifest @netlify/blobs@^6.5.0 || ^7.0.0 || ^8.1.0 || ^9.0.0 || ^10.0.0
667 silly packumentCache full:https://registry.npmjs.org/@netlify%2fblobs cache-miss
668 http fetch GET 200 https://registry.npmjs.org/@netlify%2fblobs 775ms (cache miss)
669 silly packumentCache full:https://registry.npmjs.org/@netlify%2fblobs set size:undefined disposed:false
670 silly fetch manifest @planetscale/database@^1.19.0
671 silly packumentCache full:https://registry.npmjs.org/@planetscale%2fdatabase cache-miss
672 http fetch GET 200 https://registry.npmjs.org/@planetscale%2fdatabase 532ms (cache miss)
673 silly packumentCache full:https://registry.npmjs.org/@planetscale%2fdatabase set size:undefined disposed:false
674 silly fetch manifest @upstash/redis@^1.34.3
675 silly packumentCache full:https://registry.npmjs.org/@upstash%2fredis cache-miss
676 http fetch GET 200 https://registry.npmjs.org/@upstash%2fredis 875ms (cache miss)
677 silly packumentCache full:https://registry.npmjs.org/@upstash%2fredis set size:undefined disposed:false
678 silly fetch manifest @vercel/blob@>=0.27.1
679 silly packumentCache full:https://registry.npmjs.org/@vercel%2fblob cache-miss
680 http fetch GET 200 https://registry.npmjs.org/@vercel%2fblob 778ms (cache miss)
681 silly packumentCache full:https://registry.npmjs.org/@vercel%2fblob set size:undefined disposed:false
682 silly fetch manifest @vercel/functions@^2.2.12 || ^3.0.0
683 silly packumentCache full:https://registry.npmjs.org/@vercel%2ffunctions cache-miss
684 http fetch GET 200 https://registry.npmjs.org/@vercel%2ffunctions 810ms (cache miss)
685 silly packumentCache full:https://registry.npmjs.org/@vercel%2ffunctions set size:undefined disposed:false
686 silly fetch manifest @aws-sdk/credential-provider-web-identity@*
687 silly packumentCache full:https://registry.npmjs.org/@aws-sdk%2fcredential-provider-web-identity cache-miss
688 http fetch GET 200 https://registry.npmjs.org/@aws-sdk%2fcredential-provider-web-identity 539ms (cache miss)
689 silly packumentCache full:https://registry.npmjs.org/@aws-sdk%2fcredential-provider-web-identity set size:undefined disposed:false
690 silly fetch manifest ws@>=8
691 silly packumentCache full:https://registry.npmjs.org/ws cache-miss
692 http fetch GET 200 https://registry.npmjs.org/ws 31ms (cache miss)
693 silly packumentCache full:https://registry.npmjs.org/ws set size:undefined disposed:false
694 silly fetch manifest bufferutil@^4.0.1
695 silly packumentCache full:https://registry.npmjs.org/bufferutil cache-miss
696 http fetch GET 200 https://registry.npmjs.org/bufferutil 20ms (cache miss)
697 silly packumentCache full:https://registry.npmjs.org/bufferutil set size:undefined disposed:false
698 silly fetch manifest utf-8-validate@>=5.0.2
699 silly packumentCache full:https://registry.npmjs.org/utf-8-validate cache-miss
700 http fetch GET 200 https://registry.npmjs.org/utf-8-validate 24ms (cache miss)
701 silly packumentCache full:https://registry.npmjs.org/utf-8-validate set size:undefined disposed:false
702 silly fetch manifest @vercel/kv@^1 || ^2 || ^3
703 silly packumentCache full:https://registry.npmjs.org/@vercel%2fkv cache-miss
704 http fetch GET 200 https://registry.npmjs.org/@vercel%2fkv 741ms (cache miss)
705 silly packumentCache full:https://registry.npmjs.org/@vercel%2fkv set size:undefined disposed:false
706 silly fetch manifest aws4fetch@^1.0.20
707 silly packumentCache full:https://registry.npmjs.org/aws4fetch cache-miss
708 http fetch GET 200 https://registry.npmjs.org/aws4fetch 266ms (cache miss)
709 silly packumentCache full:https://registry.npmjs.org/aws4fetch set size:undefined disposed:false
710 silly fetch manifest db0@>=0.2.1
711 silly packumentCache full:https://registry.npmjs.org/db0 cache-miss
712 http fetch GET 200 https://registry.npmjs.org/db0 284ms (cache miss)
713 silly packumentCache full:https://registry.npmjs.org/db0 set size:undefined disposed:false
714 silly fetch manifest idb-keyval@^6.2.1
715 silly packumentCache full:https://registry.npmjs.org/idb-keyval cache-miss
716 http fetch GET 200 https://registry.npmjs.org/idb-keyval 289ms (cache miss)
717 silly packumentCache full:https://registry.npmjs.org/idb-keyval set size:undefined disposed:false
718 silly fetch manifest ioredis@^5.4.2
719 silly packumentCache full:https://registry.npmjs.org/ioredis cache-miss
720 http fetch GET 200 https://registry.npmjs.org/ioredis 316ms (cache miss)
721 silly packumentCache full:https://registry.npmjs.org/ioredis set size:undefined disposed:false
722 silly fetch manifest uploadthing@^7.4.4
723 silly packumentCache full:https://registry.npmjs.org/uploadthing cache-miss
724 http fetch GET 200 https://registry.npmjs.org/uploadthing 314ms (cache miss)
725 silly packumentCache full:https://registry.npmjs.org/uploadthing set size:undefined disposed:false
726 silly fetch manifest express@*
727 silly packumentCache full:https://registry.npmjs.org/express cache-miss
728 http fetch GET 200 https://registry.npmjs.org/express 41ms (cache miss)
729 silly packumentCache full:https://registry.npmjs.org/express set size:undefined disposed:false
730 silly fetch manifest h3@*
731 silly packumentCache full:https://registry.npmjs.org/h3 cache-miss
732 http fetch GET 200 https://registry.npmjs.org/h3 787ms (cache miss)
733 silly packumentCache full:https://registry.npmjs.org/h3 set size:undefined disposed:false
734 silly fetch manifest crossws@^0.4.12
735 silly packumentCache full:https://registry.npmjs.org/crossws cache-miss
736 http fetch GET 200 https://registry.npmjs.org/crossws 292ms (cache miss)
737 silly packumentCache full:https://registry.npmjs.org/crossws set size:undefined disposed:false
738 silly fetch manifest srvx@>=0.11.5
739 silly packumentCache full:https://registry.npmjs.org/srvx cache-miss
740 http fetch GET 200 https://registry.npmjs.org/srvx 25ms (cache miss)
741 silly packumentCache full:https://registry.npmjs.org/srvx set size:undefined disposed:false
742 silly fetch manifest ocache@>=0.3.0
743 silly packumentCache full:https://registry.npmjs.org/ocache cache-miss
744 http fetch GET 200 https://registry.npmjs.org/ocache 273ms (cache miss)
745 silly packumentCache full:https://registry.npmjs.org/ocache set size:undefined disposed:false
746 silly fetch manifest tailwindcss@^3.0.0 || ^4.0.0-beta.0
747 silly packumentCache full:https://registry.npmjs.org/tailwindcss cache-miss
748 http fetch GET 200 https://registry.npmjs.org/tailwindcss 262ms (cache miss)
749 silly packumentCache full:https://registry.npmjs.org/tailwindcss set size:undefined disposed:false
750 silly fetch manifest typescript@^4.9.4 || ^5.0.2
751 silly packumentCache full:https://registry.npmjs.org/typescript cache-miss
752 http cache https://registry.npmjs.org/typescript 24ms (cache hit)
753 silly packumentCache full:https://registry.npmjs.org/typescript set size:15639539 disposed:false
754 silly fetch manifest rollup@^1.20.0||^2.0.0||^3.0.0||^4.0.0
755 silly packumentCache full:https://registry.npmjs.org/rollup cache-miss
756 http fetch GET 200 https://registry.npmjs.org/rollup 103ms (cache miss)
757 silly packumentCache full:https://registry.npmjs.org/rollup set size:undefined disposed:false
758 silly placeDep ROOT @astrojs/internal-helpers@0.7.6 OK for: astro@5.18.2 want: 0.7.6
759 silly placeDep ROOT @astrojs/markdown-remark@6.3.11 OK for: astro@5.18.2 want: 6.3.11
760 silly placeDep ROOT @astrojs/telemetry@3.3.0 OK for: astro@5.18.2 want: 3.3.0
761 silly placeDep ROOT @capsizecss/unpack@4.0.1 OK for: astro@5.18.2 want: ^4.0.0
762 silly placeDep ROOT @oslojs/encoding@1.1.0 OK for: astro@5.18.2 want: ^1.1.0
763 silly placeDep ROOT @rollup/pluginutils@5.4.0 OK for: astro@5.18.2 want: ^5.3.0
764 silly placeDep ROOT acorn@8.18.0 OK for: astro@5.18.2 want: ^8.15.0
765 silly placeDep ROOT aria-query@5.3.2 OK for: astro@5.18.2 want: ^5.3.2
766 silly placeDep ROOT axobject-query@4.1.0 OK for: astro@5.18.2 want: ^4.1.0
767 silly placeDep ROOT boxen@8.0.1 OK for: astro@5.18.2 want: 8.0.1
768 silly placeDep ROOT ci-info@4.4.0 OK for: astro@5.18.2 want: ^4.3.1
769 silly placeDep ROOT clsx@2.1.1 OK for: astro@5.18.2 want: ^2.1.1
770 silly placeDep ROOT common-ancestor-path@1.0.1 OK for: astro@5.18.2 want: ^1.0.1
771 silly placeDep ROOT cookie@1.1.1 OK for: astro@5.18.2 want: ^1.1.1
772 silly placeDep ROOT cssesc@3.0.0 OK for: astro@5.18.2 want: ^3.0.0
773 silly placeDep ROOT debug@4.4.3 OK for: astro@5.18.2 want: ^4.4.3
774 silly placeDep ROOT deterministic-object-hash@2.0.2 OK for: astro@5.18.2 want: ^2.0.2
775 silly placeDep ROOT devalue@5.9.2 OK for: astro@5.18.2 want: ^5.6.2
776 silly placeDep ROOT diff@8.0.4 OK for: astro@5.18.2 want: ^8.0.3
777 silly placeDep ROOT dlv@1.1.3 OK for: astro@5.18.2 want: ^1.1.3
778 silly placeDep ROOT dset@3.1.4 OK for: astro@5.18.2 want: ^3.1.4
779 silly placeDep ROOT es-module-lexer@1.7.0 OK for: astro@5.18.2 want: ^1.7.0
780 silly placeDep ROOT esbuild@0.27.7 OK for: astro@5.18.2 want: ^0.27.3
781 silly placeDep ROOT estree-walker@3.0.3 OK for: astro@5.18.2 want: ^3.0.3
782 silly placeDep ROOT flattie@1.1.1 OK for: astro@5.18.2 want: ^1.1.1
783 silly placeDep ROOT fontace@0.4.1 OK for: astro@5.18.2 want: ~0.4.0
784 silly placeDep ROOT github-slugger@2.0.0 OK for: astro@5.18.2 want: ^2.0.0
785 silly placeDep ROOT html-escaper@3.0.3 OK for: astro@5.18.2 want: 3.0.3
786 silly placeDep ROOT http-cache-semantics@4.2.0 OK for: astro@5.18.2 want: ^4.2.0
787 silly placeDep ROOT import-meta-resolve@4.2.0 OK for: astro@5.18.2 want: ^4.2.0
788 silly placeDep ROOT js-yaml@4.3.2 OK for: astro@5.18.2 want: ^4.1.1
789 silly placeDep ROOT magic-string@0.30.21 OK for: astro@5.18.2 want: ^0.30.21
790 silly placeDep ROOT magicast@0.5.4 OK for: astro@5.18.2 want: ^0.5.1
791 silly placeDep ROOT mrmime@2.0.1 OK for: astro@5.18.2 want: ^2.0.1
792 silly placeDep ROOT neotraverse@0.6.18 OK for: astro@5.18.2 want: ^0.6.18
793 silly placeDep ROOT p-limit@6.2.0 OK for: astro@5.18.2 want: ^6.2.0
794 silly placeDep ROOT p-queue@8.1.1 OK for: astro@5.18.2 want: ^8.1.1
795 silly placeDep ROOT package-manager-detector@1.8.0 OK for: astro@5.18.2 want: ^1.6.0
796 silly placeDep ROOT piccolore@0.1.3 OK for: astro@5.18.2 want: ^0.1.3
797 silly placeDep ROOT picomatch@4.0.7 OK for: astro@5.18.2 want: ^4.0.3
798 silly placeDep ROOT prompts@2.4.2 OK for: astro@5.18.2 want: ^2.4.2
799 silly placeDep ROOT rehype@13.0.2 OK for: astro@5.18.2 want: ^13.0.2
800 silly placeDep ROOT semver@7.8.5 OK for: astro@5.18.2 want: ^7.7.3
801 silly placeDep ROOT sharp@0.34.5 OK for: astro@5.18.2 want: ^0.34.0
802 silly placeDep ROOT shiki@3.23.0 OK for: astro@5.18.2 want: ^3.21.0
803 silly placeDep ROOT smol-toml@1.8.0 OK for: astro@5.18.2 want: ^1.6.0
804 silly placeDep ROOT svgo@4.1.0 OK for: astro@5.18.2 want: ^4.0.0
805 silly placeDep ROOT tinyexec@1.3.1 OK for: astro@5.18.2 want: ^1.0.2
806 silly placeDep ROOT tsconfck@3.1.6 OK for: astro@5.18.2 want: ^3.1.6
807 silly placeDep ROOT ultrahtml@1.7.0 OK for: astro@5.18.2 want: ^1.6.0
808 silly placeDep ROOT unifont@0.7.5 OK for: astro@5.18.2 want: ~0.7.3
809 silly placeDep ROOT unist-util-visit@5.1.0 OK for: astro@5.18.2 want: ^5.0.0
810 silly placeDep ROOT unstorage@1.17.5 OK for: astro@5.18.2 want: ^1.17.4
811 silly placeDep ROOT vfile@6.0.3 OK for: astro@5.18.2 want: ^6.0.3
812 silly placeDep ROOT vite@6.4.3 OK for: astro@5.18.2 want: ^6.4.1
813 silly placeDep ROOT vitefu@1.1.3 OK for: astro@5.18.2 want: ^1.1.1
814 silly placeDep ROOT xxhash-wasm@1.1.0 OK for: astro@5.18.2 want: ^1.1.0
815 silly placeDep ROOT yargs-parser@21.1.1 OK for: astro@5.18.2 want: ^21.1.1
816 silly placeDep ROOT yocto-spinner@0.2.3 OK for: astro@5.18.2 want: ^0.2.3
817 silly placeDep ROOT zod@3.25.76 OK for: astro@5.18.2 want: ^3.25.76
818 silly placeDep ROOT zod-to-json-schema@3.25.2 OK for: astro@5.18.2 want: ^3.25.1
819 silly placeDep ROOT zod-to-ts@1.2.0 OK for: astro@5.18.2 want: ^1.2.0
820 silly fetch manifest unified@^11.0.5
821 silly packumentCache full:https://registry.npmjs.org/unified cache-miss
822 silly fetch manifest rehype-raw@^7.0.0
823 silly packumentCache full:https://registry.npmjs.org/rehype-raw cache-miss
824 silly fetch manifest remark-gfm@^4.0.1
825 silly packumentCache full:https://registry.npmjs.org/remark-gfm cache-miss
826 silly fetch manifest remark-parse@^11.0.0
827 silly packumentCache full:https://registry.npmjs.org/remark-parse cache-miss
828 silly fetch manifest remark-rehype@^11.1.2
829 silly packumentCache full:https://registry.npmjs.org/remark-rehype cache-miss
830 silly fetch manifest @astrojs/prism@3.3.0
831 silly packumentCache full:https://registry.npmjs.org/@astrojs%2fprism cache-miss
832 silly fetch manifest rehype-stringify@^10.0.1
833 silly packumentCache full:https://registry.npmjs.org/rehype-stringify cache-miss
834 silly fetch manifest hast-util-to-text@^4.0.2
835 silly packumentCache full:https://registry.npmjs.org/hast-util-to-text cache-miss
836 silly fetch manifest remark-smartypants@^3.0.2
837 silly packumentCache full:https://registry.npmjs.org/remark-smartypants cache-miss
838 silly fetch manifest hast-util-from-html@^2.0.3
839 silly packumentCache full:https://registry.npmjs.org/hast-util-from-html cache-miss
840 silly fetch manifest mdast-util-definitions@^6.0.0
841 silly packumentCache full:https://registry.npmjs.org/mdast-util-definitions cache-miss
842 http fetch GET 200 https://registry.npmjs.org/rehype-stringify 259ms (cache miss)
843 silly packumentCache full:https://registry.npmjs.org/rehype-stringify set size:undefined disposed:false
844 silly fetch manifest unist-util-visit-parents@^6.0.2
845 silly packumentCache full:https://registry.npmjs.org/unist-util-visit-parents cache-miss
846 http fetch GET 200 https://registry.npmjs.org/rehype-raw 263ms (cache miss)
847 silly packumentCache full:https://registry.npmjs.org/rehype-raw set size:undefined disposed:false
848 silly fetch manifest unist-util-remove-position@^5.0.0
849 silly packumentCache full:https://registry.npmjs.org/unist-util-remove-position cache-miss
850 http fetch GET 200 https://registry.npmjs.org/remark-parse 277ms (cache miss)
851 silly packumentCache full:https://registry.npmjs.org/remark-parse set size:undefined disposed:false
852 silly fetch manifest debug@^4.4.0
853 silly packumentCache full:https://registry.npmjs.org/debug cache-miss
854 http cache https://registry.npmjs.org/debug 2ms (cache hit)
855 silly packumentCache full:https://registry.npmjs.org/debug set size:195840 disposed:false
856 silly fetch manifest is-wsl@^3.1.0
857 silly packumentCache full:https://registry.npmjs.org/is-wsl cache-miss
858 http fetch GET 200 https://registry.npmjs.org/mdast-util-definitions 285ms (cache miss)
859 silly packumentCache full:https://registry.npmjs.org/mdast-util-definitions set size:undefined disposed:false
860 silly fetch manifest ci-info@^4.2.0
861 silly packumentCache full:https://registry.npmjs.org/ci-info cache-miss
862 http cache https://registry.npmjs.org/ci-info 3ms (cache hit)
863 silly packumentCache full:https://registry.npmjs.org/ci-info set size:91363 disposed:false
864 silly fetch manifest is-docker@^3.0.0
865 silly packumentCache full:https://registry.npmjs.org/is-docker cache-miss
866 http fetch GET 200 https://registry.npmjs.org/remark-smartypants 292ms (cache miss)
867 silly packumentCache full:https://registry.npmjs.org/remark-smartypants set size:undefined disposed:false
868 silly fetch manifest which-pm-runs@^1.1.0
869 silly packumentCache full:https://registry.npmjs.org/which-pm-runs cache-miss
870 http fetch GET 200 https://registry.npmjs.org/hast-util-from-html 299ms (cache miss)
871 silly packumentCache full:https://registry.npmjs.org/hast-util-from-html set size:undefined disposed:false
872 silly fetch manifest fontkitten@^1.0.3
873 silly packumentCache full:https://registry.npmjs.org/fontkitten cache-miss
874 http fetch GET 200 https://registry.npmjs.org/unified 302ms (cache miss)
875 silly packumentCache full:https://registry.npmjs.org/unified set size:undefined disposed:false
876 silly fetch manifest @types/estree@^1.0.0
877 silly packumentCache full:https://registry.npmjs.org/@types%2festree cache-miss
878 http fetch GET 200 https://registry.npmjs.org/remark-rehype 306ms (cache miss)
879 silly packumentCache full:https://registry.npmjs.org/remark-rehype set size:undefined disposed:false
880 silly fetch manifest estree-walker@^2.0.2
881 silly packumentCache full:https://registry.npmjs.org/estree-walker cache-miss
882 http fetch GET 200 https://registry.npmjs.org/hast-util-to-text 308ms (cache miss)
883 silly packumentCache full:https://registry.npmjs.org/hast-util-to-text set size:undefined disposed:false
884 silly fetch manifest picomatch@^4.0.2
885 silly packumentCache full:https://registry.npmjs.org/picomatch cache-hit
886 silly fetch manifest ansi-align@^3.0.1
887 silly packumentCache full:https://registry.npmjs.org/ansi-align cache-miss
888 http fetch GET 200 https://registry.npmjs.org/is-wsl 30ms (cache miss)
889 silly packumentCache full:https://registry.npmjs.org/is-wsl set size:undefined disposed:false
890 silly fetch manifest camelcase@^8.0.0
891 silly packumentCache full:https://registry.npmjs.org/camelcase cache-miss
892 http cache https://registry.npmjs.org/estree-walker 7ms (cache hit)
893 silly packumentCache full:https://registry.npmjs.org/estree-walker set size:60887 disposed:false
894 silly fetch manifest chalk@^5.3.0
895 silly packumentCache full:https://registry.npmjs.org/chalk cache-miss
896 http fetch GET 200 https://registry.npmjs.org/is-docker 24ms (cache miss)
897 silly packumentCache full:https://registry.npmjs.org/is-docker set size:undefined disposed:false
898 silly fetch manifest cli-boxes@^3.0.0
899 silly packumentCache full:https://registry.npmjs.org/cli-boxes cache-miss
900 http fetch GET 200 https://registry.npmjs.org/@types%2festree 26ms (cache miss)
901 silly packumentCache full:https://registry.npmjs.org/@types%2festree set size:undefined disposed:false
902 silly fetch manifest string-width@^7.2.0
903 silly packumentCache full:https://registry.npmjs.org/string-width cache-miss
904 http cache https://registry.npmjs.org/string-width 3ms (cache hit)
905 silly packumentCache full:https://registry.npmjs.org/string-width set size:72458 disposed:false
906 silly fetch manifest type-fest@^4.21.0
907 silly packumentCache full:https://registry.npmjs.org/type-fest cache-miss
908 http fetch GET 200 https://registry.npmjs.org/camelcase 23ms (cache miss)
909 silly packumentCache full:https://registry.npmjs.org/camelcase set size:undefined disposed:false
910 silly fetch manifest widest-line@^5.0.0
911 silly packumentCache full:https://registry.npmjs.org/widest-line cache-miss
912 http fetch GET 200 https://registry.npmjs.org/cli-boxes 20ms (cache miss)
913 silly packumentCache full:https://registry.npmjs.org/cli-boxes set size:undefined disposed:false
914 silly fetch manifest wrap-ansi@^9.0.0
915 silly packumentCache full:https://registry.npmjs.org/wrap-ansi cache-miss
916 http fetch GET 200 https://registry.npmjs.org/chalk 28ms (cache miss)
917 silly packumentCache full:https://registry.npmjs.org/chalk set size:undefined disposed:false
918 silly fetch manifest ms@^2.1.3
919 silly packumentCache full:https://registry.npmjs.org/ms cache-miss
920 http fetch GET 200 https://registry.npmjs.org/wrap-ansi 17ms (cache miss)
921 silly packumentCache full:https://registry.npmjs.org/wrap-ansi set size:undefined disposed:false
922 silly fetch manifest base-64@^1.0.0
923 silly packumentCache full:https://registry.npmjs.org/base-64 cache-miss
924 http fetch GET 200 https://registry.npmjs.org/widest-line 20ms (cache miss)
925 silly packumentCache full:https://registry.npmjs.org/widest-line set size:undefined disposed:false
926 silly fetch manifest @esbuild/aix-ppc64@0.27.7
927 silly packumentCache full:https://registry.npmjs.org/@esbuild%2faix-ppc64 cache-miss
928 http fetch GET 200 https://registry.npmjs.org/ms 20ms (cache miss)
929 silly packumentCache full:https://registry.npmjs.org/ms set size:undefined disposed:false
930 silly fetch manifest @esbuild/linux-arm@0.27.7
931 silly packumentCache full:https://registry.npmjs.org/@esbuild%2flinux-arm cache-miss
932 http fetch GET 200 https://registry.npmjs.org/@esbuild%2flinux-arm 33ms (cache miss)
933 silly packumentCache full:https://registry.npmjs.org/@esbuild%2flinux-arm set size:undefined disposed:false
934 silly fetch manifest @esbuild/linux-x64@0.27.7
935 silly packumentCache full:https://registry.npmjs.org/@esbuild%2flinux-x64 cache-miss
936 http fetch GET 200 https://registry.npmjs.org/@esbuild%2flinux-x64 35ms (cache miss)
937 silly packumentCache full:https://registry.npmjs.org/@esbuild%2flinux-x64 set size:undefined disposed:false
938 silly fetch manifest @esbuild/sunos-x64@0.27.7
939 silly packumentCache full:https://registry.npmjs.org/@esbuild%2fsunos-x64 cache-miss
940 http fetch GET 200 https://registry.npmjs.org/unist-util-visit-parents 280ms (cache miss)
941 silly packumentCache full:https://registry.npmjs.org/unist-util-visit-parents set size:undefined disposed:false
942 silly fetch manifest @esbuild/win32-x64@0.27.7
943 silly packumentCache full:https://registry.npmjs.org/@esbuild%2fwin32-x64 cache-miss
944 http fetch GET 200 https://registry.npmjs.org/unist-util-remove-position 283ms (cache miss)
945 silly packumentCache full:https://registry.npmjs.org/unist-util-remove-position set size:undefined disposed:false
946 silly fetch manifest @esbuild/darwin-x64@0.27.7
947 silly packumentCache full:https://registry.npmjs.org/@esbuild%2fdarwin-x64 cache-miss
948 http fetch GET 200 https://registry.npmjs.org/fontkitten 270ms (cache miss)
949 silly packumentCache full:https://registry.npmjs.org/fontkitten set size:undefined disposed:false
950 silly fetch manifest @esbuild/linux-ia32@0.27.7
951 silly packumentCache full:https://registry.npmjs.org/@esbuild%2flinux-ia32 cache-miss
952 http fetch GET 200 https://registry.npmjs.org/which-pm-runs 283ms (cache miss)
953 silly packumentCache full:https://registry.npmjs.org/which-pm-runs set size:undefined disposed:false
954 silly fetch manifest @esbuild/netbsd-x64@0.27.7
955 silly packumentCache full:https://registry.npmjs.org/@esbuild%2fnetbsd-x64 cache-miss
956 http fetch GET 200 https://registry.npmjs.org/ansi-align 294ms (cache miss)
957 silly packumentCache full:https://registry.npmjs.org/ansi-align set size:undefined disposed:false
958 silly fetch manifest @esbuild/win32-ia32@0.27.7
959 silly packumentCache full:https://registry.npmjs.org/@esbuild%2fwin32-ia32 cache-miss
960 http fetch GET 200 https://registry.npmjs.org/base-64 271ms (cache miss)
961 silly packumentCache full:https://registry.npmjs.org/base-64 set size:undefined disposed:false
962 silly fetch manifest @esbuild/android-arm@0.27.7
963 silly packumentCache full:https://registry.npmjs.org/@esbuild%2fandroid-arm cache-miss
964 http fetch GET 200 https://registry.npmjs.org/type-fest 308ms (cache miss)
965 silly packumentCache full:https://registry.npmjs.org/type-fest set size:undefined disposed:false
966 silly fetch manifest @esbuild/android-x64@0.27.7
967 silly packumentCache full:https://registry.npmjs.org/@esbuild%2fandroid-x64 cache-miss
968 http fetch GET 200 https://registry.npmjs.org/@esbuild%2fandroid-x64 34ms (cache miss)
969 silly packumentCache full:https://registry.npmjs.org/@esbuild%2fandroid-x64 set size:undefined disposed:false
970 silly fetch manifest @esbuild/freebsd-x64@0.27.7
971 silly packumentCache full:https://registry.npmjs.org/@esbuild%2ffreebsd-x64 cache-miss
972 http fetch GET 200 https://registry.npmjs.org/@esbuild%2fsunos-x64 273ms (cache miss)
973 silly packumentCache full:https://registry.npmjs.org/@esbuild%2fsunos-x64 set size:undefined disposed:false
974 silly fetch manifest @esbuild/linux-arm64@0.27.7
975 silly packumentCache full:https://registry.npmjs.org/@esbuild%2flinux-arm64 cache-miss
976 http fetch GET 200 https://registry.npmjs.org/@astrojs%2fprism 771ms (cache miss)
977 silly packumentCache full:https://registry.npmjs.org/@astrojs%2fprism set size:undefined disposed:false
978 silly fetch manifest @esbuild/linux-ppc64@0.27.7
979 silly packumentCache full:https://registry.npmjs.org/@esbuild%2flinux-ppc64 cache-miss
980 http fetch GET 200 https://registry.npmjs.org/@esbuild%2fdarwin-x64 228ms (cache miss)
981 silly packumentCache full:https://registry.npmjs.org/@esbuild%2fdarwin-x64 set size:undefined disposed:false
982 silly fetch manifest @esbuild/linux-s390x@0.27.7
983 silly packumentCache full:https://registry.npmjs.org/@esbuild%2flinux-s390x cache-miss
984 http fetch GET 200 https://registry.npmjs.org/@esbuild%2fwin32-x64 269ms (cache miss)
985 silly packumentCache full:https://registry.npmjs.org/@esbuild%2fwin32-x64 set size:undefined disposed:false
986 silly fetch manifest @esbuild/openbsd-x64@0.27.7
987 silly packumentCache full:https://registry.npmjs.org/@esbuild%2fopenbsd-x64 cache-miss
988 http fetch GET 200 https://registry.npmjs.org/@esbuild%2fnetbsd-x64 239ms (cache miss)
989 silly packumentCache full:https://registry.npmjs.org/@esbuild%2fnetbsd-x64 set size:undefined disposed:false
990 silly fetch manifest @esbuild/win32-arm64@0.27.7
991 silly packumentCache full:https://registry.npmjs.org/@esbuild%2fwin32-arm64 cache-miss
992 http fetch GET 200 https://registry.npmjs.org/@esbuild%2flinux-ia32 258ms (cache miss)
993 silly packumentCache full:https://registry.npmjs.org/@esbuild%2flinux-ia32 set size:undefined disposed:false
994 silly fetch manifest @esbuild/darwin-arm64@0.27.7
995 silly packumentCache full:https://registry.npmjs.org/@esbuild%2fdarwin-arm64 cache-miss
996 http fetch GET 200 https://registry.npmjs.org/@esbuild%2fandroid-arm 247ms (cache miss)
997 silly packumentCache full:https://registry.npmjs.org/@esbuild%2fandroid-arm set size:undefined disposed:false
998 silly fetch manifest @esbuild/netbsd-arm64@0.27.7
999 silly packumentCache full:https://registry.npmjs.org/@esbuild%2fnetbsd-arm64 cache-miss
1000 http fetch GET 200 https://registry.npmjs.org/@esbuild%2faix-ppc64 522ms (cache miss)
1001 silly packumentCache full:https://registry.npmjs.org/@esbuild%2faix-ppc64 set size:undefined disposed:false
1002 silly fetch manifest @esbuild/android-arm64@0.27.7
1003 silly packumentCache full:https://registry.npmjs.org/@esbuild%2fandroid-arm64 cache-miss
1004 http fetch GET 200 https://registry.npmjs.org/@esbuild%2ffreebsd-x64 232ms (cache miss)
1005 silly packumentCache full:https://registry.npmjs.org/@esbuild%2ffreebsd-x64 set size:undefined disposed:false
1006 silly fetch manifest @esbuild/freebsd-arm64@0.27.7
1007 silly packumentCache full:https://registry.npmjs.org/@esbuild%2ffreebsd-arm64 cache-miss
1008 http fetch GET 200 https://registry.npmjs.org/@esbuild%2ffreebsd-arm64 33ms (cache miss)
1009 silly packumentCache full:https://registry.npmjs.org/@esbuild%2ffreebsd-arm64 set size:undefined disposed:false
1010 silly fetch manifest @esbuild/linux-loong64@0.27.7
1011 silly packumentCache full:https://registry.npmjs.org/@esbuild%2flinux-loong64 cache-miss
1012 http fetch GET 200 https://registry.npmjs.org/@esbuild%2flinux-ppc64 222ms (cache miss)
1013 silly packumentCache full:https://registry.npmjs.org/@esbuild%2flinux-ppc64 set size:undefined disposed:false
1014 silly fetch manifest @esbuild/linux-riscv64@0.27.7
1015 silly packumentCache full:https://registry.npmjs.org/@esbuild%2flinux-riscv64 cache-miss
1016 http fetch GET 200 https://registry.npmjs.org/@esbuild%2flinux-s390x 252ms (cache miss)
1017 silly packumentCache full:https://registry.npmjs.org/@esbuild%2flinux-s390x set size:undefined disposed:false
1018 silly fetch manifest @esbuild/openbsd-arm64@0.27.7
1019 silly packumentCache full:https://registry.npmjs.org/@esbuild%2fopenbsd-arm64 cache-miss
1020 http fetch GET 200 https://registry.npmjs.org/@esbuild%2fwin32-arm64 239ms (cache miss)
1021 silly packumentCache full:https://registry.npmjs.org/@esbuild%2fwin32-arm64 set size:undefined disposed:false
1022 silly fetch manifest @esbuild/linux-mips64el@0.27.7
1023 silly packumentCache full:https://registry.npmjs.org/@esbuild%2flinux-mips64el cache-miss
1024 http fetch GET 200 https://registry.npmjs.org/@esbuild%2fdarwin-arm64 236ms (cache miss)
1025 silly packumentCache full:https://registry.npmjs.org/@esbuild%2fdarwin-arm64 set size:undefined disposed:false
1026 silly fetch manifest @esbuild/openharmony-arm64@0.27.7
1027 silly packumentCache full:https://registry.npmjs.org/@esbuild%2fopenharmony-arm64 cache-miss
1028 http fetch GET 200 https://registry.npmjs.org/@esbuild%2fopenbsd-x64 260ms (cache miss)
1029 silly packumentCache full:https://registry.npmjs.org/@esbuild%2fopenbsd-x64 set size:undefined disposed:false
1030 silly fetch manifest fontkitten@^1.0.2
1031 silly packumentCache full:https://registry.npmjs.org/fontkitten cache-miss
1032 http cache https://registry.npmjs.org/fontkitten 7ms (cache hit)
1033 silly packumentCache full:https://registry.npmjs.org/fontkitten set size:43549 disposed:false
1034 silly fetch manifest argparse@^2.0.1
1035 silly packumentCache full:https://registry.npmjs.org/argparse cache-miss
1036 http fetch GET 200 https://registry.npmjs.org/@esbuild%2fnetbsd-arm64 223ms (cache miss)
1037 silly packumentCache full:https://registry.npmjs.org/@esbuild%2fnetbsd-arm64 set size:undefined disposed:false
1038 silly fetch manifest @babel/types@^7.29.7
1039 silly packumentCache full:https://registry.npmjs.org/@babel%2ftypes cache-miss
1040 http fetch GET 200 https://registry.npmjs.org/@esbuild%2fandroid-arm64 235ms (cache miss)
1041 silly packumentCache full:https://registry.npmjs.org/@esbuild%2fandroid-arm64 set size:undefined disposed:false
1042 silly fetch manifest @babel/parser@^7.29.7
1043 silly packumentCache full:https://registry.npmjs.org/@babel%2fparser cache-miss
1044 http fetch GET 200 https://registry.npmjs.org/@esbuild%2fwin32-ia32 518ms (cache miss)
1045 silly packumentCache full:https://registry.npmjs.org/@esbuild%2fwin32-ia32 set size:undefined disposed:false
1046 silly fetch manifest source-map-js@^1.2.1
1047 silly packumentCache full:https://registry.npmjs.org/source-map-js cache-miss
1048 http fetch GET 200 https://registry.npmjs.org/@babel%2ftypes 45ms (cache miss)
1049 silly packumentCache full:https://registry.npmjs.org/@babel%2ftypes set size:undefined disposed:false
1050 silly fetch manifest yocto-queue@^1.1.1
1051 silly packumentCache full:https://registry.npmjs.org/yocto-queue cache-miss
1052 http fetch GET 200 https://registry.npmjs.org/source-map-js 25ms (cache miss)
1053 silly packumentCache full:https://registry.npmjs.org/source-map-js set size:undefined disposed:false
1054 silly fetch manifest p-timeout@^6.1.2
1055 silly packumentCache full:https://registry.npmjs.org/p-timeout cache-miss
1056 http fetch GET 200 https://registry.npmjs.org/@babel%2fparser 48ms (cache miss)
1057 silly packumentCache full:https://registry.npmjs.org/@babel%2fparser set size:undefined disposed:false
1058 silly fetch manifest eventemitter3@^5.0.1
1059 silly packumentCache full:https://registry.npmjs.org/eventemitter3 cache-miss
1060 http fetch GET 200 https://registry.npmjs.org/yocto-queue 21ms (cache miss)
1061 silly packumentCache full:https://registry.npmjs.org/yocto-queue set size:undefined disposed:false
1062 silly fetch manifest kleur@^3.0.3
1063 silly packumentCache full:https://registry.npmjs.org/kleur cache-miss
1064 http cache https://registry.npmjs.org/kleur 2ms (cache hit)
1065 silly packumentCache full:https://registry.npmjs.org/kleur set size:61853 disposed:false
1066 silly fetch manifest sisteransi@^1.0.5
1067 silly packumentCache full:https://registry.npmjs.org/sisteransi cache-miss
1068 http fetch GET 200 https://registry.npmjs.org/sisteransi 17ms (cache miss)
1069 silly packumentCache full:https://registry.npmjs.org/sisteransi set size:undefined disposed:false
1070 silly fetch manifest @types/hast@^3.0.0
1071 silly packumentCache full:https://registry.npmjs.org/@types%2fhast cache-miss
1072 http fetch GET 200 https://registry.npmjs.org/eventemitter3 23ms (cache miss)
1073 silly packumentCache full:https://registry.npmjs.org/eventemitter3 set size:undefined disposed:false
1074 silly fetch manifest rehype-parse@^9.0.0
1075 silly packumentCache full:https://registry.npmjs.org/rehype-parse cache-miss
1076 http fetch GET 200 https://registry.npmjs.org/@esbuild%2flinux-arm64 533ms (cache miss)
1077 silly packumentCache full:https://registry.npmjs.org/@esbuild%2flinux-arm64 set size:undefined disposed:false
1078 silly fetch manifest rehype-stringify@^10.0.0
1079 silly packumentCache full:https://registry.npmjs.org/rehype-stringify cache-miss
1080 http cache https://registry.npmjs.org/rehype-stringify 2ms (cache hit)
1081 silly packumentCache full:https://registry.npmjs.org/rehype-stringify set size:58160 disposed:false
1082 silly fetch manifest unified@^11.0.0
1083 silly packumentCache full:https://registry.npmjs.org/unified cache-miss
1084 http cache https://registry.npmjs.org/unified 2ms (cache hit)
1085 silly packumentCache full:https://registry.npmjs.org/unified set size:321787 disposed:false
1086 silly fetch manifest @img/colour@^1.0.0
1087 silly packumentCache full:https://registry.npmjs.org/@img%2fcolour cache-miss
1088 http fetch GET 200 https://registry.npmjs.org/@esbuild%2flinux-riscv64 264ms (cache miss)
1089 silly packumentCache full:https://registry.npmjs.org/@esbuild%2flinux-riscv64 set size:undefined disposed:false
1090 silly fetch manifest detect-libc@^2.1.2
1091 silly packumentCache full:https://registry.npmjs.org/detect-libc cache-miss
1092 http fetch GET 200 https://registry.npmjs.org/@img%2fcolour 27ms (cache miss)
1093 silly packumentCache full:https://registry.npmjs.org/@img%2fcolour set size:undefined disposed:false
1094 silly fetch manifest @img/sharp-wasm32@0.34.5
1095 silly packumentCache full:https://registry.npmjs.org/@img%2fsharp-wasm32 cache-miss
1096 http fetch GET 200 https://registry.npmjs.org/@esbuild%2fopenbsd-arm64 251ms (cache miss)
1097 silly packumentCache full:https://registry.npmjs.org/@esbuild%2fopenbsd-arm64 set size:undefined disposed:false
1098 silly fetch manifest @img/sharp-linux-arm@0.34.5
1099 silly packumentCache full:https://registry.npmjs.org/@img%2fsharp-linux-arm cache-miss
1100 http fetch GET 200 https://registry.npmjs.org/detect-libc 21ms (cache miss)
1101 silly packumentCache full:https://registry.npmjs.org/detect-libc set size:undefined disposed:false
1102 silly fetch manifest @img/sharp-linux-x64@0.34.5
1103 silly packumentCache full:https://registry.npmjs.org/@img%2fsharp-linux-x64 cache-miss
1104 http fetch GET 200 https://registry.npmjs.org/@esbuild%2fopenharmony-arm64 256ms (cache miss)
1105 silly packumentCache full:https://registry.npmjs.org/@esbuild%2fopenharmony-arm64 set size:undefined disposed:false
1106 silly fetch manifest @img/sharp-win32-x64@0.34.5
1107 silly packumentCache full:https://registry.npmjs.org/@img%2fsharp-win32-x64 cache-miss
1108 http fetch GET 200 https://registry.npmjs.org/argparse 283ms (cache miss)
1109 silly packumentCache full:https://registry.npmjs.org/argparse set size:undefined disposed:false
1110 silly fetch manifest @img/sharp-darwin-x64@0.34.5
1111 silly packumentCache full:https://registry.npmjs.org/@img%2fsharp-darwin-x64 cache-miss
1112 http fetch GET 200 https://registry.npmjs.org/p-timeout 290ms (cache miss)
1113 silly packumentCache full:https://registry.npmjs.org/p-timeout set size:undefined disposed:false
1114 silly fetch manifest @img/sharp-win32-ia32@0.34.5
1115 silly packumentCache full:https://registry.npmjs.org/@img%2fsharp-win32-ia32 cache-miss
1116 http fetch GET 200 https://registry.npmjs.org/@esbuild%2flinux-loong64 503ms (cache miss)
1117 silly packumentCache full:https://registry.npmjs.org/@esbuild%2flinux-loong64 set size:undefined disposed:false
1118 silly fetch manifest @img/sharp-linux-arm64@0.34.5
1119 silly packumentCache full:https://registry.npmjs.org/@img%2fsharp-linux-arm64 cache-miss
1120 http fetch GET 200 https://registry.npmjs.org/rehype-parse 290ms (cache miss)
1121 silly packumentCache full:https://registry.npmjs.org/rehype-parse set size:undefined disposed:false
1122 silly fetch manifest @img/sharp-linux-ppc64@0.34.5
1123 silly packumentCache full:https://registry.npmjs.org/@img%2fsharp-linux-ppc64 cache-miss
1124 http fetch GET 200 https://registry.npmjs.org/@img%2fsharp-wasm32 223ms (cache miss)
1125 silly packumentCache full:https://registry.npmjs.org/@img%2fsharp-wasm32 set size:undefined disposed:false
1126 silly fetch manifest @img/sharp-linux-s390x@0.34.5
1127 silly packumentCache full:https://registry.npmjs.org/@img%2fsharp-linux-s390x cache-miss
1128 http fetch GET 200 https://registry.npmjs.org/@img%2fsharp-linux-x64 231ms (cache miss)
1129 silly packumentCache full:https://registry.npmjs.org/@img%2fsharp-linux-x64 set size:undefined disposed:false
1130 silly fetch manifest @img/sharp-win32-arm64@0.34.5
1131 silly packumentCache full:https://registry.npmjs.org/@img%2fsharp-win32-arm64 cache-miss
1132 http fetch GET 200 https://registry.npmjs.org/@esbuild%2flinux-mips64el 494ms (cache miss)
1133 silly packumentCache full:https://registry.npmjs.org/@esbuild%2flinux-mips64el set size:undefined disposed:false
1134 silly fetch manifest @img/sharp-darwin-arm64@0.34.5
1135 silly packumentCache full:https://registry.npmjs.org/@img%2fsharp-darwin-arm64 cache-miss
1136 http fetch GET 200 https://registry.npmjs.org/@types%2fhast 526ms (cache miss)
1137 silly packumentCache full:https://registry.npmjs.org/@types%2fhast set size:undefined disposed:false
1138 silly fetch manifest @img/sharp-linux-riscv64@0.34.5
1139 silly packumentCache full:https://registry.npmjs.org/@img%2fsharp-linux-riscv64 cache-miss
1140 http fetch GET 200 https://registry.npmjs.org/@img%2fsharp-linux-ppc64 257ms (cache miss)
1141 silly packumentCache full:https://registry.npmjs.org/@img%2fsharp-linux-ppc64 set size:undefined disposed:false
1142 silly fetch manifest @img/sharp-linuxmusl-x64@0.34.5
1143 silly packumentCache full:https://registry.npmjs.org/@img%2fsharp-linuxmusl-x64 cache-miss
1144 http fetch GET 200 https://registry.npmjs.org/@img%2fsharp-win32-arm64 246ms (cache miss)
1145 silly packumentCache full:https://registry.npmjs.org/@img%2fsharp-win32-arm64 set size:undefined disposed:false
1146 silly fetch manifest @img/sharp-linuxmusl-arm64@0.34.5
1147 silly packumentCache full:https://registry.npmjs.org/@img%2fsharp-linuxmusl-arm64 cache-miss
1148 http fetch GET 200 https://registry.npmjs.org/@img%2fsharp-linuxmusl-x64 27ms (cache miss)
1149 silly packumentCache full:https://registry.npmjs.org/@img%2fsharp-linuxmusl-x64 set size:undefined disposed:false
1150 silly fetch manifest @img/sharp-libvips-linux-arm@1.2.4
1151 silly packumentCache full:https://registry.npmjs.org/@img%2fsharp-libvips-linux-arm cache-miss
1152 http fetch GET 200 https://registry.npmjs.org/@img%2fsharp-linux-arm 511ms (cache miss)
1153 silly packumentCache full:https://registry.npmjs.org/@img%2fsharp-linux-arm set size:undefined disposed:false
1154 silly fetch manifest @img/sharp-libvips-linux-x64@1.2.4
1155 silly packumentCache full:https://registry.npmjs.org/@img%2fsharp-libvips-linux-x64 cache-miss
1156 http fetch GET 200 https://registry.npmjs.org/@img%2fsharp-darwin-arm64 252ms (cache miss)
1157 silly packumentCache full:https://registry.npmjs.org/@img%2fsharp-darwin-arm64 set size:undefined disposed:false
1158 silly fetch manifest @img/sharp-libvips-darwin-x64@1.2.4
1159 silly packumentCache full:https://registry.npmjs.org/@img%2fsharp-libvips-darwin-x64 cache-miss
1160 http fetch GET 200 https://registry.npmjs.org/@img%2fsharp-darwin-x64 488ms (cache miss)
1161 silly packumentCache full:https://registry.npmjs.org/@img%2fsharp-darwin-x64 set size:undefined disposed:false
1162 silly fetch manifest @img/sharp-libvips-linux-arm64@1.2.4
1163 silly packumentCache full:https://registry.npmjs.org/@img%2fsharp-libvips-linux-arm64 cache-miss
1164 http fetch GET 200 https://registry.npmjs.org/@img%2fsharp-linux-riscv64 223ms (cache miss)
1165 silly packumentCache full:https://registry.npmjs.org/@img%2fsharp-linux-riscv64 set size:undefined disposed:false
1166 silly fetch manifest @img/sharp-libvips-linux-ppc64@1.2.4
1167 silly packumentCache full:https://registry.npmjs.org/@img%2fsharp-libvips-linux-ppc64 cache-miss
1168 http fetch GET 200 https://registry.npmjs.org/@img%2fsharp-linux-arm64 490ms (cache miss)
1169 silly packumentCache full:https://registry.npmjs.org/@img%2fsharp-linux-arm64 set size:undefined disposed:false
1170 silly fetch manifest @img/sharp-libvips-linux-s390x@1.2.4
1171 silly packumentCache full:https://registry.npmjs.org/@img%2fsharp-libvips-linux-s390x cache-miss
1172 http fetch GET 200 https://registry.npmjs.org/@img%2fsharp-libvips-linux-ppc64 25ms (cache miss)
1173 silly packumentCache full:https://registry.npmjs.org/@img%2fsharp-libvips-linux-ppc64 set size:undefined disposed:false
1174 silly fetch manifest @img/sharp-libvips-darwin-arm64@1.2.4
1175 silly packumentCache full:https://registry.npmjs.org/@img%2fsharp-libvips-darwin-arm64 cache-miss
1176 http fetch GET 200 https://registry.npmjs.org/@img%2fsharp-linux-s390x 484ms (cache miss)
1177 silly packumentCache full:https://registry.npmjs.org/@img%2fsharp-linux-s390x set size:undefined disposed:false
1178 silly fetch manifest @img/sharp-libvips-linux-riscv64@1.2.4
1179 silly packumentCache full:https://registry.npmjs.org/@img%2fsharp-libvips-linux-riscv64 cache-miss
1180 http fetch GET 200 https://registry.npmjs.org/@img%2fsharp-libvips-linux-x64 231ms (cache miss)
1181 silly packumentCache full:https://registry.npmjs.org/@img%2fsharp-libvips-linux-x64 set size:undefined disposed:false
1182 silly fetch manifest @img/sharp-libvips-linuxmusl-x64@1.2.4
1183 silly packumentCache full:https://registry.npmjs.org/@img%2fsharp-libvips-linuxmusl-x64 cache-miss
1184 http fetch GET 200 https://registry.npmjs.org/@img%2fsharp-libvips-linuxmusl-x64 28ms (cache miss)
1185 silly packumentCache full:https://registry.npmjs.org/@img%2fsharp-libvips-linuxmusl-x64 set size:undefined disposed:false
1186 silly fetch manifest @img/sharp-libvips-linuxmusl-arm64@1.2.4
1187 silly packumentCache full:https://registry.npmjs.org/@img%2fsharp-libvips-linuxmusl-arm64 cache-miss
1188 http fetch GET 200 https://registry.npmjs.org/@img%2fsharp-libvips-darwin-x64 255ms (cache miss)
1189 silly packumentCache full:https://registry.npmjs.org/@img%2fsharp-libvips-darwin-x64 set size:undefined disposed:false
1190 silly fetch manifest @types/hast@^3.0.4
1191 silly packumentCache full:https://registry.npmjs.org/@types%2fhast cache-miss
1192 http cache https://registry.npmjs.org/@types%2fhast 2ms (cache hit)
1193 silly packumentCache full:https://registry.npmjs.org/@types%2fhast set size:35254 disposed:false
1194 silly fetch manifest @shikijs/core@3.23.0
1195 silly packumentCache full:https://registry.npmjs.org/@shikijs%2fcore cache-miss
1196 http fetch GET 200 https://registry.npmjs.org/@img%2fsharp-libvips-linux-arm64 217ms (cache miss)
1197 silly packumentCache full:https://registry.npmjs.org/@img%2fsharp-libvips-linux-arm64 set size:undefined disposed:false
1198 silly fetch manifest @shikijs/langs@3.23.0
1199 silly packumentCache full:https://registry.npmjs.org/@shikijs%2flangs cache-miss
1200 http fetch GET 200 https://registry.npmjs.org/@img%2fsharp-win32-x64 803ms (cache miss)
1201 silly packumentCache full:https://registry.npmjs.org/@img%2fsharp-win32-x64 set size:undefined disposed:false
1202 silly fetch manifest @shikijs/types@3.23.0
1203 silly packumentCache full:https://registry.npmjs.org/@shikijs%2ftypes cache-miss
1204 http fetch GET 200 https://registry.npmjs.org/@img%2fsharp-win32-ia32 754ms (cache miss)
1205 silly packumentCache full:https://registry.npmjs.org/@img%2fsharp-win32-ia32 set size:undefined disposed:false
1206 silly fetch manifest @shikijs/themes@3.23.0
1207 silly packumentCache full:https://registry.npmjs.org/@shikijs%2fthemes cache-miss
1208 http fetch GET 200 https://registry.npmjs.org/@img%2fsharp-libvips-darwin-arm64 241ms (cache miss)
1209 silly packumentCache full:https://registry.npmjs.org/@img%2fsharp-libvips-darwin-arm64 set size:undefined disposed:false
1210 silly fetch manifest @shikijs/vscode-textmate@^10.0.2
1211 silly packumentCache full:https://registry.npmjs.org/@shikijs%2fvscode-textmate cache-miss
1212 http fetch GET 200 https://registry.npmjs.org/@img%2fsharp-libvips-linux-riscv64 246ms (cache miss)
1213 silly packumentCache full:https://registry.npmjs.org/@img%2fsharp-libvips-linux-riscv64 set size:undefined disposed:false
1214 silly fetch manifest @shikijs/engine-oniguruma@3.23.0
1215 silly packumentCache full:https://registry.npmjs.org/@shikijs%2fengine-oniguruma cache-miss
1216 http fetch GET 200 https://registry.npmjs.org/@img%2fsharp-linuxmusl-arm64 487ms (cache miss)
1217 silly packumentCache full:https://registry.npmjs.org/@img%2fsharp-linuxmusl-arm64 set size:undefined disposed:false
1218 silly fetch manifest @shikijs/engine-javascript@3.23.0
1219 silly packumentCache full:https://registry.npmjs.org/@shikijs%2fengine-javascript cache-miss
1220 http fetch GET 200 https://registry.npmjs.org/@img%2fsharp-libvips-linuxmusl-arm64 233ms (cache miss)
1221 silly packumentCache full:https://registry.npmjs.org/@img%2fsharp-libvips-linuxmusl-arm64 set size:undefined disposed:false
1222 silly fetch manifest sax@1.6.1
1223 silly packumentCache full:https://registry.npmjs.org/sax cache-miss
1224 http fetch GET 200 https://registry.npmjs.org/@img%2fsharp-libvips-linux-s390x 527ms (cache miss)
1225 silly packumentCache full:https://registry.npmjs.org/@img%2fsharp-libvips-linux-s390x set size:undefined disposed:false
1226 silly fetch manifest csso@^5.0.5
1227 silly packumentCache full:https://registry.npmjs.org/csso cache-miss
1228 http fetch GET 200 https://registry.npmjs.org/sax 274ms (cache miss)
1229 silly packumentCache full:https://registry.npmjs.org/sax set size:undefined disposed:false
1230 silly fetch manifest css-tree@^3.0.1
1231 silly packumentCache full:https://registry.npmjs.org/css-tree cache-miss
1232 http fetch GET 200 https://registry.npmjs.org/@img%2fsharp-libvips-linux-arm 808ms (cache miss)
1233 silly packumentCache full:https://registry.npmjs.org/@img%2fsharp-libvips-linux-arm set size:undefined disposed:false
1234 silly fetch manifest css-what@^7.0.0
1235 silly packumentCache full:https://registry.npmjs.org/css-what cache-miss
1236 http fetch GET 200 https://registry.npmjs.org/@shikijs%2ftypes 532ms (cache miss)
1237 silly packumentCache full:https://registry.npmjs.org/@shikijs%2ftypes set size:undefined disposed:false
1238 silly fetch manifest commander@^11.1.0
1239 silly packumentCache full:https://registry.npmjs.org/commander cache-miss
1240 http fetch GET 200 https://registry.npmjs.org/commander 34ms (cache miss)
1241 silly packumentCache full:https://registry.npmjs.org/commander set size:undefined disposed:false
1242 silly fetch manifest css-select@^6.0.0
1243 silly packumentCache full:https://registry.npmjs.org/css-select cache-miss
1244 http fetch GET 200 https://registry.npmjs.org/remark-gfm 2733ms (cache miss)
1245 silly packumentCache full:https://registry.npmjs.org/remark-gfm set size:undefined disposed:false
1246 silly fetch manifest picocolors@^1.1.1
1247 silly packumentCache full:https://registry.npmjs.org/picocolors cache-miss
1248 http fetch GET 200 https://registry.npmjs.org/csso 289ms (cache miss)
1249 silly packumentCache full:https://registry.npmjs.org/csso set size:undefined disposed:false
1250 silly fetch manifest ohash@^2.0.11
1251 silly packumentCache full:https://registry.npmjs.org/ohash cache-miss
1252 http fetch GET 200 https://registry.npmjs.org/@shikijs%2fcore 739ms (cache miss)
1253 silly packumentCache full:https://registry.npmjs.org/@shikijs%2fcore set size:undefined disposed:false
1254 silly fetch manifest undici@^8.0.0
1255 silly packumentCache full:https://registry.npmjs.org/undici cache-miss
1256 http fetch GET 200 https://registry.npmjs.org/undici 57ms (cache miss)
1257 silly packumentCache full:https://registry.npmjs.org/undici set size:undefined disposed:false
1258 silly fetch manifest css-tree@^3.1.0
1259 silly packumentCache full:https://registry.npmjs.org/css-tree cache-miss
1260 http fetch GET 200 https://registry.npmjs.org/css-what 294ms (cache miss)
1261 silly packumentCache full:https://registry.npmjs.org/css-what set size:undefined disposed:false
1262 silly fetch manifest @types/unist@^3.0.0
1263 silly packumentCache full:https://registry.npmjs.org/@types%2funist cache-miss
1264 http fetch GET 200 https://registry.npmjs.org/@shikijs%2flangs 808ms (cache miss)
1265 silly packumentCache full:https://registry.npmjs.org/@shikijs%2flangs set size:undefined disposed:false
1266 silly fetch manifest unist-util-is@^6.0.0
1267 silly packumentCache full:https://registry.npmjs.org/unist-util-is cache-miss
1268 http fetch GET 200 https://registry.npmjs.org/@shikijs%2fthemes 748ms (cache miss)
1269 silly packumentCache full:https://registry.npmjs.org/@shikijs%2fthemes set size:undefined disposed:false
1270 silly fetch manifest unist-util-visit-parents@^6.0.0
1271 silly packumentCache full:https://registry.npmjs.org/unist-util-visit-parents cache-miss
1272 http cache https://registry.npmjs.org/unist-util-visit-parents 2ms (cache hit)
1273 silly packumentCache full:https://registry.npmjs.org/unist-util-visit-parents set size:103476 disposed:false
1274 silly fetch manifest h3@^1.15.10
1275 silly packumentCache full:https://registry.npmjs.org/h3 cache-miss
1276 http cache https://registry.npmjs.org/h3 2ms (cache hit)
1277 silly packumentCache full:https://registry.npmjs.org/h3 set size:487506 disposed:false
1278 silly fetch manifest ufo@^1.6.3
1279 silly packumentCache full:https://registry.npmjs.org/ufo cache-miss
1280 http fetch GET 200 https://registry.npmjs.org/@shikijs%2fvscode-textmate 759ms (cache miss)
1281 silly packumentCache full:https://registry.npmjs.org/@shikijs%2fvscode-textmate set size:undefined disposed:false
1282 silly fetch manifest destr@^2.0.5
1283 silly packumentCache full:https://registry.npmjs.org/destr cache-miss
1284 http fetch GET 200 https://registry.npmjs.org/css-select 282ms (cache miss)
1285 silly packumentCache full:https://registry.npmjs.org/css-select set size:undefined disposed:false
1286 silly fetch manifest ofetch@^1.5.1
1287 silly packumentCache full:https://registry.npmjs.org/ofetch cache-miss
1288 http fetch GET 200 https://registry.npmjs.org/destr 18ms (cache miss)
1289 silly packumentCache full:https://registry.npmjs.org/destr set size:undefined disposed:false
1290 silly fetch manifest anymatch@^3.1.3
1291 silly packumentCache full:https://registry.npmjs.org/anymatch cache-miss
1292 http fetch GET 200 https://registry.npmjs.org/@shikijs%2fengine-oniguruma 764ms (cache miss)
1293 silly packumentCache full:https://registry.npmjs.org/@shikijs%2fengine-oniguruma set size:undefined disposed:false
1294 silly fetch manifest chokidar@^5.0.0
1295 silly packumentCache full:https://registry.npmjs.org/chokidar cache-miss
1296 http cache https://registry.npmjs.org/chokidar 3ms (cache hit)
1297 silly packumentCache full:https://registry.npmjs.org/chokidar set size:255902 disposed:false
1298 silly fetch manifest lru-cache@^11.2.7
1299 silly packumentCache full:https://registry.npmjs.org/lru-cache cache-miss
1300 http fetch GET 200 https://registry.npmjs.org/@shikijs%2fengine-javascript 757ms (cache miss)
1301 silly packumentCache full:https://registry.npmjs.org/@shikijs%2fengine-javascript set size:undefined disposed:false
1302 silly fetch manifest node-fetch-native@^1.6.7
1303 silly packumentCache full:https://registry.npmjs.org/node-fetch-native cache-miss
1304 http fetch GET 200 https://registry.npmjs.org/anymatch 22ms (cache miss)
1305 silly packumentCache full:https://registry.npmjs.org/anymatch set size:undefined disposed:false
1306 silly fetch manifest @types/unist@^3.0.0
1307 silly packumentCache full:https://registry.npmjs.org/@types%2funist cache-miss
1308 http fetch GET 200 https://registry.npmjs.org/lru-cache 34ms (cache miss)
1309 silly packumentCache full:https://registry.npmjs.org/lru-cache set size:undefined disposed:false
1310 silly fetch manifest vfile-message@^4.0.0
1311 silly packumentCache full:https://registry.npmjs.org/vfile-message cache-miss
1312 http fetch GET 200 https://registry.npmjs.org/ohash 292ms (cache miss)
1313 silly packumentCache full:https://registry.npmjs.org/ohash set size:undefined disposed:false
1314 silly fetch manifest fdir@^6.4.4
1315 silly packumentCache full:https://registry.npmjs.org/fdir cache-miss
1316 http cache https://registry.npmjs.org/fdir 2ms (cache hit)
1317 silly packumentCache full:https://registry.npmjs.org/fdir set size:136182 disposed:false
1318 silly fetch manifest rollup@^4.34.9
1319 silly packumentCache full:https://registry.npmjs.org/rollup cache-miss
1320 http cache https://registry.npmjs.org/rollup 12ms (cache hit)
1321 silly packumentCache full:https://registry.npmjs.org/rollup set size:6315915 disposed:false
1322 silly fetch manifest esbuild@^0.25.0
1323 silly packumentCache full:https://registry.npmjs.org/esbuild cache-miss
1324 http cache https://registry.npmjs.org/esbuild 6ms (cache hit)
1325 silly packumentCache full:https://registry.npmjs.org/esbuild set size:1264676 disposed:false
1326 silly fetch manifest postcss@^8.5.3
1327 silly packumentCache full:https://registry.npmjs.org/postcss cache-miss
1328 http cache https://registry.npmjs.org/postcss 7ms (cache hit)
1329 silly packumentCache full:https://registry.npmjs.org/postcss set size:766699 disposed:false
1330 silly fetch manifest fsevents@~2.3.3
1331 silly packumentCache full:https://registry.npmjs.org/fsevents cache-miss
1332 http fetch GET 200 https://registry.npmjs.org/fsevents 24ms (cache miss)
1333 silly packumentCache full:https://registry.npmjs.org/fsevents set size:undefined disposed:false
1334 silly fetch manifest yoctocolors@^2.1.1
1335 silly packumentCache full:https://registry.npmjs.org/yoctocolors cache-miss
1336 http fetch GET 200 https://registry.npmjs.org/css-tree 289ms (cache miss)
1337 silly packumentCache full:https://registry.npmjs.org/css-tree set size:undefined disposed:false
1338 http fetch GET 200 https://registry.npmjs.org/yoctocolors 20ms (cache miss)
1339 silly packumentCache full:https://registry.npmjs.org/yoctocolors set size:undefined disposed:false
1340 http fetch GET 200 https://registry.npmjs.org/unist-util-is 283ms (cache miss)
1341 silly packumentCache full:https://registry.npmjs.org/unist-util-is set size:undefined disposed:false
1342 http fetch GET 200 https://registry.npmjs.org/ufo 278ms (cache miss)
1343 silly packumentCache full:https://registry.npmjs.org/ufo set size:undefined disposed:false
1344 http fetch GET 200 https://registry.npmjs.org/node-fetch-native 287ms (cache miss)
1345 silly packumentCache full:https://registry.npmjs.org/node-fetch-native set size:undefined disposed:false
1346 http fetch GET 200 https://registry.npmjs.org/vfile-message 286ms (cache miss)
1347 silly packumentCache full:https://registry.npmjs.org/vfile-message set size:undefined disposed:false
1348 http fetch GET 200 https://registry.npmjs.org/ofetch 442ms (cache miss)
1349 silly packumentCache full:https://registry.npmjs.org/ofetch set size:undefined disposed:false
1350 http fetch GET 200 https://registry.npmjs.org/picocolors 789ms (cache miss)
1351 silly packumentCache full:https://registry.npmjs.org/picocolors set size:undefined disposed:false
1352 http fetch GET 200 https://registry.npmjs.org/@types%2funist 710ms (cache miss)
1353 silly packumentCache full:https://registry.npmjs.org/@types%2funist set size:undefined disposed:false
1354 http fetch GET 200 https://registry.npmjs.org/css-tree 1808ms (cache miss)
1355 silly packumentCache full:https://registry.npmjs.org/css-tree set size:undefined disposed:false
1356 http fetch GET 200 https://registry.npmjs.org/@types%2funist 2352ms (cache miss)
1357 silly packumentCache full:https://registry.npmjs.org/@types%2funist set size:undefined disposed:false
1358 silly placeDep ROOT @astrojs/prism@3.3.0 OK for: @astrojs/markdown-remark@6.3.11 want: 3.3.0
1359 silly placeDep ROOT hast-util-from-html@2.0.3 OK for: @astrojs/markdown-remark@6.3.11 want: ^2.0.3
1360 silly placeDep ROOT hast-util-to-text@4.0.2 OK for: @astrojs/markdown-remark@6.3.11 want: ^4.0.2
1361 silly placeDep ROOT mdast-util-definitions@6.0.0 OK for: @astrojs/markdown-remark@6.3.11 want: ^6.0.0
1362 silly placeDep ROOT rehype-raw@7.0.0 OK for: @astrojs/markdown-remark@6.3.11 want: ^7.0.0
1363 silly placeDep ROOT rehype-stringify@10.0.1 OK for: @astrojs/markdown-remark@6.3.11 want: ^10.0.1
1364 silly placeDep ROOT remark-gfm@4.0.1 OK for: @astrojs/markdown-remark@6.3.11 want: ^4.0.1
1365 silly placeDep ROOT remark-parse@11.0.0 OK for: @astrojs/markdown-remark@6.3.11 want: ^11.0.0
1366 silly placeDep ROOT remark-rehype@11.1.2 OK for: @astrojs/markdown-remark@6.3.11 want: ^11.1.2
1367 silly placeDep ROOT remark-smartypants@3.0.3 OK for: @astrojs/markdown-remark@6.3.11 want: ^3.0.2
1368 silly placeDep ROOT unified@11.0.5 OK for: @astrojs/markdown-remark@6.3.11 want: ^11.0.5
1369 silly placeDep ROOT unist-util-remove-position@5.0.0 OK for: @astrojs/markdown-remark@6.3.11 want: ^5.0.0
1370 silly placeDep ROOT unist-util-visit-parents@6.0.2 OK for: @astrojs/markdown-remark@6.3.11 want: ^6.0.2
1371 silly fetch manifest prismjs@^1.30.0
1372 silly packumentCache full:https://registry.npmjs.org/prismjs cache-miss
1373 silly fetch manifest devlop@^1.1.0
1374 silly packumentCache full:https://registry.npmjs.org/devlop cache-miss
1375 silly fetch manifest hast-util-from-parse5@^8.0.0
1376 silly packumentCache full:https://registry.npmjs.org/hast-util-from-parse5 cache-miss
1377 silly fetch manifest parse5@^7.0.0
1378 silly packumentCache full:https://registry.npmjs.org/parse5 cache-miss
1379 silly fetch manifest hast-util-is-element@^3.0.0
1380 silly packumentCache full:https://registry.npmjs.org/hast-util-is-element cache-miss
1381 silly fetch manifest unist-util-find-after@^5.0.0
1382 silly packumentCache full:https://registry.npmjs.org/unist-util-find-after cache-miss
1383 silly fetch manifest @types/mdast@^4.0.0
1384 silly packumentCache full:https://registry.npmjs.org/@types%2fmdast cache-miss
1385 silly fetch manifest hast-util-raw@^9.0.0
1386 silly packumentCache full:https://registry.npmjs.org/hast-util-raw cache-miss
1387 silly fetch manifest hast-util-to-html@^9.0.0
1388 silly packumentCache full:https://registry.npmjs.org/hast-util-to-html cache-miss
1389 silly fetch manifest @types/mdast@^4.0.0
1390 silly packumentCache full:https://registry.npmjs.org/@types%2fmdast cache-miss
1391 silly fetch manifest mdast-util-gfm@^3.0.0
1392 silly packumentCache full:https://registry.npmjs.org/mdast-util-gfm cache-miss
1393 http fetch GET 200 https://registry.npmjs.org/unist-util-find-after 284ms (cache miss)
1394 silly packumentCache full:https://registry.npmjs.org/unist-util-find-after set size:undefined disposed:false
1395 silly fetch manifest micromark-extension-gfm@^3.0.0
1396 silly packumentCache full:https://registry.npmjs.org/micromark-extension-gfm cache-miss
1397 http fetch GET 200 https://registry.npmjs.org/hast-util-is-element 288ms (cache miss)
1398 silly packumentCache full:https://registry.npmjs.org/hast-util-is-element set size:undefined disposed:false
1399 silly fetch manifest remark-stringify@^11.0.0
1400 silly packumentCache full:https://registry.npmjs.org/remark-stringify cache-miss
1401 http fetch GET 200 https://registry.npmjs.org/hast-util-raw 291ms (cache miss)
1402 silly packumentCache full:https://registry.npmjs.org/hast-util-raw set size:undefined disposed:false
1403 silly fetch manifest @types/mdast@^4.0.0
1404 silly packumentCache full:https://registry.npmjs.org/@types%2fmdast cache-miss
1405 http fetch GET 200 https://registry.npmjs.org/devlop 296ms (cache miss)
1406 silly packumentCache full:https://registry.npmjs.org/devlop set size:undefined disposed:false
1407 silly fetch manifest mdast-util-from-markdown@^2.0.0
1408 silly packumentCache full:https://registry.npmjs.org/mdast-util-from-markdown cache-miss
1409 http fetch GET 200 https://registry.npmjs.org/hast-util-from-parse5 298ms (cache miss)
1410 silly packumentCache full:https://registry.npmjs.org/hast-util-from-parse5 set size:undefined disposed:false
1411 silly fetch manifest micromark-util-types@^2.0.0
1412 silly packumentCache full:https://registry.npmjs.org/micromark-util-types cache-miss
1413 http fetch GET 200 https://registry.npmjs.org/hast-util-to-html 299ms (cache miss)
1414 silly packumentCache full:https://registry.npmjs.org/hast-util-to-html set size:undefined disposed:false
1415 silly fetch manifest @types/mdast@^4.0.0
1416 silly packumentCache full:https://registry.npmjs.org/@types%2fmdast cache-miss
1417 http fetch GET 200 https://registry.npmjs.org/mdast-util-gfm 301ms (cache miss)
1418 silly packumentCache full:https://registry.npmjs.org/mdast-util-gfm set size:undefined disposed:false
1419 silly fetch manifest mdast-util-to-hast@^13.0.0
1420 silly packumentCache full:https://registry.npmjs.org/mdast-util-to-hast cache-miss
1421 http fetch GET 200 https://registry.npmjs.org/parse5 304ms (cache miss)
1422 silly packumentCache full:https://registry.npmjs.org/parse5 set size:undefined disposed:false
1423 silly fetch manifest retext@^9.0.0
1424 silly packumentCache full:https://registry.npmjs.org/retext cache-miss
1425 http fetch GET 200 https://registry.npmjs.org/prismjs 501ms (cache miss)
1426 silly packumentCache full:https://registry.npmjs.org/prismjs set size:undefined disposed:false
1427 silly fetch manifest retext-smartypants@^6.0.0
1428 silly packumentCache full:https://registry.npmjs.org/retext-smartypants cache-miss
1429 http fetch GET 200 https://registry.npmjs.org/@types%2fmdast 244ms (cache miss)
1430 silly packumentCache full:https://registry.npmjs.org/@types%2fmdast set size:undefined disposed:false
1431 silly fetch manifest unified@^11.0.4
1432 silly packumentCache full:https://registry.npmjs.org/unified cache-hit
1433 silly fetch manifest bail@^2.0.0
1434 silly packumentCache full:https://registry.npmjs.org/bail cache-miss
1435 http fetch GET 200 https://registry.npmjs.org/@types%2fmdast 536ms (cache miss)
1436 silly packumentCache full:https://registry.npmjs.org/@types%2fmdast set size:undefined disposed:false
1437 silly fetch manifest devlop@^1.0.0
1438 silly packumentCache full:https://registry.npmjs.org/devlop cache-miss
1439 http fetch GET 200 https://registry.npmjs.org/@types%2fmdast 538ms (cache miss)
1440 silly packumentCache full:https://registry.npmjs.org/@types%2fmdast set size:undefined disposed:false
1441 silly fetch manifest extend@^3.0.0
1442 silly packumentCache full:https://registry.npmjs.org/extend cache-miss
1443 http cache https://registry.npmjs.org/devlop 2ms (cache hit)
1444 silly packumentCache full:https://registry.npmjs.org/devlop set size:16868 disposed:false
1445 silly fetch manifest is-plain-obj@^4.0.0
1446 silly packumentCache full:https://registry.npmjs.org/is-plain-obj cache-miss
1447 http fetch GET 200 https://registry.npmjs.org/is-plain-obj 19ms (cache miss)
1448 silly packumentCache full:https://registry.npmjs.org/is-plain-obj set size:undefined disposed:false
1449 silly fetch manifest trough@^2.0.0
1450 silly packumentCache full:https://registry.npmjs.org/trough cache-miss
1451 http fetch GET 200 https://registry.npmjs.org/remark-stringify 283ms (cache miss)
1452 silly packumentCache full:https://registry.npmjs.org/remark-stringify set size:undefined disposed:false
1453 http fetch GET 200 https://registry.npmjs.org/micromark-extension-gfm 289ms (cache miss)
1454 silly packumentCache full:https://registry.npmjs.org/micromark-extension-gfm set size:undefined disposed:false
1455 http fetch GET 200 https://registry.npmjs.org/micromark-util-types 285ms (cache miss)
1456 silly packumentCache full:https://registry.npmjs.org/micromark-util-types set size:undefined disposed:false
1457 http fetch GET 200 https://registry.npmjs.org/mdast-util-from-markdown 290ms (cache miss)
1458 silly packumentCache full:https://registry.npmjs.org/mdast-util-from-markdown set size:undefined disposed:false
1459 http fetch GET 200 https://registry.npmjs.org/retext 287ms (cache miss)
1460 silly packumentCache full:https://registry.npmjs.org/retext set size:undefined disposed:false
1461 http fetch GET 200 https://registry.npmjs.org/mdast-util-to-hast 306ms (cache miss)
1462 silly packumentCache full:https://registry.npmjs.org/mdast-util-to-hast set size:undefined disposed:false
1463 http fetch GET 200 https://registry.npmjs.org/retext-smartypants 290ms (cache miss)
1464 silly packumentCache full:https://registry.npmjs.org/retext-smartypants set size:undefined disposed:false
1465 http fetch GET 200 https://registry.npmjs.org/bail 285ms (cache miss)
1466 silly packumentCache full:https://registry.npmjs.org/bail set size:undefined disposed:false
1467 http fetch GET 200 https://registry.npmjs.org/extend 297ms (cache miss)
1468 silly packumentCache full:https://registry.npmjs.org/extend set size:undefined disposed:false
1469 http fetch GET 200 https://registry.npmjs.org/trough 284ms (cache miss)
1470 silly packumentCache full:https://registry.npmjs.org/trough set size:undefined disposed:false
1471 http fetch GET 200 https://registry.npmjs.org/@types%2fmdast 562ms (cache miss)
1472 silly packumentCache full:https://registry.npmjs.org/@types%2fmdast set size:undefined disposed:false
1473 silly placeDep ROOT prismjs@1.30.0 OK for: @astrojs/prism@3.3.0 want: ^1.30.0
1474 silly placeDep ROOT is-docker@3.0.0 OK for: @astrojs/telemetry@3.3.0 want: ^3.0.0
1475 silly placeDep ROOT is-wsl@3.1.1 OK for: @astrojs/telemetry@3.3.0 want: ^3.1.0
1476 silly placeDep ROOT which-pm-runs@1.1.0 OK for: @astrojs/telemetry@3.3.0 want: ^1.1.0
1477 silly fetch manifest is-inside-container@^1.0.0
1478 silly packumentCache full:https://registry.npmjs.org/is-inside-container cache-miss
1479 http fetch GET 200 https://registry.npmjs.org/is-inside-container 278ms (cache miss)
1480 silly packumentCache full:https://registry.npmjs.org/is-inside-container set size:undefined disposed:false
1481 silly placeDep ROOT fontkitten@1.0.3 OK for: @capsizecss/unpack@4.0.1 want: ^1.0.3
1482 silly fetch manifest tiny-inflate@^1.0.3
1483 silly packumentCache full:https://registry.npmjs.org/tiny-inflate cache-miss
1484 http fetch GET 200 https://registry.npmjs.org/tiny-inflate 280ms (cache miss)
1485 silly packumentCache full:https://registry.npmjs.org/tiny-inflate set size:undefined disposed:false
1486 silly placeDep ROOT @types/estree@1.0.9 OK for: @rollup/pluginutils@5.4.0 want: ^1.0.0
1487 silly placeDep node_modules/@rollup/pluginutils estree-walker@2.0.2 OK for: @rollup/pluginutils@5.4.0 want: ^2.0.2
1488 silly placeDep ROOT ansi-align@3.0.1 OK for: boxen@8.0.1 want: ^3.0.1
1489 silly placeDep ROOT camelcase@8.0.0 OK for: boxen@8.0.1 want: ^8.0.0
1490 silly placeDep ROOT chalk@5.6.2 OK for: boxen@8.0.1 want: ^5.3.0
1491 silly placeDep ROOT cli-boxes@3.0.0 OK for: boxen@8.0.1 want: ^3.0.0
1492 silly placeDep ROOT string-width@7.2.0 OK for: boxen@8.0.1 want: ^7.2.0
1493 silly placeDep ROOT type-fest@4.41.0 OK for: boxen@8.0.1 want: ^4.21.0
1494 silly placeDep ROOT widest-line@5.0.0 OK for: boxen@8.0.1 want: ^5.0.0
1495 silly placeDep ROOT wrap-ansi@9.0.2 OK for: boxen@8.0.1 want: ^9.0.0
1496 silly fetch manifest string-width@^4.1.0
1497 silly packumentCache full:https://registry.npmjs.org/string-width cache-hit
1498 silly fetch manifest strip-ansi@^7.1.0
1499 silly packumentCache full:https://registry.npmjs.org/strip-ansi cache-miss
1500 silly fetch manifest emoji-regex@^10.3.0
1501 silly packumentCache full:https://registry.npmjs.org/emoji-regex cache-miss
1502 silly fetch manifest get-east-asian-width@^1.0.0
1503 silly packumentCache full:https://registry.npmjs.org/get-east-asian-width cache-miss
1504 silly fetch manifest strip-ansi@^7.1.0
1505 silly packumentCache full:https://registry.npmjs.org/strip-ansi cache-miss
1506 silly fetch manifest ansi-styles@^6.2.1
1507 silly packumentCache full:https://registry.npmjs.org/ansi-styles cache-miss
1508 http fetch GET 200 https://registry.npmjs.org/strip-ansi 21ms (cache miss)
1509 silly packumentCache full:https://registry.npmjs.org/strip-ansi set size:undefined disposed:false
1510 http fetch GET 200 https://registry.npmjs.org/strip-ansi 22ms (cache miss)
1511 silly packumentCache full:https://registry.npmjs.org/strip-ansi set size:undefined disposed:false
1512 http fetch GET 200 https://registry.npmjs.org/emoji-regex 24ms (cache miss)
1513 silly packumentCache full:https://registry.npmjs.org/emoji-regex set size:undefined disposed:false
1514 http fetch GET 200 https://registry.npmjs.org/ansi-styles 26ms (cache miss)
1515 silly packumentCache full:https://registry.npmjs.org/ansi-styles set size:undefined disposed:false
1516 http fetch GET 200 https://registry.npmjs.org/get-east-asian-width 288ms (cache miss)
1517 silly packumentCache full:https://registry.npmjs.org/get-east-asian-width set size:undefined disposed:false
1518 silly placeDep node_modules/ansi-align string-width@4.2.3 OK for: ansi-align@3.0.1 want: ^4.1.0
1519 silly fetch manifest strip-ansi@^6.0.1
1520 silly packumentCache full:https://registry.npmjs.org/strip-ansi cache-miss
1521 silly fetch manifest emoji-regex@^8.0.0
1522 silly packumentCache full:https://registry.npmjs.org/emoji-regex cache-miss
1523 silly fetch manifest is-fullwidth-code-point@^3.0.0
1524 silly packumentCache full:https://registry.npmjs.org/is-fullwidth-code-point cache-miss
1525 http cache https://registry.npmjs.org/strip-ansi 3ms (cache hit)
1526 silly packumentCache full:https://registry.npmjs.org/strip-ansi set size:44998 disposed:false
1527 http cache https://registry.npmjs.org/emoji-regex 4ms (cache hit)
1528 silly packumentCache full:https://registry.npmjs.org/emoji-regex set size:89064 disposed:false
1529 http fetch GET 200 https://registry.npmjs.org/is-fullwidth-code-point 19ms (cache miss)
1530 silly packumentCache full:https://registry.npmjs.org/is-fullwidth-code-point set size:undefined disposed:false
1531 silly placeDep ROOT readdirp@4.1.2 OK for: chokidar@4.0.3 want: ^4.0.1
1532 silly placeDep ROOT ms@2.1.3 OK for: debug@4.4.3 want: ^2.1.3
1533 silly placeDep ROOT base-64@1.0.0 OK for: deterministic-object-hash@2.0.2 want: ^1.0.0
1534 silly placeDep ROOT @esbuild/aix-ppc64@0.27.7 OK for: esbuild@0.27.7 want: 0.27.7
1535 silly placeDep ROOT @esbuild/android-arm@0.27.7 OK for: esbuild@0.27.7 want: 0.27.7
1536 silly placeDep ROOT @esbuild/android-arm64@0.27.7 OK for: esbuild@0.27.7 want: 0.27.7
1537 silly placeDep ROOT @esbuild/android-x64@0.27.7 OK for: esbuild@0.27.7 want: 0.27.7
1538 silly placeDep ROOT @esbuild/darwin-arm64@0.27.7 OK for: esbuild@0.27.7 want: 0.27.7
1539 silly placeDep ROOT @esbuild/darwin-x64@0.27.7 OK for: esbuild@0.27.7 want: 0.27.7
1540 silly placeDep ROOT @esbuild/freebsd-arm64@0.27.7 OK for: esbuild@0.27.7 want: 0.27.7
1541 silly placeDep ROOT @esbuild/freebsd-x64@0.27.7 OK for: esbuild@0.27.7 want: 0.27.7
1542 silly placeDep ROOT @esbuild/linux-arm@0.27.7 OK for: esbuild@0.27.7 want: 0.27.7
1543 silly placeDep ROOT @esbuild/linux-arm64@0.27.7 OK for: esbuild@0.27.7 want: 0.27.7
1544 silly placeDep ROOT @esbuild/linux-ia32@0.27.7 OK for: esbuild@0.27.7 want: 0.27.7
1545 silly placeDep ROOT @esbuild/linux-loong64@0.27.7 OK for: esbuild@0.27.7 want: 0.27.7
1546 silly placeDep ROOT @esbuild/linux-mips64el@0.27.7 OK for: esbuild@0.27.7 want: 0.27.7
1547 silly placeDep ROOT @esbuild/linux-ppc64@0.27.7 OK for: esbuild@0.27.7 want: 0.27.7
1548 silly placeDep ROOT @esbuild/linux-riscv64@0.27.7 OK for: esbuild@0.27.7 want: 0.27.7
1549 silly placeDep ROOT @esbuild/linux-s390x@0.27.7 OK for: esbuild@0.27.7 want: 0.27.7
1550 silly placeDep ROOT @esbuild/linux-x64@0.27.7 OK for: esbuild@0.27.7 want: 0.27.7
1551 silly placeDep ROOT @esbuild/netbsd-arm64@0.27.7 OK for: esbuild@0.27.7 want: 0.27.7
1552 silly placeDep ROOT @esbuild/netbsd-x64@0.27.7 OK for: esbuild@0.27.7 want: 0.27.7
1553 silly placeDep ROOT @esbuild/openbsd-arm64@0.27.7 OK for: esbuild@0.27.7 want: 0.27.7
1554 silly placeDep ROOT @esbuild/openbsd-x64@0.27.7 OK for: esbuild@0.27.7 want: 0.27.7
1555 silly placeDep ROOT @esbuild/openharmony-arm64@0.27.7 OK for: esbuild@0.27.7 want: 0.27.7
1556 silly placeDep ROOT @esbuild/sunos-x64@0.27.7 OK for: esbuild@0.27.7 want: 0.27.7
1557 silly placeDep ROOT @esbuild/win32-arm64@0.27.7 OK for: esbuild@0.27.7 want: 0.27.7
1558 silly placeDep ROOT @esbuild/win32-ia32@0.27.7 OK for: esbuild@0.27.7 want: 0.27.7
1559 silly placeDep ROOT @esbuild/win32-x64@0.27.7 OK for: esbuild@0.27.7 want: 0.27.7
1560 silly placeDep ROOT tiny-inflate@1.0.3 OK for: fontkitten@1.0.3 want: ^1.0.3
1561 silly placeDep ROOT @types/hast@3.0.5 OK for: hast-util-from-html@2.0.3 want: ^3.0.0
1562 silly placeDep ROOT devlop@1.1.0 OK for: hast-util-from-html@2.0.3 want: ^1.1.0
1563 silly placeDep ROOT hast-util-from-parse5@8.0.3 OK for: hast-util-from-html@2.0.3 want: ^8.0.0
1564 silly placeDep ROOT parse5@7.3.0 OK for: hast-util-from-html@2.0.3 want: ^7.0.0
1565 silly placeDep ROOT vfile-message@4.0.3 OK for: hast-util-from-html@2.0.3 want: ^4.0.0
1566 silly fetch manifest @types/unist@*
1567 silly packumentCache full:https://registry.npmjs.org/@types%2funist cache-miss
1568 silly fetch manifest dequal@^2.0.0
1569 silly packumentCache full:https://registry.npmjs.org/dequal cache-miss
1570 silly fetch manifest hastscript@^9.0.0
1571 silly packumentCache full:https://registry.npmjs.org/hastscript cache-miss
1572 silly fetch manifest property-information@^7.0.0
1573 silly packumentCache full:https://registry.npmjs.org/property-information cache-miss
1574 silly fetch manifest vfile-location@^5.0.0
1575 silly packumentCache full:https://registry.npmjs.org/vfile-location cache-miss
1576 silly fetch manifest web-namespaces@^2.0.0
1577 silly packumentCache full:https://registry.npmjs.org/web-namespaces cache-miss
1578 silly fetch manifest entities@^6.0.0
1579 silly packumentCache full:https://registry.npmjs.org/entities cache-miss
1580 silly fetch manifest unist-util-stringify-position@^4.0.0
1581 silly packumentCache full:https://registry.npmjs.org/unist-util-stringify-position cache-miss
1582 http cache https://registry.npmjs.org/@types%2funist 6ms (cache hit)
1583 silly packumentCache full:https://registry.npmjs.org/@types%2funist set size:39215 disposed:false
1584 http fetch GET 200 https://registry.npmjs.org/property-information 280ms (cache miss)
1585 silly packumentCache full:https://registry.npmjs.org/property-information set size:undefined disposed:false
1586 http fetch GET 200 https://registry.npmjs.org/dequal 281ms (cache miss)
1587 silly packumentCache full:https://registry.npmjs.org/dequal set size:undefined disposed:false
1588 http fetch GET 200 https://registry.npmjs.org/web-namespaces 288ms (cache miss)
1589 silly packumentCache full:https://registry.npmjs.org/web-namespaces set size:undefined disposed:false
1590 http fetch GET 200 https://registry.npmjs.org/hastscript 292ms (cache miss)
1591 silly packumentCache full:https://registry.npmjs.org/hastscript set size:undefined disposed:false
1592 http fetch GET 200 https://registry.npmjs.org/entities 293ms (cache miss)
1593 silly packumentCache full:https://registry.npmjs.org/entities set size:undefined disposed:false
1594 http fetch GET 200 https://registry.npmjs.org/unist-util-stringify-position 295ms (cache miss)
1595 silly packumentCache full:https://registry.npmjs.org/unist-util-stringify-position set size:undefined disposed:false
1596 http fetch GET 200 https://registry.npmjs.org/vfile-location 297ms (cache miss)
1597 silly packumentCache full:https://registry.npmjs.org/vfile-location set size:undefined disposed:false
1598 silly placeDep ROOT @types/unist@3.0.3 OK for: @types/hast@3.0.5 want: *
1599 silly placeDep ROOT dequal@2.0.3 OK for: devlop@1.1.0 want: ^2.0.0
1600 silly placeDep ROOT hastscript@9.0.1 OK for: hast-util-from-parse5@8.0.3 want: ^9.0.0
1601 silly placeDep ROOT property-information@7.2.0 OK for: hast-util-from-parse5@8.0.3 want: ^7.0.0
1602 silly placeDep ROOT vfile-location@5.0.3 OK for: hast-util-from-parse5@8.0.3 want: ^5.0.0
1603 silly placeDep ROOT web-namespaces@2.0.1 OK for: hast-util-from-parse5@8.0.3 want: ^2.0.0
1604 silly fetch manifest comma-separated-tokens@^2.0.0
1605 silly packumentCache full:https://registry.npmjs.org/comma-separated-tokens cache-miss
1606 silly fetch manifest hast-util-parse-selector@^4.0.0
1607 silly packumentCache full:https://registry.npmjs.org/hast-util-parse-selector cache-miss
1608 silly fetch manifest space-separated-tokens@^2.0.0
1609 silly packumentCache full:https://registry.npmjs.org/space-separated-tokens cache-miss
1610 http fetch GET 200 https://registry.npmjs.org/space-separated-tokens 283ms (cache miss)
1611 silly packumentCache full:https://registry.npmjs.org/space-separated-tokens set size:undefined disposed:false
1612 http fetch GET 200 https://registry.npmjs.org/hast-util-parse-selector 292ms (cache miss)
1613 silly packumentCache full:https://registry.npmjs.org/hast-util-parse-selector set size:undefined disposed:false
1614 http fetch GET 200 https://registry.npmjs.org/comma-separated-tokens 300ms (cache miss)
1615 silly packumentCache full:https://registry.npmjs.org/comma-separated-tokens set size:undefined disposed:false
1616 silly placeDep ROOT hast-util-is-element@3.0.0 OK for: hast-util-to-text@4.0.2 want: ^3.0.0
1617 silly placeDep ROOT unist-util-find-after@5.0.0 OK for: hast-util-to-text@4.0.2 want: ^5.0.0
1618 silly placeDep ROOT comma-separated-tokens@2.0.3 OK for: hastscript@9.0.1 want: ^2.0.0
1619 silly placeDep ROOT hast-util-parse-selector@4.0.0 OK for: hastscript@9.0.1 want: ^4.0.0
1620 silly placeDep ROOT space-separated-tokens@2.0.2 OK for: hastscript@9.0.1 want: ^2.0.0
1621 silly placeDep ROOT is-inside-container@1.0.0 OK for: is-wsl@3.1.1 want: ^1.0.0
1622 silly placeDep ROOT argparse@2.0.1 OK for: js-yaml@4.3.2 want: ^2.0.1
1623 silly placeDep ROOT @babel/parser@7.29.8 OK for: magicast@0.5.4 want: ^7.29.7
1624 silly placeDep ROOT @babel/types@7.29.8 OK for: magicast@0.5.4 want: ^7.29.7
1625 silly placeDep ROOT source-map-js@1.2.1 OK for: magicast@0.5.4 want: ^1.2.1
1626 silly fetch manifest @babel/types@^7.29.8
1627 silly packumentCache full:https://registry.npmjs.org/@babel%2ftypes cache-miss
1628 silly fetch manifest @babel/helper-string-parser@^7.29.7
1629 silly packumentCache full:https://registry.npmjs.org/@babel%2fhelper-string-parser cache-miss
1630 silly fetch manifest @babel/helper-validator-identifier@^7.29.7
1631 silly packumentCache full:https://registry.npmjs.org/@babel%2fhelper-validator-identifier cache-miss
1632 http cache https://registry.npmjs.org/@babel%2ftypes 3ms (cache hit)
1633 silly packumentCache full:https://registry.npmjs.org/@babel%2ftypes set size:502938 disposed:false
1634 http fetch GET 200 https://registry.npmjs.org/@babel%2fhelper-validator-identifier 24ms (cache miss)
1635 silly packumentCache full:https://registry.npmjs.org/@babel%2fhelper-validator-identifier set size:undefined disposed:false
1636 http fetch GET 200 https://registry.npmjs.org/@babel%2fhelper-string-parser 26ms (cache miss)
1637 silly packumentCache full:https://registry.npmjs.org/@babel%2fhelper-string-parser set size:undefined disposed:false
1638 silly placeDep ROOT @babel/helper-string-parser@7.29.7 OK for: @babel/types@7.29.8 want: ^7.29.7
1639 silly placeDep ROOT @babel/helper-validator-identifier@7.29.7 OK for: @babel/types@7.29.8 want: ^7.29.7
1640 silly placeDep ROOT @types/mdast@4.0.4 OK for: mdast-util-definitions@6.0.0 want: ^4.0.0
1641 silly placeDep ROOT yocto-queue@1.2.2 OK for: p-limit@6.2.0 want: ^1.1.1
1642 silly placeDep ROOT eventemitter3@5.0.4 OK for: p-queue@8.1.1 want: ^5.0.1
1643 silly placeDep ROOT p-timeout@6.1.4 OK for: p-queue@8.1.1 want: ^6.1.2
1644 silly placeDep ROOT entities@6.0.1 OK for: parse5@7.3.0 want: ^6.0.0
1645 silly placeDep node_modules/prompts kleur@3.0.3 OK for: prompts@2.4.2 want: ^3.0.3
1646 silly placeDep ROOT sisteransi@1.0.5 OK for: prompts@2.4.2 want: ^1.0.5
1647 silly placeDep ROOT rehype-parse@9.0.1 OK for: rehype@13.0.2 want: ^9.0.0
1648 silly placeDep ROOT hast-util-raw@9.1.0 OK for: rehype-raw@7.0.0 want: ^9.0.0
1649 silly fetch manifest @ungap/structured-clone@^1.0.0
1650 silly packumentCache full:https://registry.npmjs.org/@ungap%2fstructured-clone cache-miss
1651 silly fetch manifest hast-util-to-parse5@^8.0.0
1652 silly packumentCache full:https://registry.npmjs.org/hast-util-to-parse5 cache-miss
1653 silly fetch manifest html-void-elements@^3.0.0
1654 silly packumentCache full:https://registry.npmjs.org/html-void-elements cache-miss
1655 silly fetch manifest unist-util-position@^5.0.0
1656 silly packumentCache full:https://registry.npmjs.org/unist-util-position cache-miss
1657 silly fetch manifest zwitch@^2.0.0
1658 silly packumentCache full:https://registry.npmjs.org/zwitch cache-miss
1659 http fetch GET 200 https://registry.npmjs.org/unist-util-position 264ms (cache miss)
1660 silly packumentCache full:https://registry.npmjs.org/unist-util-position set size:undefined disposed:false
1661 http fetch GET 200 https://registry.npmjs.org/zwitch 267ms (cache miss)
1662 silly packumentCache full:https://registry.npmjs.org/zwitch set size:undefined disposed:false
1663 http fetch GET 200 https://registry.npmjs.org/hast-util-to-parse5 296ms (cache miss)
1664 silly packumentCache full:https://registry.npmjs.org/hast-util-to-parse5 set size:undefined disposed:false
1665 http fetch GET 200 https://registry.npmjs.org/html-void-elements 298ms (cache miss)
1666 silly packumentCache full:https://registry.npmjs.org/html-void-elements set size:undefined disposed:false
1667 http fetch GET 200 https://registry.npmjs.org/@ungap%2fstructured-clone 769ms (cache miss)
1668 silly packumentCache full:https://registry.npmjs.org/@ungap%2fstructured-clone set size:undefined disposed:false
1669 silly placeDep ROOT @ungap/structured-clone@1.4.0 OK for: hast-util-raw@9.1.0 want: ^1.0.0
1670 silly placeDep ROOT hast-util-to-parse5@8.0.1 OK for: hast-util-raw@9.1.0 want: ^8.0.0
1671 silly placeDep ROOT html-void-elements@3.0.0 OK for: hast-util-raw@9.1.0 want: ^3.0.0
1672 silly placeDep ROOT mdast-util-to-hast@13.2.1 OK for: hast-util-raw@9.1.0 want: ^13.0.0
1673 silly placeDep ROOT unist-util-position@5.0.0 OK for: hast-util-raw@9.1.0 want: ^5.0.0
1674 silly placeDep ROOT zwitch@2.0.4 OK for: hast-util-raw@9.1.0 want: ^2.0.0
1675 silly fetch manifest micromark-util-sanitize-uri@^2.0.0
1676 silly packumentCache full:https://registry.npmjs.org/micromark-util-sanitize-uri cache-miss
1677 silly fetch manifest trim-lines@^3.0.0
1678 silly packumentCache full:https://registry.npmjs.org/trim-lines cache-miss
1679 http fetch GET 200 https://registry.npmjs.org/trim-lines 281ms (cache miss)
1680 silly packumentCache full:https://registry.npmjs.org/trim-lines set size:undefined disposed:false
1681 http fetch GET 200 https://registry.npmjs.org/micromark-util-sanitize-uri 287ms (cache miss)
1682 silly packumentCache full:https://registry.npmjs.org/micromark-util-sanitize-uri set size:undefined disposed:false
1683 silly placeDep ROOT micromark-util-sanitize-uri@2.0.1 OK for: mdast-util-to-hast@13.2.1 want: ^2.0.0
1684 silly placeDep ROOT trim-lines@3.0.1 OK for: mdast-util-to-hast@13.2.1 want: ^3.0.0
1685 silly fetch manifest micromark-util-character@^2.0.0
1686 silly packumentCache full:https://registry.npmjs.org/micromark-util-character cache-miss
1687 silly fetch manifest micromark-util-encode@^2.0.0
1688 silly packumentCache full:https://registry.npmjs.org/micromark-util-encode cache-miss
1689 silly fetch manifest micromark-util-symbol@^2.0.0
1690 silly packumentCache full:https://registry.npmjs.org/micromark-util-symbol cache-miss
1691 http fetch GET 200 https://registry.npmjs.org/micromark-util-encode 286ms (cache miss)
1692 silly packumentCache full:https://registry.npmjs.org/micromark-util-encode set size:undefined disposed:false
1693 http fetch GET 200 https://registry.npmjs.org/micromark-util-symbol 287ms (cache miss)
1694 silly packumentCache full:https://registry.npmjs.org/micromark-util-symbol set size:undefined disposed:false
1695 http fetch GET 200 https://registry.npmjs.org/micromark-util-character 287ms (cache miss)
1696 silly packumentCache full:https://registry.npmjs.org/micromark-util-character set size:undefined disposed:false
1697 silly placeDep ROOT micromark-util-character@2.1.1 OK for: micromark-util-sanitize-uri@2.0.1 want: ^2.0.0
1698 silly placeDep ROOT micromark-util-encode@2.0.1 OK for: micromark-util-sanitize-uri@2.0.1 want: ^2.0.0
1699 silly placeDep ROOT micromark-util-symbol@2.0.1 OK for: micromark-util-sanitize-uri@2.0.1 want: ^2.0.0
1700 silly placeDep ROOT micromark-util-types@2.0.2 OK for: micromark-util-character@2.1.1 want: ^2.0.0
1701 silly placeDep ROOT hast-util-to-html@9.0.5 OK for: rehype-stringify@10.0.1 want: ^9.0.0
1702 silly fetch manifest ccount@^2.0.0
1703 silly packumentCache full:https://registry.npmjs.org/ccount cache-miss
1704 silly fetch manifest hast-util-whitespace@^3.0.0
1705 silly packumentCache full:https://registry.npmjs.org/hast-util-whitespace cache-miss
1706 silly fetch manifest stringify-entities@^4.0.0
1707 silly packumentCache full:https://registry.npmjs.org/stringify-entities cache-miss
1708 http fetch GET 200 https://registry.npmjs.org/hast-util-whitespace 279ms (cache miss)
1709 silly packumentCache full:https://registry.npmjs.org/hast-util-whitespace set size:undefined disposed:false
1710 http fetch GET 200 https://registry.npmjs.org/ccount 285ms (cache miss)
1711 silly packumentCache full:https://registry.npmjs.org/ccount set size:undefined disposed:false
1712 http fetch GET 200 https://registry.npmjs.org/stringify-entities 287ms (cache miss)
1713 silly packumentCache full:https://registry.npmjs.org/stringify-entities set size:undefined disposed:false
1714 silly placeDep ROOT ccount@2.0.1 OK for: hast-util-to-html@9.0.5 want: ^2.0.0
1715 silly placeDep ROOT hast-util-whitespace@3.0.0 OK for: hast-util-to-html@9.0.5 want: ^3.0.0
1716 silly placeDep ROOT stringify-entities@4.0.4 OK for: hast-util-to-html@9.0.5 want: ^4.0.0
1717 silly fetch manifest character-entities-html4@^2.0.0
1718 silly packumentCache full:https://registry.npmjs.org/character-entities-html4 cache-miss
1719 silly fetch manifest character-entities-legacy@^3.0.0
1720 silly packumentCache full:https://registry.npmjs.org/character-entities-legacy cache-miss
1721 http fetch GET 200 https://registry.npmjs.org/character-entities-legacy 264ms (cache miss)
1722 silly packumentCache full:https://registry.npmjs.org/character-entities-legacy set size:undefined disposed:false
1723 http fetch GET 200 https://registry.npmjs.org/character-entities-html4 278ms (cache miss)
1724 silly packumentCache full:https://registry.npmjs.org/character-entities-html4 set size:undefined disposed:false
1725 silly placeDep ROOT mdast-util-gfm@3.1.0 OK for: remark-gfm@4.0.1 want: ^3.0.0
1726 silly placeDep ROOT micromark-extension-gfm@3.0.0 OK for: remark-gfm@4.0.1 want: ^3.0.0
1727 silly placeDep ROOT remark-stringify@11.0.0 OK for: remark-gfm@4.0.1 want: ^11.0.0
1728 silly fetch manifest mdast-util-gfm-autolink-literal@^2.0.0
1729 silly packumentCache full:https://registry.npmjs.org/mdast-util-gfm-autolink-literal cache-miss
1730 silly fetch manifest mdast-util-gfm-footnote@^2.0.0
1731 silly packumentCache full:https://registry.npmjs.org/mdast-util-gfm-footnote cache-miss
1732 silly fetch manifest mdast-util-gfm-strikethrough@^2.0.0
1733 silly packumentCache full:https://registry.npmjs.org/mdast-util-gfm-strikethrough cache-miss
1734 silly fetch manifest mdast-util-gfm-table@^2.0.0
1735 silly packumentCache full:https://registry.npmjs.org/mdast-util-gfm-table cache-miss
1736 silly fetch manifest mdast-util-gfm-task-list-item@^2.0.0
1737 silly packumentCache full:https://registry.npmjs.org/mdast-util-gfm-task-list-item cache-miss
1738 silly fetch manifest mdast-util-to-markdown@^2.0.0
1739 silly packumentCache full:https://registry.npmjs.org/mdast-util-to-markdown cache-miss
1740 silly fetch manifest micromark-extension-gfm-autolink-literal@^2.0.0
1741 silly packumentCache full:https://registry.npmjs.org/micromark-extension-gfm-autolink-literal cache-miss
1742 silly fetch manifest micromark-extension-gfm-footnote@^2.0.0
1743 silly packumentCache full:https://registry.npmjs.org/micromark-extension-gfm-footnote cache-miss
1744 silly fetch manifest micromark-extension-gfm-strikethrough@^2.0.0
1745 silly packumentCache full:https://registry.npmjs.org/micromark-extension-gfm-strikethrough cache-miss
1746 silly fetch manifest micromark-extension-gfm-table@^2.0.0
1747 silly packumentCache full:https://registry.npmjs.org/micromark-extension-gfm-table cache-miss
1748 silly fetch manifest micromark-extension-gfm-tagfilter@^2.0.0
1749 silly packumentCache full:https://registry.npmjs.org/micromark-extension-gfm-tagfilter cache-miss
1750 http fetch GET 200 https://registry.npmjs.org/mdast-util-gfm-autolink-literal 272ms (cache miss)
1751 silly packumentCache full:https://registry.npmjs.org/mdast-util-gfm-autolink-literal set size:undefined disposed:false
1752 silly fetch manifest micromark-extension-gfm-task-list-item@^2.0.0
1753 silly packumentCache full:https://registry.npmjs.org/micromark-extension-gfm-task-list-item cache-miss
1754 http fetch GET 200 https://registry.npmjs.org/micromark-extension-gfm-autolink-literal 281ms (cache miss)
1755 silly packumentCache full:https://registry.npmjs.org/micromark-extension-gfm-autolink-literal set size:undefined disposed:false
1756 silly fetch manifest micromark-util-combine-extensions@^2.0.0
1757 silly packumentCache full:https://registry.npmjs.org/micromark-util-combine-extensions cache-miss
1758 http fetch GET 200 https://registry.npmjs.org/mdast-util-gfm-strikethrough 287ms (cache miss)
1759 silly packumentCache full:https://registry.npmjs.org/mdast-util-gfm-strikethrough set size:undefined disposed:false
1760 silly fetch manifest mdast-util-to-markdown@^2.0.0
1761 silly packumentCache full:https://registry.npmjs.org/mdast-util-to-markdown cache-miss
1762 http fetch GET 200 https://registry.npmjs.org/micromark-extension-gfm-footnote 289ms (cache miss)
1763 silly packumentCache full:https://registry.npmjs.org/micromark-extension-gfm-footnote set size:undefined disposed:false
1764 http fetch GET 200 https://registry.npmjs.org/mdast-util-gfm-task-list-item 293ms (cache miss)
1765 silly packumentCache full:https://registry.npmjs.org/mdast-util-gfm-task-list-item set size:undefined disposed:false
1766 http fetch GET 200 https://registry.npmjs.org/mdast-util-to-markdown 296ms (cache miss)
1767 silly packumentCache full:https://registry.npmjs.org/mdast-util-to-markdown set size:undefined disposed:false
1768 http fetch GET 200 https://registry.npmjs.org/mdast-util-gfm-footnote 298ms (cache miss)
1769 silly packumentCache full:https://registry.npmjs.org/mdast-util-gfm-footnote set size:undefined disposed:false
1770 http fetch GET 200 https://registry.npmjs.org/micromark-extension-gfm-tagfilter 303ms (cache miss)
1771 silly packumentCache full:https://registry.npmjs.org/micromark-extension-gfm-tagfilter set size:undefined disposed:false
1772 http fetch GET 200 https://registry.npmjs.org/micromark-extension-gfm-table 304ms (cache miss)
1773 silly packumentCache full:https://registry.npmjs.org/micromark-extension-gfm-table set size:undefined disposed:false
1774 http fetch GET 200 https://registry.npmjs.org/mdast-util-gfm-table 306ms (cache miss)
1775 silly packumentCache full:https://registry.npmjs.org/mdast-util-gfm-table set size:undefined disposed:false
1776 http fetch GET 200 https://registry.npmjs.org/micromark-extension-gfm-strikethrough 307ms (cache miss)
1777 silly packumentCache full:https://registry.npmjs.org/micromark-extension-gfm-strikethrough set size:undefined disposed:false
1778 http fetch GET 200 https://registry.npmjs.org/micromark-extension-gfm-task-list-item 284ms (cache miss)
1779 silly packumentCache full:https://registry.npmjs.org/micromark-extension-gfm-task-list-item set size:undefined disposed:false
1780 http fetch GET 200 https://registry.npmjs.org/micromark-util-combine-extensions 278ms (cache miss)
1781 silly packumentCache full:https://registry.npmjs.org/micromark-util-combine-extensions set size:undefined disposed:false
1782 http fetch GET 200 https://registry.npmjs.org/mdast-util-to-markdown 293ms (cache miss)
1783 silly packumentCache full:https://registry.npmjs.org/mdast-util-to-markdown set size:undefined disposed:false
1784 silly placeDep ROOT mdast-util-from-markdown@2.0.3 OK for: mdast-util-gfm@3.1.0 want: ^2.0.0
1785 silly placeDep ROOT mdast-util-gfm-autolink-literal@2.0.1 OK for: mdast-util-gfm@3.1.0 want: ^2.0.0
1786 silly placeDep ROOT mdast-util-gfm-footnote@2.1.0 OK for: mdast-util-gfm@3.1.0 want: ^2.0.0
1787 silly placeDep ROOT mdast-util-gfm-strikethrough@2.0.0 OK for: mdast-util-gfm@3.1.0 want: ^2.0.0
1788 silly placeDep ROOT mdast-util-gfm-table@2.0.0 OK for: mdast-util-gfm@3.1.0 want: ^2.0.0
1789 silly placeDep ROOT mdast-util-gfm-task-list-item@2.0.0 OK for: mdast-util-gfm@3.1.0 want: ^2.0.0
1790 silly placeDep ROOT mdast-util-to-markdown@2.1.2 OK for: mdast-util-gfm@3.1.0 want: ^2.0.0
1791 silly fetch manifest decode-named-character-reference@^1.0.0
1792 silly packumentCache full:https://registry.npmjs.org/decode-named-character-reference cache-miss
1793 silly fetch manifest mdast-util-to-string@^4.0.0
1794 silly packumentCache full:https://registry.npmjs.org/mdast-util-to-string cache-miss
1795 silly fetch manifest micromark@^4.0.0
1796 silly packumentCache full:https://registry.npmjs.org/micromark cache-miss
1797 silly fetch manifest micromark-util-decode-numeric-character-reference@^2.0.0
1798 silly packumentCache full:https://registry.npmjs.org/micromark-util-decode-numeric-character-reference cache-miss
1799 silly fetch manifest micromark-util-decode-string@^2.0.0
1800 silly packumentCache full:https://registry.npmjs.org/micromark-util-decode-string cache-miss
1801 silly fetch manifest micromark-util-normalize-identifier@^2.0.0
1802 silly packumentCache full:https://registry.npmjs.org/micromark-util-normalize-identifier cache-miss
1803 silly fetch manifest mdast-util-find-and-replace@^3.0.0
1804 silly packumentCache full:https://registry.npmjs.org/mdast-util-find-and-replace cache-miss
1805 silly fetch manifest micromark-util-normalize-identifier@^2.0.0
1806 silly packumentCache full:https://registry.npmjs.org/micromark-util-normalize-identifier cache-miss
1807 silly fetch manifest markdown-table@^3.0.0
1808 silly packumentCache full:https://registry.npmjs.org/markdown-table cache-miss
1809 silly fetch manifest longest-streak@^3.0.0
1810 silly packumentCache full:https://registry.npmjs.org/longest-streak cache-miss
1811 silly fetch manifest mdast-util-phrasing@^4.0.0
1812 silly packumentCache full:https://registry.npmjs.org/mdast-util-phrasing cache-miss
1813 http fetch GET 200 https://registry.npmjs.org/micromark-util-decode-string 276ms (cache miss)
1814 silly packumentCache full:https://registry.npmjs.org/micromark-util-decode-string set size:undefined disposed:false
1815 silly fetch manifest mdast-util-to-string@^4.0.0
1816 silly packumentCache full:https://registry.npmjs.org/mdast-util-to-string cache-miss
1817 http fetch GET 200 https://registry.npmjs.org/micromark 290ms (cache miss)
1818 silly packumentCache full:https://registry.npmjs.org/micromark set size:undefined disposed:false
1819 silly fetch manifest micromark-util-classify-character@^2.0.0
1820 silly packumentCache full:https://registry.npmjs.org/micromark-util-classify-character cache-miss
1821 http fetch GET 200 https://registry.npmjs.org/mdast-util-phrasing 292ms (cache miss)
1822 silly packumentCache full:https://registry.npmjs.org/mdast-util-phrasing set size:undefined disposed:false
1823 http fetch GET 200 https://registry.npmjs.org/longest-streak 297ms (cache miss)
1824 silly packumentCache full:https://registry.npmjs.org/longest-streak set size:undefined disposed:false
1825 http fetch GET 200 https://registry.npmjs.org/micromark-util-decode-numeric-character-reference 304ms (cache miss)
1826 silly packumentCache full:https://registry.npmjs.org/micromark-util-decode-numeric-character-reference set size:undefined disposed:false
1827 http fetch GET 200 https://registry.npmjs.org/decode-named-character-reference 309ms (cache miss)
1828 silly packumentCache full:https://registry.npmjs.org/decode-named-character-reference set size:undefined disposed:false
1829 http fetch GET 200 https://registry.npmjs.org/mdast-util-find-and-replace 318ms (cache miss)
1830 silly packumentCache full:https://registry.npmjs.org/mdast-util-find-and-replace set size:undefined disposed:false
1831 http fetch GET 200 https://registry.npmjs.org/mdast-util-to-string 319ms (cache miss)
1832 silly packumentCache full:https://registry.npmjs.org/mdast-util-to-string set size:undefined disposed:false
1833 http fetch GET 200 https://registry.npmjs.org/micromark-util-normalize-identifier 320ms (cache miss)
1834 silly packumentCache full:https://registry.npmjs.org/micromark-util-normalize-identifier set size:undefined disposed:false
1835 http fetch GET 200 https://registry.npmjs.org/mdast-util-to-string 44ms (cache miss)
1836 silly packumentCache full:https://registry.npmjs.org/mdast-util-to-string set size:undefined disposed:false
1837 http fetch GET 200 https://registry.npmjs.org/micromark-util-normalize-identifier 323ms (cache miss)
1838 silly packumentCache full:https://registry.npmjs.org/micromark-util-normalize-identifier set size:undefined disposed:false
1839 http fetch GET 200 https://registry.npmjs.org/markdown-table 322ms (cache miss)
1840 silly packumentCache full:https://registry.npmjs.org/markdown-table set size:undefined disposed:false
1841 http fetch GET 200 https://registry.npmjs.org/micromark-util-classify-character 282ms (cache miss)
1842 silly packumentCache full:https://registry.npmjs.org/micromark-util-classify-character set size:undefined disposed:false
1843 silly placeDep ROOT decode-named-character-reference@1.3.0 OK for: mdast-util-from-markdown@2.0.3 want: ^1.0.0
1844 silly placeDep ROOT mdast-util-to-string@4.0.0 OK for: mdast-util-from-markdown@2.0.3 want: ^4.0.0
1845 silly placeDep ROOT micromark@4.0.2 OK for: mdast-util-from-markdown@2.0.3 want: ^4.0.0
1846 silly placeDep ROOT micromark-util-decode-numeric-character-reference@2.0.2 OK for: mdast-util-from-markdown@2.0.3 want: ^2.0.0
1847 silly placeDep ROOT micromark-util-decode-string@2.0.1 OK for: mdast-util-from-markdown@2.0.3 want: ^2.0.0
1848 silly placeDep ROOT micromark-util-normalize-identifier@2.0.1 OK for: mdast-util-from-markdown@2.0.3 want: ^2.0.0
1849 silly placeDep ROOT unist-util-stringify-position@4.0.0 OK for: mdast-util-from-markdown@2.0.3 want: ^4.0.0
1850 silly fetch manifest character-entities@^2.0.0
1851 silly packumentCache full:https://registry.npmjs.org/character-entities cache-miss
1852 silly fetch manifest @types/debug@^4.0.0
1853 silly packumentCache full:https://registry.npmjs.org/@types%2fdebug cache-miss
1854 silly fetch manifest micromark-core-commonmark@^2.0.0
1855 silly packumentCache full:https://registry.npmjs.org/micromark-core-commonmark cache-miss
1856 silly fetch manifest micromark-factory-space@^2.0.0
1857 silly packumentCache full:https://registry.npmjs.org/micromark-factory-space cache-miss
1858 silly fetch manifest micromark-util-chunked@^2.0.0
1859 silly packumentCache full:https://registry.npmjs.org/micromark-util-chunked cache-miss
1860 silly fetch manifest micromark-util-resolve-all@^2.0.0
1861 silly packumentCache full:https://registry.npmjs.org/micromark-util-resolve-all cache-miss
1862 silly fetch manifest micromark-util-subtokenize@^2.0.0
1863 silly packumentCache full:https://registry.npmjs.org/micromark-util-subtokenize cache-miss
1864 http fetch GET 200 https://registry.npmjs.org/character-entities 272ms (cache miss)
1865 silly packumentCache full:https://registry.npmjs.org/character-entities set size:undefined disposed:false
1866 http fetch GET 200 https://registry.npmjs.org/micromark-util-subtokenize 280ms (cache miss)
1867 silly packumentCache full:https://registry.npmjs.org/micromark-util-subtokenize set size:undefined disposed:false
1868 http fetch GET 200 https://registry.npmjs.org/micromark-factory-space 287ms (cache miss)
1869 silly packumentCache full:https://registry.npmjs.org/micromark-factory-space set size:undefined disposed:false
1870 http fetch GET 200 https://registry.npmjs.org/micromark-util-resolve-all 293ms (cache miss)
1871 silly packumentCache full:https://registry.npmjs.org/micromark-util-resolve-all set size:undefined disposed:false
1872 http fetch GET 200 https://registry.npmjs.org/micromark-util-chunked 300ms (cache miss)
1873 silly packumentCache full:https://registry.npmjs.org/micromark-util-chunked set size:undefined disposed:false
1874 http fetch GET 200 https://registry.npmjs.org/micromark-core-commonmark 304ms (cache miss)
1875 silly packumentCache full:https://registry.npmjs.org/micromark-core-commonmark set size:undefined disposed:false
1876 http fetch GET 200 https://registry.npmjs.org/@types%2fdebug 566ms (cache miss)
1877 silly packumentCache full:https://registry.npmjs.org/@types%2fdebug set size:undefined disposed:false
1878 silly placeDep ROOT character-entities@2.0.2 OK for: decode-named-character-reference@1.3.0 want: ^2.0.0
1879 silly placeDep ROOT mdast-util-find-and-replace@3.0.2 OK for: mdast-util-gfm-autolink-literal@2.0.1 want: ^3.0.0
1880 silly fetch manifest escape-string-regexp@^5.0.0
1881 silly packumentCache full:https://registry.npmjs.org/escape-string-regexp cache-miss
1882 http fetch GET 200 https://registry.npmjs.org/escape-string-regexp 17ms (cache miss)
1883 silly packumentCache full:https://registry.npmjs.org/escape-string-regexp set size:undefined disposed:false
1884 silly placeDep ROOT escape-string-regexp@5.0.0 OK for: mdast-util-find-and-replace@3.0.2 want: ^5.0.0
1885 silly placeDep ROOT unist-util-is@6.0.1 OK for: mdast-util-find-and-replace@3.0.2 want: ^6.0.0
1886 silly placeDep ROOT markdown-table@3.0.4 OK for: mdast-util-gfm-table@2.0.0 want: ^3.0.0
1887 silly placeDep ROOT longest-streak@3.1.0 OK for: mdast-util-to-markdown@2.1.2 want: ^3.0.0
1888 silly placeDep ROOT mdast-util-phrasing@4.1.0 OK for: mdast-util-to-markdown@2.1.2 want: ^4.0.0
1889 silly placeDep ROOT micromark-util-classify-character@2.0.1 OK for: mdast-util-to-markdown@2.1.2 want: ^2.0.0
1890 silly placeDep ROOT @types/debug@4.1.13 OK for: micromark@4.0.2 want: ^4.0.0
1891 silly placeDep ROOT micromark-core-commonmark@2.0.3 OK for: micromark@4.0.2 want: ^2.0.0
1892 silly placeDep ROOT micromark-factory-space@2.0.1 OK for: micromark@4.0.2 want: ^2.0.0
1893 silly placeDep ROOT micromark-util-chunked@2.0.1 OK for: micromark@4.0.2 want: ^2.0.0
1894 silly placeDep ROOT micromark-util-combine-extensions@2.0.1 OK for: micromark@4.0.2 want: ^2.0.0
1895 silly placeDep ROOT micromark-util-resolve-all@2.0.1 OK for: micromark@4.0.2 want: ^2.0.0
1896 silly placeDep ROOT micromark-util-subtokenize@2.1.0 OK for: micromark@4.0.2 want: ^2.0.0
1897 silly fetch manifest @types/ms@*
1898 silly packumentCache full:https://registry.npmjs.org/@types%2fms cache-miss
1899 silly fetch manifest micromark-factory-destination@^2.0.0
1900 silly packumentCache full:https://registry.npmjs.org/micromark-factory-destination cache-miss
1901 silly fetch manifest micromark-factory-label@^2.0.0
1902 silly packumentCache full:https://registry.npmjs.org/micromark-factory-label cache-miss
1903 silly fetch manifest micromark-factory-title@^2.0.0
1904 silly packumentCache full:https://registry.npmjs.org/micromark-factory-title cache-miss
1905 silly fetch manifest micromark-factory-whitespace@^2.0.0
1906 silly packumentCache full:https://registry.npmjs.org/micromark-factory-whitespace cache-miss
1907 silly fetch manifest micromark-util-html-tag-name@^2.0.0
1908 silly packumentCache full:https://registry.npmjs.org/micromark-util-html-tag-name cache-miss
1909 http fetch GET 200 https://registry.npmjs.org/micromark-factory-destination 274ms (cache miss)
1910 silly packumentCache full:https://registry.npmjs.org/micromark-factory-destination set size:undefined disposed:false
1911 http fetch GET 200 https://registry.npmjs.org/micromark-factory-label 287ms (cache miss)
1912 silly packumentCache full:https://registry.npmjs.org/micromark-factory-label set size:undefined disposed:false
1913 http fetch GET 200 https://registry.npmjs.org/micromark-util-html-tag-name 289ms (cache miss)
1914 silly packumentCache full:https://registry.npmjs.org/micromark-util-html-tag-name set size:undefined disposed:false
1915 http fetch GET 200 https://registry.npmjs.org/micromark-factory-title 295ms (cache miss)
1916 silly packumentCache full:https://registry.npmjs.org/micromark-factory-title set size:undefined disposed:false
1917 http fetch GET 200 https://registry.npmjs.org/micromark-factory-whitespace 297ms (cache miss)
1918 silly packumentCache full:https://registry.npmjs.org/micromark-factory-whitespace set size:undefined disposed:false
1919 http fetch GET 200 https://registry.npmjs.org/@types%2fms 563ms (cache miss)
1920 silly packumentCache full:https://registry.npmjs.org/@types%2fms set size:undefined disposed:false
1921 silly placeDep ROOT @types/ms@2.1.0 OK for: @types/debug@4.1.13 want: *
1922 silly placeDep ROOT micromark-factory-destination@2.0.1 OK for: micromark-core-commonmark@2.0.3 want: ^2.0.0
1923 silly placeDep ROOT micromark-factory-label@2.0.1 OK for: micromark-core-commonmark@2.0.3 want: ^2.0.0
1924 silly placeDep ROOT micromark-factory-title@2.0.1 OK for: micromark-core-commonmark@2.0.3 want: ^2.0.0
1925 silly placeDep ROOT micromark-factory-whitespace@2.0.1 OK for: micromark-core-commonmark@2.0.3 want: ^2.0.0
1926 silly placeDep ROOT micromark-util-html-tag-name@2.0.1 OK for: micromark-core-commonmark@2.0.3 want: ^2.0.0
1927 silly placeDep ROOT micromark-extension-gfm-autolink-literal@2.1.0 OK for: micromark-extension-gfm@3.0.0 want: ^2.0.0
1928 silly placeDep ROOT micromark-extension-gfm-footnote@2.1.0 OK for: micromark-extension-gfm@3.0.0 want: ^2.0.0
1929 silly placeDep ROOT micromark-extension-gfm-strikethrough@2.1.0 OK for: micromark-extension-gfm@3.0.0 want: ^2.0.0
1930 silly placeDep ROOT micromark-extension-gfm-table@2.1.1 OK for: micromark-extension-gfm@3.0.0 want: ^2.0.0
1931 silly placeDep ROOT micromark-extension-gfm-tagfilter@2.0.0 OK for: micromark-extension-gfm@3.0.0 want: ^2.0.0
1932 silly placeDep ROOT micromark-extension-gfm-task-list-item@2.1.0 OK for: micromark-extension-gfm@3.0.0 want: ^2.0.0
1933 silly placeDep ROOT retext@9.0.0 OK for: remark-smartypants@3.0.3 want: ^9.0.0
1934 silly placeDep ROOT retext-smartypants@6.2.0 OK for: remark-smartypants@3.0.3 want: ^6.0.0
1935 silly fetch manifest @types/nlcst@^2.0.0
1936 silly packumentCache full:https://registry.npmjs.org/@types%2fnlcst cache-miss
1937 silly fetch manifest retext-latin@^4.0.0
1938 silly packumentCache full:https://registry.npmjs.org/retext-latin cache-miss
1939 silly fetch manifest retext-stringify@^4.0.0
1940 silly packumentCache full:https://registry.npmjs.org/retext-stringify cache-miss
1941 silly fetch manifest @types/nlcst@^2.0.0
1942 silly packumentCache full:https://registry.npmjs.org/@types%2fnlcst cache-miss
1943 silly fetch manifest nlcst-to-string@^4.0.0
1944 silly packumentCache full:https://registry.npmjs.org/nlcst-to-string cache-miss
1945 http fetch GET 200 https://registry.npmjs.org/retext-stringify 289ms (cache miss)
1946 silly packumentCache full:https://registry.npmjs.org/retext-stringify set size:undefined disposed:false
1947 http fetch GET 200 https://registry.npmjs.org/retext-latin 295ms (cache miss)
1948 silly packumentCache full:https://registry.npmjs.org/retext-latin set size:undefined disposed:false
1949 http fetch GET 200 https://registry.npmjs.org/@types%2fnlcst 537ms (cache miss)
1950 silly packumentCache full:https://registry.npmjs.org/@types%2fnlcst set size:undefined disposed:false
1951 http fetch GET 200 https://registry.npmjs.org/@types%2fnlcst 544ms (cache miss)
1952 silly packumentCache full:https://registry.npmjs.org/@types%2fnlcst set size:undefined disposed:false
1953 http fetch GET 200 https://registry.npmjs.org/nlcst-to-string 1893ms (cache miss)
1954 silly packumentCache full:https://registry.npmjs.org/nlcst-to-string set size:undefined disposed:false
1955 silly placeDep ROOT @types/nlcst@2.0.3 OK for: retext@9.0.0 want: ^2.0.0
1956 silly placeDep ROOT retext-latin@4.0.0 OK for: retext@9.0.0 want: ^4.0.0
1957 silly placeDep ROOT retext-stringify@4.0.0 OK for: retext@9.0.0 want: ^4.0.0
1958 silly fetch manifest parse-latin@^7.0.0
1959 silly packumentCache full:https://registry.npmjs.org/parse-latin cache-miss
1960 http fetch GET 200 https://registry.npmjs.org/parse-latin 296ms (cache miss)
1961 silly packumentCache full:https://registry.npmjs.org/parse-latin set size:undefined disposed:false
1962 silly placeDep ROOT parse-latin@7.0.0 OK for: retext-latin@4.0.0 want: ^7.0.0
1963 silly fetch manifest unist-util-modify-children@^4.0.0
1964 silly packumentCache full:https://registry.npmjs.org/unist-util-modify-children cache-miss
1965 silly fetch manifest unist-util-visit-children@^3.0.0
1966 silly packumentCache full:https://registry.npmjs.org/unist-util-visit-children cache-miss
1967 http fetch GET 200 https://registry.npmjs.org/unist-util-modify-children 290ms (cache miss)
1968 silly packumentCache full:https://registry.npmjs.org/unist-util-modify-children set size:undefined disposed:false
1969 http fetch GET 200 https://registry.npmjs.org/unist-util-visit-children 294ms (cache miss)
1970 silly packumentCache full:https://registry.npmjs.org/unist-util-visit-children set size:undefined disposed:false
1971 silly placeDep ROOT nlcst-to-string@4.0.0 OK for: parse-latin@7.0.0 want: ^4.0.0
1972 silly placeDep ROOT unist-util-modify-children@4.0.0 OK for: parse-latin@7.0.0 want: ^4.0.0
1973 silly placeDep ROOT unist-util-visit-children@3.0.0 OK for: parse-latin@7.0.0 want: ^3.0.0
1974 silly fetch manifest array-iterate@^2.0.0
1975 silly packumentCache full:https://registry.npmjs.org/array-iterate cache-miss
1976 http fetch GET 200 https://registry.npmjs.org/array-iterate 281ms (cache miss)
1977 silly packumentCache full:https://registry.npmjs.org/array-iterate set size:undefined disposed:false
1978 silly placeDep ROOT @img/colour@1.1.0 OK for: sharp@0.34.5 want: ^1.0.0
1979 silly placeDep ROOT @img/sharp-darwin-arm64@0.34.5 OK for: sharp@0.34.5 want: 0.34.5
1980 silly placeDep ROOT @img/sharp-darwin-x64@0.34.5 OK for: sharp@0.34.5 want: 0.34.5
1981 silly placeDep ROOT @img/sharp-libvips-darwin-arm64@1.2.4 OK for: sharp@0.34.5 want: 1.2.4
1982 silly placeDep ROOT @img/sharp-libvips-darwin-x64@1.2.4 OK for: sharp@0.34.5 want: 1.2.4
1983 silly placeDep ROOT @img/sharp-libvips-linux-arm@1.2.4 OK for: sharp@0.34.5 want: 1.2.4
1984 silly placeDep ROOT @img/sharp-libvips-linux-arm64@1.2.4 OK for: sharp@0.34.5 want: 1.2.4
1985 silly placeDep ROOT @img/sharp-libvips-linux-ppc64@1.2.4 OK for: sharp@0.34.5 want: 1.2.4
1986 silly placeDep ROOT @img/sharp-libvips-linux-riscv64@1.2.4 OK for: sharp@0.34.5 want: 1.2.4
1987 silly placeDep ROOT @img/sharp-libvips-linux-s390x@1.2.4 OK for: sharp@0.34.5 want: 1.2.4
1988 silly placeDep ROOT @img/sharp-libvips-linux-x64@1.2.4 OK for: sharp@0.34.5 want: 1.2.4
1989 silly placeDep ROOT @img/sharp-libvips-linuxmusl-arm64@1.2.4 OK for: sharp@0.34.5 want: 1.2.4
1990 silly placeDep ROOT @img/sharp-libvips-linuxmusl-x64@1.2.4 OK for: sharp@0.34.5 want: 1.2.4
1991 silly placeDep ROOT @img/sharp-linux-arm@0.34.5 OK for: sharp@0.34.5 want: 0.34.5
1992 silly placeDep ROOT @img/sharp-linux-arm64@0.34.5 OK for: sharp@0.34.5 want: 0.34.5
1993 silly placeDep ROOT @img/sharp-linux-ppc64@0.34.5 OK for: sharp@0.34.5 want: 0.34.5
1994 silly placeDep ROOT @img/sharp-linux-riscv64@0.34.5 OK for: sharp@0.34.5 want: 0.34.5
1995 silly placeDep ROOT @img/sharp-linux-s390x@0.34.5 OK for: sharp@0.34.5 want: 0.34.5
1996 silly placeDep ROOT @img/sharp-linux-x64@0.34.5 OK for: sharp@0.34.5 want: 0.34.5
1997 silly placeDep ROOT @img/sharp-linuxmusl-arm64@0.34.5 OK for: sharp@0.34.5 want: 0.34.5
1998 silly placeDep ROOT @img/sharp-linuxmusl-x64@0.34.5 OK for: sharp@0.34.5 want: 0.34.5
1999 silly placeDep ROOT @img/sharp-wasm32@0.34.5 OK for: sharp@0.34.5 want: 0.34.5
2000 silly placeDep ROOT @img/sharp-win32-arm64@0.34.5 OK for: sharp@0.34.5 want: 0.34.5
2001 silly placeDep ROOT @img/sharp-win32-ia32@0.34.5 OK for: sharp@0.34.5 want: 0.34.5
2002 silly placeDep ROOT @img/sharp-win32-x64@0.34.5 OK for: sharp@0.34.5 want: 0.34.5
2003 silly placeDep ROOT detect-libc@2.1.2 OK for: sharp@0.34.5 want: ^2.1.2
2004 silly fetch manifest @emnapi/runtime@^1.7.0
2005 silly packumentCache full:https://registry.npmjs.org/@emnapi%2fruntime cache-miss
2006 http fetch GET 200 https://registry.npmjs.org/@emnapi%2fruntime 920ms (cache miss)
2007 silly packumentCache full:https://registry.npmjs.org/@emnapi%2fruntime set size:undefined disposed:false
2008 silly placeDep ROOT @emnapi/runtime@1.11.3 OK for: @img/sharp-wasm32@0.34.5 want: ^1.7.0
2009 silly fetch manifest tslib@^2.4.0
2010 silly packumentCache full:https://registry.npmjs.org/tslib cache-miss
2011 http cache https://registry.npmjs.org/tslib 3ms (cache hit)
2012 silly packumentCache full:https://registry.npmjs.org/tslib set size:108843 disposed:false
2013 silly placeDep ROOT tslib@2.8.1 OK for: @emnapi/runtime@1.11.3 want: ^2.4.0
2014 silly placeDep ROOT @shikijs/core@3.23.0 OK for: shiki@3.23.0 want: 3.23.0
2015 silly placeDep ROOT @shikijs/engine-javascript@3.23.0 OK for: shiki@3.23.0 want: 3.23.0
2016 silly placeDep ROOT @shikijs/engine-oniguruma@3.23.0 OK for: shiki@3.23.0 want: 3.23.0
2017 silly placeDep ROOT @shikijs/langs@3.23.0 OK for: shiki@3.23.0 want: 3.23.0
2018 silly placeDep ROOT @shikijs/themes@3.23.0 OK for: shiki@3.23.0 want: 3.23.0
2019 silly placeDep ROOT @shikijs/types@3.23.0 OK for: shiki@3.23.0 want: 3.23.0
2020 silly placeDep ROOT @shikijs/vscode-textmate@10.0.2 OK for: shiki@3.23.0 want: ^10.0.2
2021 silly fetch manifest oniguruma-to-es@^4.3.4
2022 silly packumentCache full:https://registry.npmjs.org/oniguruma-to-es cache-miss
2023 http fetch GET 200 https://registry.npmjs.org/oniguruma-to-es 5607ms (cache miss)
2024 silly packumentCache full:https://registry.npmjs.org/oniguruma-to-es set size:143732 disposed:false
2025 silly placeDep ROOT oniguruma-to-es@4.3.6 OK for: @shikijs/engine-javascript@3.23.0 want: ^4.3.4
2026 silly fetch manifest oniguruma-parser@^0.12.2
2027 silly packumentCache full:https://registry.npmjs.org/oniguruma-parser cache-miss
2028 silly fetch manifest regex@^6.1.0
2029 silly packumentCache full:https://registry.npmjs.org/regex cache-miss
2030 silly fetch manifest regex-recursion@^6.0.2
2031 silly packumentCache full:https://registry.npmjs.org/regex-recursion cache-miss
2032 http fetch GET 200 https://registry.npmjs.org/regex 129ms (cache miss)
2033 silly packumentCache full:https://registry.npmjs.org/regex set size:undefined disposed:false
2034 http fetch GET 200 https://registry.npmjs.org/oniguruma-parser 148ms (cache miss)
2035 silly packumentCache full:https://registry.npmjs.org/oniguruma-parser set size:undefined disposed:false
2036 http fetch GET 200 https://registry.npmjs.org/regex-recursion 283ms (cache miss)
2037 silly packumentCache full:https://registry.npmjs.org/regex-recursion set size:undefined disposed:false
2038 silly placeDep ROOT oniguruma-parser@0.12.2 OK for: oniguruma-to-es@4.3.6 want: ^0.12.2
2039 silly placeDep ROOT regex@6.1.0 OK for: oniguruma-to-es@4.3.6 want: ^6.1.0
2040 silly placeDep ROOT regex-recursion@6.0.2 OK for: oniguruma-to-es@4.3.6 want: ^6.0.2
2041 silly fetch manifest regex-utilities@^2.3.0
2042 silly packumentCache full:https://registry.npmjs.org/regex-utilities cache-miss
2043 silly fetch manifest regex-utilities@^2.3.0
2044 silly packumentCache full:https://registry.npmjs.org/regex-utilities cache-miss
2045 http fetch GET 200 https://registry.npmjs.org/regex-utilities 152ms (cache miss)
2046 silly packumentCache full:https://registry.npmjs.org/regex-utilities set size:undefined disposed:false
2047 http fetch GET 200 https://registry.npmjs.org/regex-utilities 279ms (cache miss)
2048 silly packumentCache full:https://registry.npmjs.org/regex-utilities set size:undefined disposed:false
2049 silly placeDep ROOT regex-utilities@2.3.0 OK for: regex@6.1.0 want: ^2.3.0
2050 silly placeDep ROOT emoji-regex@10.6.0 OK for: string-width@7.2.0 want: ^10.3.0
2051 silly placeDep ROOT get-east-asian-width@1.6.0 OK for: string-width@7.2.0 want: ^1.0.0
2052 silly placeDep ROOT strip-ansi@7.2.0 OK for: string-width@7.2.0 want: ^7.1.0
2053 silly fetch manifest ansi-regex@^6.2.2
2054 silly packumentCache full:https://registry.npmjs.org/ansi-regex cache-miss
2055 http cache https://registry.npmjs.org/ansi-regex 3ms (cache hit)
2056 silly packumentCache full:https://registry.npmjs.org/ansi-regex set size:48203 disposed:false
2057 silly placeDep ROOT character-entities-html4@2.1.0 OK for: stringify-entities@4.0.4 want: ^2.0.0
2058 silly placeDep ROOT character-entities-legacy@3.0.0 OK for: stringify-entities@4.0.4 want: ^3.0.0
2059 silly placeDep ROOT ansi-regex@6.3.0 OK for: strip-ansi@7.2.0 want: ^6.2.2
2060 silly placeDep ROOT commander@11.1.0 OK for: svgo@4.1.0 want: ^11.1.0
2061 silly placeDep ROOT css-select@6.0.0 OK for: svgo@4.1.0 want: ^6.0.0
2062 silly placeDep ROOT css-tree@3.2.1 OK for: svgo@4.1.0 want: ^3.0.1
2063 silly placeDep ROOT css-what@7.0.0 OK for: svgo@4.1.0 want: ^7.0.0
2064 silly placeDep ROOT csso@5.0.5 OK for: svgo@4.1.0 want: ^5.0.5
2065 silly placeDep ROOT picocolors@1.1.1 OK for: svgo@4.1.0 want: ^1.1.1
2066 silly placeDep ROOT sax@1.6.1 OK for: svgo@4.1.0 want: 1.6.1
2067 silly fetch manifest boolbase@^1.0.0
2068 silly packumentCache full:https://registry.npmjs.org/boolbase cache-miss
2069 silly fetch manifest domutils@^3.2.2
2070 silly packumentCache full:https://registry.npmjs.org/domutils cache-miss
2071 silly fetch manifest nth-check@^2.1.1
2072 silly packumentCache full:https://registry.npmjs.org/nth-check cache-miss
2073 silly fetch manifest domhandler@^5.0.3
2074 silly packumentCache full:https://registry.npmjs.org/domhandler cache-miss
2075 silly fetch manifest mdn-data@2.27.1
2076 silly packumentCache full:https://registry.npmjs.org/mdn-data cache-miss
2077 silly fetch manifest css-tree@~2.2.0
2078 silly packumentCache full:https://registry.npmjs.org/css-tree cache-miss
2079 http cache https://registry.npmjs.org/css-tree 4ms (cache hit)
2080 silly packumentCache full:https://registry.npmjs.org/css-tree set size:229638 disposed:false
2081 http cache https://registry.npmjs.org/nth-check 6ms (cache hit)
2082 silly packumentCache full:https://registry.npmjs.org/nth-check set size:27445 disposed:false
2083 http cache https://registry.npmjs.org/domutils 7ms (cache hit)
2084 silly packumentCache full:https://registry.npmjs.org/domutils set size:110068 disposed:false
2085 http fetch GET 200 https://registry.npmjs.org/domhandler 191ms (cache miss)
2086 silly packumentCache full:https://registry.npmjs.org/domhandler set size:undefined disposed:false
2087 http fetch GET 200 https://registry.npmjs.org/mdn-data 285ms (cache miss)
2088 silly packumentCache full:https://registry.npmjs.org/mdn-data set size:undefined disposed:false
2089 http fetch GET 200 https://registry.npmjs.org/boolbase 365ms (cache miss)
2090 silly packumentCache full:https://registry.npmjs.org/boolbase set size:undefined disposed:false
2091 silly placeDep ROOT boolbase@1.0.0 OK for: css-select@6.0.0 want: ^1.0.0
2092 silly placeDep ROOT domhandler@5.0.3 OK for: css-select@6.0.0 want: ^5.0.3
2093 silly placeDep ROOT domutils@3.2.2 OK for: css-select@6.0.0 want: ^3.2.2
2094 silly placeDep ROOT nth-check@2.1.1 OK for: css-select@6.0.0 want: ^2.1.1
2095 silly fetch manifest domelementtype@^2.3.0
2096 silly packumentCache full:https://registry.npmjs.org/domelementtype cache-miss
2097 silly fetch manifest dom-serializer@^2.0.0
2098 silly packumentCache full:https://registry.npmjs.org/dom-serializer cache-miss
2099 silly fetch manifest domelementtype@^2.3.0
2100 silly packumentCache full:https://registry.npmjs.org/domelementtype cache-miss
2101 http fetch GET 200 https://registry.npmjs.org/domelementtype 17ms (cache miss)
2102 silly packumentCache full:https://registry.npmjs.org/domelementtype set size:undefined disposed:false
2103 http fetch GET 200 https://registry.npmjs.org/dom-serializer 268ms (cache miss)
2104 silly packumentCache full:https://registry.npmjs.org/dom-serializer set size:undefined disposed:false
2105 http fetch GET 200 https://registry.npmjs.org/domelementtype 295ms (cache miss)
2106 silly packumentCache full:https://registry.npmjs.org/domelementtype set size:undefined disposed:false
2107 silly placeDep ROOT mdn-data@2.27.1 OK for: css-tree@3.2.1 want: 2.27.1
2108 silly placeDep node_modules/csso css-tree@2.2.1 OK for: csso@5.0.5 want: ~2.2.0
2109 silly fetch manifest mdn-data@2.0.28
2110 silly packumentCache full:https://registry.npmjs.org/mdn-data cache-miss
2111 http cache https://registry.npmjs.org/mdn-data 3ms (cache hit)
2112 silly packumentCache full:https://registry.npmjs.org/mdn-data set size:189664 disposed:false
2113 silly placeDep ROOT domelementtype@2.3.0 OK for: domhandler@5.0.3 want: ^2.3.0
2114 silly placeDep ROOT dom-serializer@2.0.0 OK for: domutils@3.2.2 want: ^2.0.0
2115 silly fetch manifest entities@^4.2.0
2116 silly packumentCache full:https://registry.npmjs.org/entities cache-miss
2117 http cache https://registry.npmjs.org/entities 2ms (cache hit)
2118 silly packumentCache full:https://registry.npmjs.org/entities set size:101550 disposed:false
2119 silly placeDep node_modules/dom-serializer entities@4.5.0 OK for: dom-serializer@2.0.0 want: ^4.2.0
2120 silly placeDep ROOT fdir@6.5.0 OK for: tinyglobby@0.2.17 want: ^6.5.0
2121 silly placeDep ROOT bail@2.0.2 OK for: unified@11.0.5 want: ^2.0.0
2122 silly placeDep ROOT extend@3.0.2 OK for: unified@11.0.5 want: ^3.0.0
2123 silly placeDep ROOT is-plain-obj@4.1.0 OK for: unified@11.0.5 want: ^4.0.0
2124 silly placeDep ROOT trough@2.2.0 OK for: unified@11.0.5 want: ^2.0.0
2125 silly placeDep ROOT ohash@2.0.12 OK for: unifont@0.7.5 want: ^2.0.11
2126 silly placeDep ROOT undici@8.10.2 OK for: unifont@0.7.5 want: ^8.0.0
2127 silly placeDep ROOT array-iterate@2.0.1 OK for: unist-util-modify-children@4.0.0 want: ^2.0.0
2128 silly placeDep ROOT anymatch@3.1.3 OK for: unstorage@1.17.5 want: ^3.1.3
2129 silly placeDep node_modules/unstorage chokidar@5.0.0 OK for: unstorage@1.17.5 want: ^5.0.0
2130 silly placeDep ROOT destr@2.0.5 OK for: unstorage@1.17.5 want: ^2.0.5
2131 silly placeDep ROOT h3@1.15.11 OK for: unstorage@1.17.5 want: ^1.15.10
2132 silly placeDep ROOT lru-cache@11.5.2 OK for: unstorage@1.17.5 want: ^11.2.7
2133 silly placeDep ROOT node-fetch-native@1.6.7 OK for: unstorage@1.17.5 want: ^1.6.7
2134 silly placeDep ROOT ofetch@1.5.1 OK for: unstorage@1.17.5 want: ^1.5.1
2135 silly placeDep ROOT ufo@1.6.4 OK for: unstorage@1.17.5 want: ^1.6.3
2136 silly fetch manifest picomatch@^2.0.4
2137 silly packumentCache full:https://registry.npmjs.org/picomatch cache-hit
2138 silly fetch manifest normalize-path@^3.0.0
2139 silly packumentCache full:https://registry.npmjs.org/normalize-path cache-miss
2140 silly fetch manifest readdirp@^5.0.0
2141 silly packumentCache full:https://registry.npmjs.org/readdirp cache-miss
2142 silly fetch manifest defu@^6.1.6
2143 silly packumentCache full:https://registry.npmjs.org/defu cache-miss
2144 silly fetch manifest radix3@^1.1.2
2145 silly packumentCache full:https://registry.npmjs.org/radix3 cache-miss
2146 silly fetch manifest crossws@^0.3.5
2147 silly packumentCache full:https://registry.npmjs.org/crossws cache-miss
2148 silly fetch manifest uncrypto@^0.1.3
2149 silly packumentCache full:https://registry.npmjs.org/uncrypto cache-miss
2150 silly fetch manifest cookie-es@^1.2.3
2151 silly packumentCache full:https://registry.npmjs.org/cookie-es cache-miss
2152 silly fetch manifest iron-webcrypto@^1.2.1
2153 silly packumentCache full:https://registry.npmjs.org/iron-webcrypto cache-miss
2154 silly fetch manifest node-mock-http@^1.0.4
2155 silly packumentCache full:https://registry.npmjs.org/node-mock-http cache-miss
2156 silly fetch manifest ufo@^1.6.1
2157 silly packumentCache full:https://registry.npmjs.org/ufo cache-miss
2158 http cache https://registry.npmjs.org/ufo 7ms (cache hit)
2159 silly packumentCache full:https://registry.npmjs.org/ufo set size:169119 disposed:false
2160 http cache https://registry.npmjs.org/crossws 11ms (cache hit)
2161 silly packumentCache full:https://registry.npmjs.org/crossws set size:120040 disposed:false
2162 http cache https://registry.npmjs.org/readdirp 14ms (cache hit)
2163 silly packumentCache full:https://registry.npmjs.org/readdirp set size:110119 disposed:false
2164 http fetch GET 200 https://registry.npmjs.org/normalize-path 23ms (cache miss)
2165 silly packumentCache full:https://registry.npmjs.org/normalize-path set size:undefined disposed:false
2166 http fetch GET 200 https://registry.npmjs.org/defu 279ms (cache miss)
2167 silly packumentCache full:https://registry.npmjs.org/defu set size:undefined disposed:false
2168 http fetch GET 200 https://registry.npmjs.org/uncrypto 290ms (cache miss)
2169 silly packumentCache full:https://registry.npmjs.org/uncrypto set size:undefined disposed:false
2170 http fetch GET 200 https://registry.npmjs.org/cookie-es 291ms (cache miss)
2171 silly packumentCache full:https://registry.npmjs.org/cookie-es set size:undefined disposed:false
2172 http fetch GET 200 https://registry.npmjs.org/radix3 293ms (cache miss)
2173 silly packumentCache full:https://registry.npmjs.org/radix3 set size:undefined disposed:false
2174 http fetch GET 200 https://registry.npmjs.org/iron-webcrypto 523ms (cache miss)
2175 silly packumentCache full:https://registry.npmjs.org/iron-webcrypto set size:undefined disposed:false
2176 http fetch GET 200 https://registry.npmjs.org/node-mock-http 981ms (cache miss)
2177 silly packumentCache full:https://registry.npmjs.org/node-mock-http set size:undefined disposed:false
2178 silly placeDep ROOT normalize-path@3.0.0 OK for: anymatch@3.1.3 want: ^3.0.0
2179 silly placeDep node_modules/anymatch picomatch@2.3.2 OK for: anymatch@3.1.3 want: ^2.0.4
2180 silly placeDep ROOT cookie-es@1.2.3 OK for: h3@1.15.11 want: ^1.2.3
2181 silly placeDep ROOT crossws@0.3.5 OK for: h3@1.15.11 want: ^0.3.5
2182 silly placeDep ROOT defu@6.1.7 OK for: h3@1.15.11 want: ^6.1.6
2183 silly placeDep ROOT iron-webcrypto@1.2.1 OK for: h3@1.15.11 want: ^1.2.1
2184 silly placeDep ROOT node-mock-http@1.0.5 OK for: h3@1.15.11 want: ^1.0.4
2185 silly placeDep ROOT radix3@1.1.2 OK for: h3@1.15.11 want: ^1.1.2
2186 silly placeDep ROOT uncrypto@0.1.3 OK for: h3@1.15.11 want: ^0.1.3
2187 silly placeDep node_modules/vite esbuild@0.25.12 OK for: vite@6.4.3 want: ^0.25.0
2188 silly placeDep ROOT fsevents@2.3.3 OK for: vite@6.4.3 want: ~2.3.3
2189 silly placeDep ROOT postcss@8.5.28 OK for: vite@6.4.3 want: ^8.5.3
2190 silly placeDep ROOT rollup@4.63.1 OK for: vite@6.4.3 want: ^4.34.9
2191 silly fetch manifest @esbuild/aix-ppc64@0.25.12
2192 silly packumentCache full:https://registry.npmjs.org/@esbuild%2faix-ppc64 cache-miss
2193 silly fetch manifest @esbuild/linux-arm@0.25.12
2194 silly packumentCache full:https://registry.npmjs.org/@esbuild%2flinux-arm cache-miss
2195 silly fetch manifest @esbuild/linux-x64@0.25.12
2196 silly packumentCache full:https://registry.npmjs.org/@esbuild%2flinux-x64 cache-miss
2197 silly fetch manifest @esbuild/sunos-x64@0.25.12
2198 silly packumentCache full:https://registry.npmjs.org/@esbuild%2fsunos-x64 cache-miss
2199 silly fetch manifest @esbuild/win32-x64@0.25.12
2200 silly packumentCache full:https://registry.npmjs.org/@esbuild%2fwin32-x64 cache-miss
2201 silly fetch manifest @esbuild/darwin-x64@0.25.12
2202 silly packumentCache full:https://registry.npmjs.org/@esbuild%2fdarwin-x64 cache-miss
2203 silly fetch manifest @esbuild/linux-ia32@0.25.12
2204 silly packumentCache full:https://registry.npmjs.org/@esbuild%2flinux-ia32 cache-miss
2205 silly fetch manifest @esbuild/netbsd-x64@0.25.12
2206 silly packumentCache full:https://registry.npmjs.org/@esbuild%2fnetbsd-x64 cache-miss
2207 silly fetch manifest @esbuild/win32-ia32@0.25.12
2208 silly packumentCache full:https://registry.npmjs.org/@esbuild%2fwin32-ia32 cache-miss
2209 silly fetch manifest @esbuild/android-arm@0.25.12
2210 silly packumentCache full:https://registry.npmjs.org/@esbuild%2fandroid-arm cache-miss
2211 silly fetch manifest @esbuild/android-x64@0.25.12
2212 silly packumentCache full:https://registry.npmjs.org/@esbuild%2fandroid-x64 cache-miss
2213 http cache https://registry.npmjs.org/@esbuild%2faix-ppc64 11ms (cache hit)
2214 silly packumentCache full:https://registry.npmjs.org/@esbuild%2faix-ppc64 set size:67797 disposed:false
2215 silly fetch manifest @esbuild/freebsd-x64@0.25.12
2216 silly packumentCache full:https://registry.npmjs.org/@esbuild%2ffreebsd-x64 cache-miss
2217 http cache https://registry.npmjs.org/@esbuild%2flinux-arm 13ms (cache hit)
2218 silly packumentCache full:https://registry.npmjs.org/@esbuild%2flinux-arm set size:198596 disposed:false
2219 silly fetch manifest @esbuild/linux-arm64@0.25.12
2220 silly packumentCache full:https://registry.npmjs.org/@esbuild%2flinux-arm64 cache-miss
2221 http cache https://registry.npmjs.org/@esbuild%2fsunos-x64 14ms (cache hit)
2222 silly packumentCache full:https://registry.npmjs.org/@esbuild%2fsunos-x64 set size:199187 disposed:false
2223 silly fetch manifest @esbuild/linux-ppc64@0.25.12
2224 silly packumentCache full:https://registry.npmjs.org/@esbuild%2flinux-ppc64 cache-miss
2225 http cache https://registry.npmjs.org/@esbuild%2flinux-x64 16ms (cache hit)
2226 silly packumentCache full:https://registry.npmjs.org/@esbuild%2flinux-x64 set size:198942 disposed:false
2227 silly fetch manifest @esbuild/linux-s390x@0.25.12
2228 silly packumentCache full:https://registry.npmjs.org/@esbuild%2flinux-s390x cache-miss
2229 http cache https://registry.npmjs.org/@esbuild%2flinux-ia32 16ms (cache hit)
2230 silly packumentCache full:https://registry.npmjs.org/@esbuild%2flinux-ia32 set size:199625 disposed:false
2231 silly fetch manifest @esbuild/openbsd-x64@0.25.12
2232 silly packumentCache full:https://registry.npmjs.org/@esbuild%2fopenbsd-x64 cache-miss
2233 http cache https://registry.npmjs.org/@esbuild%2fwin32-x64 18ms (cache hit)
2234 silly packumentCache full:https://registry.npmjs.org/@esbuild%2fwin32-x64 set size:197540 disposed:false
2235 silly fetch manifest @esbuild/win32-arm64@0.25.12
2236 silly packumentCache full:https://registry.npmjs.org/@esbuild%2fwin32-arm64 cache-miss
2237 http cache https://registry.npmjs.org/@esbuild%2fnetbsd-x64 20ms (cache hit)
2238 silly packumentCache full:https://registry.npmjs.org/@esbuild%2fnetbsd-x64 set size:197314 disposed:false
2239 silly fetch manifest @esbuild/darwin-arm64@0.25.12
2240 silly packumentCache full:https://registry.npmjs.org/@esbuild%2fdarwin-arm64 cache-miss
2241 http cache https://registry.npmjs.org/@esbuild%2fdarwin-x64 22ms (cache hit)
2242 silly packumentCache full:https://registry.npmjs.org/@esbuild%2fdarwin-x64 set size:199670 disposed:false
2243 silly fetch manifest @esbuild/netbsd-arm64@0.25.12
2244 silly packumentCache full:https://registry.npmjs.org/@esbuild%2fnetbsd-arm64 cache-miss
2245 http cache https://registry.npmjs.org/@esbuild%2fwin32-ia32 23ms (cache hit)
2246 silly packumentCache full:https://registry.npmjs.org/@esbuild%2fwin32-ia32 set size:199854 disposed:false
2247 silly fetch manifest @esbuild/android-arm64@0.25.12
2248 silly packumentCache full:https://registry.npmjs.org/@esbuild%2fandroid-arm64 cache-miss
2249 http cache https://registry.npmjs.org/@esbuild%2fandroid-arm 25ms (cache hit)
2250 silly packumentCache full:https://registry.npmjs.org/@esbuild%2fandroid-arm set size:225217 disposed:false
2251 silly fetch manifest @esbuild/freebsd-arm64@0.25.12
2252 silly packumentCache full:https://registry.npmjs.org/@esbuild%2ffreebsd-arm64 cache-miss
2253 http cache https://registry.npmjs.org/@esbuild%2fandroid-x64 28ms (cache hit)
2254 silly packumentCache full:https://registry.npmjs.org/@esbuild%2fandroid-x64 set size:199017 disposed:false
2255 silly fetch manifest @esbuild/linux-loong64@0.25.12
2256 silly packumentCache full:https://registry.npmjs.org/@esbuild%2flinux-loong64 cache-miss
2257 http cache https://registry.npmjs.org/@esbuild%2flinux-arm64 78ms (cache hit)
2258 silly packumentCache full:https://registry.npmjs.org/@esbuild%2flinux-arm64 set size:200773 disposed:false
2259 silly fetch manifest @esbuild/linux-riscv64@0.25.12
2260 silly packumentCache full:https://registry.npmjs.org/@esbuild%2flinux-riscv64 cache-miss
2261 http cache https://registry.npmjs.org/@esbuild%2ffreebsd-x64 83ms (cache hit)
2262 silly packumentCache full:https://registry.npmjs.org/@esbuild%2ffreebsd-x64 set size:200565 disposed:false
2263 silly fetch manifest @esbuild/openbsd-arm64@0.25.12
2264 silly packumentCache full:https://registry.npmjs.org/@esbuild%2fopenbsd-arm64 cache-miss
2265 http cache https://registry.npmjs.org/@esbuild%2flinux-ppc64 82ms (cache hit)
2266 silly packumentCache full:https://registry.npmjs.org/@esbuild%2flinux-ppc64 set size:202845 disposed:false
2267 silly fetch manifest @esbuild/linux-mips64el@0.25.12
2268 silly packumentCache full:https://registry.npmjs.org/@esbuild%2flinux-mips64el cache-miss
2269 http cache https://registry.npmjs.org/@esbuild%2flinux-s390x 84ms (cache hit)
2270 silly packumentCache full:https://registry.npmjs.org/@esbuild%2flinux-s390x set size:202310 disposed:false
2271 silly fetch manifest @esbuild/openharmony-arm64@0.25.12
2272 silly packumentCache full:https://registry.npmjs.org/@esbuild%2fopenharmony-arm64 cache-miss
2273 http cache https://registry.npmjs.org/@esbuild%2fopenbsd-x64 85ms (cache hit)
2274 silly packumentCache full:https://registry.npmjs.org/@esbuild%2fopenbsd-x64 set size:200576 disposed:false
2275 silly fetch manifest nanoid@^3.3.18
2276 silly packumentCache full:https://registry.npmjs.org/nanoid cache-miss
2277 http cache https://registry.npmjs.org/@esbuild%2fwin32-arm64 86ms (cache hit)
2278 silly packumentCache full:https://registry.npmjs.org/@esbuild%2fwin32-arm64 set size:201005 disposed:false
2279 silly fetch manifest @rollup/rollup-darwin-x64@4.63.1
2280 silly packumentCache full:https://registry.npmjs.org/@rollup%2frollup-darwin-x64 cache-miss
2281 http cache https://registry.npmjs.org/@esbuild%2fdarwin-arm64 87ms (cache hit)
2282 silly packumentCache full:https://registry.npmjs.org/@esbuild%2fdarwin-arm64 set size:201471 disposed:false
2283 silly fetch manifest @rollup/rollup-freebsd-x64@4.63.1
2284 silly packumentCache full:https://registry.npmjs.org/@rollup%2frollup-freebsd-x64 cache-miss
2285 http cache https://registry.npmjs.org/@esbuild%2fandroid-arm64 85ms (cache hit)
2286 silly packumentCache full:https://registry.npmjs.org/@esbuild%2fandroid-arm64 set size:204216 disposed:false
2287 silly fetch manifest @rollup/rollup-openbsd-x64@4.63.1
2288 silly packumentCache full:https://registry.npmjs.org/@rollup%2frollup-openbsd-x64 cache-miss
2289 http cache https://registry.npmjs.org/@esbuild%2fnetbsd-arm64 89ms (cache hit)
2290 silly packumentCache full:https://registry.npmjs.org/@esbuild%2fnetbsd-arm64 set size:44308 disposed:false
2291 silly fetch manifest @napi-rs/lzma-linux-x64-gnu@1.5.1
2292 silly packumentCache full:https://registry.npmjs.org/@napi-rs%2flzma-linux-x64-gnu cache-miss
2293 http cache https://registry.npmjs.org/@esbuild%2ffreebsd-arm64 88ms (cache hit)
2294 silly packumentCache full:https://registry.npmjs.org/@esbuild%2ffreebsd-arm64 set size:202383 disposed:false
2295 silly fetch manifest @rollup/rollup-darwin-arm64@4.63.1
2296 silly packumentCache full:https://registry.npmjs.org/@rollup%2frollup-darwin-arm64 cache-miss
2297 http cache https://registry.npmjs.org/@esbuild%2flinux-loong64 88ms (cache hit)
2298 silly packumentCache full:https://registry.npmjs.org/@esbuild%2flinux-loong64 set size:255749 disposed:false
2299 silly fetch manifest @rollup/rollup-android-arm64@4.63.1
2300 silly packumentCache full:https://registry.npmjs.org/@rollup%2frollup-android-arm64 cache-miss
2301 http cache https://registry.npmjs.org/@esbuild%2fopenharmony-arm64 27ms (cache hit)
2302 silly packumentCache full:https://registry.npmjs.org/@esbuild%2fopenharmony-arm64 set size:33054 disposed:false
2303 silly fetch manifest @rollup/rollup-freebsd-arm64@4.63.1
2304 silly packumentCache full:https://registry.npmjs.org/@rollup%2frollup-freebsd-arm64 cache-miss
2305 http cache https://registry.npmjs.org/@esbuild%2flinux-riscv64 37ms (cache hit)
2306 silly packumentCache full:https://registry.npmjs.org/@esbuild%2flinux-riscv64 set size:202512 disposed:false
2307 silly fetch manifest @rollup/rollup-linux-x64-gnu@4.63.1
2308 silly packumentCache full:https://registry.npmjs.org/@rollup%2frollup-linux-x64-gnu cache-miss
2309 http cache https://registry.npmjs.org/@esbuild%2fopenbsd-arm64 36ms (cache hit)
2310 silly packumentCache full:https://registry.npmjs.org/@esbuild%2fopenbsd-arm64 set size:49642 disposed:false
2311 silly fetch manifest @rollup/rollup-win32-x64-gnu@4.63.1
2312 silly packumentCache full:https://registry.npmjs.org/@rollup%2frollup-win32-x64-gnu cache-miss
2313 http cache https://registry.npmjs.org/nanoid 29ms (cache hit)
2314 silly packumentCache full:https://registry.npmjs.org/nanoid set size:342705 disposed:false
2315 silly fetch manifest @rollup/rollup-linux-x64-musl@4.63.1
2316 silly packumentCache full:https://registry.npmjs.org/@rollup%2frollup-linux-x64-musl cache-miss
2317 http cache https://registry.npmjs.org/@esbuild%2flinux-mips64el 42ms (cache hit)
2318 silly packumentCache full:https://registry.npmjs.org/@esbuild%2flinux-mips64el set size:204633 disposed:false
2319 silly fetch manifest @rollup/rollup-win32-x64-msvc@4.63.1
2320 silly packumentCache full:https://registry.npmjs.org/@rollup%2frollup-win32-x64-msvc cache-miss
2321 http cache https://registry.npmjs.org/@napi-rs%2flzma-linux-x64-gnu 33ms (cache hit)
2322 silly packumentCache full:https://registry.npmjs.org/@napi-rs%2flzma-linux-x64-gnu set size:31508 disposed:false
2323 silly fetch manifest @rollup/rollup-linux-arm64-gnu@4.63.1
2324 silly packumentCache full:https://registry.npmjs.org/@rollup%2frollup-linux-arm64-gnu cache-miss
2325 http cache https://registry.npmjs.org/@rollup%2frollup-darwin-arm64 32ms (cache hit)
2326 silly packumentCache full:https://registry.npmjs.org/@rollup%2frollup-darwin-arm64 set size:357142 disposed:false
2327 silly fetch manifest @rollup/rollup-linux-ppc64-gnu@4.63.1
2328 silly packumentCache full:https://registry.npmjs.org/@rollup%2frollup-linux-ppc64-gnu cache-miss
2329 http fetch GET 200 https://registry.npmjs.org/@rollup%2frollup-openbsd-x64 45ms (cache miss)
2330 silly packumentCache full:https://registry.npmjs.org/@rollup%2frollup-openbsd-x64 set size:undefined disposed:false
2331 silly fetch manifest @rollup/rollup-linux-s390x-gnu@4.63.1
2332 silly packumentCache full:https://registry.npmjs.org/@rollup%2frollup-linux-s390x-gnu cache-miss
2333 http fetch GET 200 https://registry.npmjs.org/@rollup%2frollup-linux-arm64-gnu 34ms (cache miss)
2334 silly packumentCache full:https://registry.npmjs.org/@rollup%2frollup-linux-arm64-gnu set size:undefined disposed:false
2335 silly fetch manifest @rollup/rollup-win32-ia32-msvc@4.63.1
2336 silly packumentCache full:https://registry.npmjs.org/@rollup%2frollup-win32-ia32-msvc cache-miss
2337 http fetch GET 200 https://registry.npmjs.org/@rollup%2frollup-freebsd-x64 153ms (cache miss)
2338 silly packumentCache full:https://registry.npmjs.org/@rollup%2frollup-freebsd-x64 set size:undefined disposed:false
2339 silly fetch manifest @rollup/rollup-android-arm-eabi@4.63.1
2340 silly packumentCache full:https://registry.npmjs.org/@rollup%2frollup-android-arm-eabi cache-miss
2341 http fetch GET 200 https://registry.npmjs.org/@rollup%2frollup-android-arm-eabi 33ms (cache miss)
2342 silly packumentCache full:https://registry.npmjs.org/@rollup%2frollup-android-arm-eabi set size:undefined disposed:false
2343 silly fetch manifest @rollup/rollup-linux-arm64-musl@4.63.1
2344 silly packumentCache full:https://registry.npmjs.org/@rollup%2frollup-linux-arm64-musl cache-miss
2345 http fetch GET 200 https://registry.npmjs.org/@rollup%2frollup-win32-x64-gnu 169ms (cache miss)
2346 silly packumentCache full:https://registry.npmjs.org/@rollup%2frollup-win32-x64-gnu set size:undefined disposed:false
2347 silly fetch manifest @rollup/rollup-linux-ppc64-musl@4.63.1
2348 silly packumentCache full:https://registry.npmjs.org/@rollup%2frollup-linux-ppc64-musl cache-miss
2349 http fetch GET 200 https://registry.npmjs.org/@rollup%2frollup-linux-arm64-musl 32ms (cache miss)
2350 silly packumentCache full:https://registry.npmjs.org/@rollup%2frollup-linux-arm64-musl set size:undefined disposed:false
2351 silly fetch manifest @rollup/rollup-win32-arm64-msvc@4.63.1
2352 silly packumentCache full:https://registry.npmjs.org/@rollup%2frollup-win32-arm64-msvc cache-miss
2353 http fetch GET 200 https://registry.npmjs.org/@rollup%2frollup-linux-x64-musl 267ms (cache miss)
2354 silly packumentCache full:https://registry.npmjs.org/@rollup%2frollup-linux-x64-musl set size:undefined disposed:false
2355 silly fetch manifest @rollup/rollup-linux-loong64-gnu@4.63.1
2356 silly packumentCache full:https://registry.npmjs.org/@rollup%2frollup-linux-loong64-gnu cache-miss
2357 http cache https://registry.npmjs.org/@rollup%2frollup-linux-loong64-gnu 3ms (cache hit)
2358 silly packumentCache full:https://registry.npmjs.org/@rollup%2frollup-linux-loong64-gnu set size:89277 disposed:false
2359 silly fetch manifest @rollup/rollup-linux-riscv64-gnu@4.63.1
2360 silly packumentCache full:https://registry.npmjs.org/@rollup%2frollup-linux-riscv64-gnu cache-miss
2361 http fetch GET 200 https://registry.npmjs.org/@rollup%2frollup-linux-s390x-gnu 282ms (cache miss)
2362 silly packumentCache full:https://registry.npmjs.org/@rollup%2frollup-linux-s390x-gnu set size:undefined disposed:false
2363 silly fetch manifest @rollup/rollup-openharmony-arm64@4.63.1
2364 silly packumentCache full:https://registry.npmjs.org/@rollup%2frollup-openharmony-arm64 cache-miss
2365 http fetch GET 200 https://registry.npmjs.org/@rollup%2frollup-win32-ia32-msvc 292ms (cache miss)
2366 silly packumentCache full:https://registry.npmjs.org/@rollup%2frollup-win32-ia32-msvc set size:undefined disposed:false
2367 silly fetch manifest @rollup/rollup-linux-loong64-musl@4.63.1
2368 silly packumentCache full:https://registry.npmjs.org/@rollup%2frollup-linux-loong64-musl cache-miss
2369 http fetch GET 200 https://registry.npmjs.org/@rollup%2frollup-darwin-x64 444ms (cache miss)
2370 silly packumentCache full:https://registry.npmjs.org/@rollup%2frollup-darwin-x64 set size:undefined disposed:false
2371 silly fetch manifest @rollup/rollup-linux-riscv64-musl@4.63.1
2372 silly packumentCache full:https://registry.npmjs.org/@rollup%2frollup-linux-riscv64-musl cache-miss
2373 http fetch GET 200 https://registry.npmjs.org/@rollup%2frollup-win32-arm64-msvc 302ms (cache miss)
2374 silly packumentCache full:https://registry.npmjs.org/@rollup%2frollup-win32-arm64-msvc set size:undefined disposed:false
2375 silly fetch manifest @rollup/rollup-linux-arm-gnueabihf@4.63.1
2376 silly packumentCache full:https://registry.npmjs.org/@rollup%2frollup-linux-arm-gnueabihf cache-miss
2377 http fetch GET 200 https://registry.npmjs.org/@rollup%2frollup-openharmony-arm64 200ms (cache miss)
2378 silly packumentCache full:https://registry.npmjs.org/@rollup%2frollup-openharmony-arm64 set size:undefined disposed:false
2379 silly fetch manifest @rollup/rollup-linux-arm-musleabihf@4.63.1
2380 silly packumentCache full:https://registry.npmjs.org/@rollup%2frollup-linux-arm-musleabihf cache-miss
2381 http cache https://registry.npmjs.org/@rollup%2frollup-linux-arm-musleabihf 2ms (cache hit)
2382 silly packumentCache full:https://registry.npmjs.org/@rollup%2frollup-linux-arm-musleabihf set size:262647 disposed:false
2383 http fetch GET 200 https://registry.npmjs.org/@rollup%2frollup-linux-loong64-musl 177ms (cache miss)
2384 silly packumentCache full:https://registry.npmjs.org/@rollup%2frollup-linux-loong64-musl set size:undefined disposed:false
2385 http fetch GET 200 https://registry.npmjs.org/@rollup%2frollup-linux-riscv64-gnu 260ms (cache miss)
2386 silly packumentCache full:https://registry.npmjs.org/@rollup%2frollup-linux-riscv64-gnu set size:undefined disposed:false
2387 http fetch GET 200 https://registry.npmjs.org/@rollup%2frollup-android-arm64 663ms (cache miss)
2388 silly packumentCache full:https://registry.npmjs.org/@rollup%2frollup-android-arm64 set size:undefined disposed:false
2389 http fetch GET 200 https://registry.npmjs.org/@rollup%2frollup-linux-arm-gnueabihf 252ms (cache miss)
2390 silly packumentCache full:https://registry.npmjs.org/@rollup%2frollup-linux-arm-gnueabihf set size:undefined disposed:false
2391 http fetch GET 200 https://registry.npmjs.org/@rollup%2frollup-linux-x64-gnu 770ms (cache miss)
2392 silly packumentCache full:https://registry.npmjs.org/@rollup%2frollup-linux-x64-gnu set size:undefined disposed:false
2393 http fetch GET 200 https://registry.npmjs.org/@rollup%2frollup-freebsd-arm64 806ms (cache miss)
2394 silly packumentCache full:https://registry.npmjs.org/@rollup%2frollup-freebsd-arm64 set size:undefined disposed:false
2395 http fetch GET 200 https://registry.npmjs.org/@rollup%2frollup-linux-ppc64-musl 787ms (cache miss)
2396 silly packumentCache full:https://registry.npmjs.org/@rollup%2frollup-linux-ppc64-musl set size:undefined disposed:false
2397 http fetch GET 200 https://registry.npmjs.org/@rollup%2frollup-linux-riscv64-musl 792ms (cache miss)
2398 silly packumentCache full:https://registry.npmjs.org/@rollup%2frollup-linux-riscv64-musl set size:undefined disposed:false
2399 http fetch GET 200 https://registry.npmjs.org/@rollup%2frollup-linux-ppc64-gnu 3218ms (cache miss)
2400 silly packumentCache full:https://registry.npmjs.org/@rollup%2frollup-linux-ppc64-gnu set size:undefined disposed:false
2401 http fetch GET 200 https://registry.npmjs.org/@rollup%2frollup-win32-x64-msvc 3894ms (cache miss)
2402 silly packumentCache full:https://registry.npmjs.org/@rollup%2frollup-win32-x64-msvc set size:undefined disposed:false
2403 silly placeDep ROOT nanoid@3.3.18 OK for: postcss@8.5.28 want: ^3.3.18
2404 silly placeDep ROOT @napi-rs/lzma-linux-x64-gnu@1.5.1 OK for: rollup@4.63.1 want: 1.5.1
2405 silly placeDep ROOT @rollup/rollup-android-arm-eabi@4.63.1 OK for: rollup@4.63.1 want: 4.63.1
2406 silly placeDep ROOT @rollup/rollup-android-arm64@4.63.1 OK for: rollup@4.63.1 want: 4.63.1
2407 silly placeDep ROOT @rollup/rollup-darwin-arm64@4.63.1 OK for: rollup@4.63.1 want: 4.63.1
2408 silly placeDep ROOT @rollup/rollup-darwin-x64@4.63.1 OK for: rollup@4.63.1 want: 4.63.1
2409 silly placeDep ROOT @rollup/rollup-freebsd-arm64@4.63.1 OK for: rollup@4.63.1 want: 4.63.1
2410 silly placeDep ROOT @rollup/rollup-freebsd-x64@4.63.1 OK for: rollup@4.63.1 want: 4.63.1
2411 silly placeDep ROOT @rollup/rollup-linux-arm-gnueabihf@4.63.1 OK for: rollup@4.63.1 want: 4.63.1
2412 silly placeDep ROOT @rollup/rollup-linux-arm-musleabihf@4.63.1 OK for: rollup@4.63.1 want: 4.63.1
2413 silly placeDep ROOT @rollup/rollup-linux-arm64-gnu@4.63.1 OK for: rollup@4.63.1 want: 4.63.1
2414 silly placeDep ROOT @rollup/rollup-linux-arm64-musl@4.63.1 OK for: rollup@4.63.1 want: 4.63.1
2415 silly placeDep ROOT @rollup/rollup-linux-loong64-gnu@4.63.1 OK for: rollup@4.63.1 want: 4.63.1
2416 silly placeDep ROOT @rollup/rollup-linux-loong64-musl@4.63.1 OK for: rollup@4.63.1 want: 4.63.1
2417 silly placeDep ROOT @rollup/rollup-linux-ppc64-gnu@4.63.1 OK for: rollup@4.63.1 want: 4.63.1
2418 silly placeDep ROOT @rollup/rollup-linux-ppc64-musl@4.63.1 OK for: rollup@4.63.1 want: 4.63.1
2419 silly placeDep ROOT @rollup/rollup-linux-riscv64-gnu@4.63.1 OK for: rollup@4.63.1 want: 4.63.1
2420 silly placeDep ROOT @rollup/rollup-linux-riscv64-musl@4.63.1 OK for: rollup@4.63.1 want: 4.63.1
2421 silly placeDep ROOT @rollup/rollup-linux-s390x-gnu@4.63.1 OK for: rollup@4.63.1 want: 4.63.1
2422 silly placeDep ROOT @rollup/rollup-linux-x64-gnu@4.63.1 OK for: rollup@4.63.1 want: 4.63.1
2423 silly placeDep ROOT @rollup/rollup-linux-x64-musl@4.63.1 OK for: rollup@4.63.1 want: 4.63.1
2424 silly placeDep ROOT @rollup/rollup-openbsd-x64@4.63.1 OK for: rollup@4.63.1 want: 4.63.1
2425 silly placeDep ROOT @rollup/rollup-openharmony-arm64@4.63.1 OK for: rollup@4.63.1 want: 4.63.1
2426 silly placeDep ROOT @rollup/rollup-win32-arm64-msvc@4.63.1 OK for: rollup@4.63.1 want: 4.63.1
2427 silly placeDep ROOT @rollup/rollup-win32-ia32-msvc@4.63.1 OK for: rollup@4.63.1 want: 4.63.1
2428 silly placeDep ROOT @rollup/rollup-win32-x64-gnu@4.63.1 OK for: rollup@4.63.1 want: 4.63.1
2429 silly placeDep ROOT @rollup/rollup-win32-x64-msvc@4.63.1 OK for: rollup@4.63.1 want: 4.63.1
2430 silly placeDep ROOT vscode-css-languageservice@6.3.10 OK for: volar-service-css@0.0.71 want: ^6.3.0
2431 silly fetch manifest vscode-languageserver-types@3.17.5
2432 silly packumentCache full:https://registry.npmjs.org/vscode-languageserver-types cache-hit
2433 silly placeDep ROOT @emmetio/css-parser@0.4.1 OK for: volar-service-emmet@0.0.71 want: ^0.4.1
2434 silly placeDep ROOT @emmetio/html-matcher@1.3.0 OK for: volar-service-emmet@0.0.71 want: ^1.3.0
2435 silly placeDep ROOT @vscode/emmet-helper@2.11.0 OK for: volar-service-emmet@0.0.71 want: ^2.9.3
2436 silly fetch manifest @emmetio/stream-reader@^2.2.0
2437 silly packumentCache full:https://registry.npmjs.org/@emmetio%2fstream-reader cache-miss
2438 silly fetch manifest @emmetio/stream-reader-utils@^0.1.0
2439 silly packumentCache full:https://registry.npmjs.org/@emmetio%2fstream-reader-utils cache-miss
2440 silly fetch manifest @emmetio/scanner@^1.0.0
2441 silly packumentCache full:https://registry.npmjs.org/@emmetio%2fscanner cache-miss
2442 silly fetch manifest emmet@^2.4.3
2443 silly packumentCache full:https://registry.npmjs.org/emmet cache-miss
2444 silly fetch manifest jsonc-parser@^2.3.0
2445 silly packumentCache full:https://registry.npmjs.org/jsonc-parser cache-miss
2446 silly fetch manifest vscode-languageserver-types@^3.15.1
2447 silly packumentCache full:https://registry.npmjs.org/vscode-languageserver-types cache-hit
2448 http cache https://registry.npmjs.org/@emmetio%2fstream-reader 6ms (cache hit)
2449 silly packumentCache full:https://registry.npmjs.org/@emmetio%2fstream-reader set size:11059 disposed:false
2450 http cache https://registry.npmjs.org/emmet 6ms (cache hit)
2451 silly packumentCache full:https://registry.npmjs.org/emmet set size:165698 disposed:false
2452 http cache https://registry.npmjs.org/@emmetio%2fstream-reader-utils 8ms (cache hit)
2453 silly packumentCache full:https://registry.npmjs.org/@emmetio%2fstream-reader-utils set size:2497 disposed:false
2454 http cache https://registry.npmjs.org/@emmetio%2fscanner 8ms (cache hit)
2455 silly packumentCache full:https://registry.npmjs.org/@emmetio%2fscanner set size:36737 disposed:false
2456 http cache https://registry.npmjs.org/jsonc-parser 8ms (cache hit)
2457 silly packumentCache full:https://registry.npmjs.org/jsonc-parser set size:102715 disposed:false
2458 silly placeDep ROOT @emmetio/stream-reader@2.2.0 OK for: @emmetio/css-parser@0.4.1 want: ^2.2.0
2459 silly placeDep ROOT @emmetio/stream-reader-utils@0.1.0 OK for: @emmetio/css-parser@0.4.1 want: ^0.1.0
2460 silly placeDep ROOT @emmetio/scanner@1.0.4 OK for: @emmetio/html-matcher@1.3.0 want: ^1.0.0
2461 silly placeDep ROOT emmet@2.4.11 OK for: @vscode/emmet-helper@2.11.0 want: ^2.4.3
2462 silly placeDep ROOT jsonc-parser@2.3.1 OK for: @vscode/emmet-helper@2.11.0 want: ^2.3.0
2463 silly placeDep ROOT vscode-languageserver-types@3.18.3 OK for: @vscode/emmet-helper@2.11.0 want: ^3.15.1
2464 silly fetch manifest @emmetio/abbreviation@^2.3.3
2465 silly packumentCache full:https://registry.npmjs.org/@emmetio%2fabbreviation cache-miss
2466 silly fetch manifest @emmetio/css-abbreviation@^2.1.8
2467 silly packumentCache full:https://registry.npmjs.org/@emmetio%2fcss-abbreviation cache-miss
2468 http fetch GET 200 https://registry.npmjs.org/@emmetio%2fabbreviation 764ms (cache miss)
2469 silly packumentCache full:https://registry.npmjs.org/@emmetio%2fabbreviation set size:undefined disposed:false
2470 http fetch GET 200 https://registry.npmjs.org/@emmetio%2fcss-abbreviation 906ms (cache miss)
2471 silly packumentCache full:https://registry.npmjs.org/@emmetio%2fcss-abbreviation set size:undefined disposed:false
2472 silly placeDep ROOT @emmetio/abbreviation@2.3.3 OK for: emmet@2.4.11 want: ^2.3.3
2473 silly placeDep ROOT @emmetio/css-abbreviation@2.1.8 OK for: emmet@2.4.11 want: ^2.1.8
2474 silly placeDep ROOT typescript-auto-import-cache@0.3.6 OK for: volar-service-typescript@0.0.71 want: ^0.3.5
2475 silly placeDep ROOT vscode-nls@5.2.0 OK for: volar-service-typescript@0.0.71 want: ^5.2.0
2476 silly placeDep ROOT yaml-language-server@1.23.0 OK for: volar-service-yaml@0.0.71 want: ~1.23.0
2477 silly fetch manifest ajv@^8.17.1
2478 silly packumentCache full:https://registry.npmjs.org/ajv cache-miss
2479 silly fetch manifest yaml@2.8.3
2480 silly packumentCache full:https://registry.npmjs.org/yaml cache-hit
2481 silly fetch manifest ajv-i18n@^4.2.0
2482 silly packumentCache full:https://registry.npmjs.org/ajv-i18n cache-miss
2483 silly fetch manifest prettier@^3.8.1
2484 silly packumentCache full:https://registry.npmjs.org/prettier cache-miss
2485 silly fetch manifest ajv-draft-04@^1.0.0
2486 silly packumentCache full:https://registry.npmjs.org/ajv-draft-04 cache-miss
2487 silly fetch manifest request-light@^0.5.7
2488 silly packumentCache full:https://registry.npmjs.org/request-light cache-miss
2489 silly fetch manifest vscode-json-languageservice@4.1.8
2490 silly packumentCache full:https://registry.npmjs.org/vscode-json-languageservice cache-miss
2491 http cache https://registry.npmjs.org/prettier 6ms (cache hit)
2492 silly packumentCache full:https://registry.npmjs.org/prettier set size:716664 disposed:false
2493 http cache https://registry.npmjs.org/ajv 11ms (cache hit)
2494 silly packumentCache full:https://registry.npmjs.org/ajv set size:1142658 disposed:false
2495 http cache https://registry.npmjs.org/ajv-i18n 15ms (cache hit)
2496 silly packumentCache full:https://registry.npmjs.org/ajv-i18n set size:130757 disposed:false
2497 http cache https://registry.npmjs.org/ajv-draft-04 15ms (cache hit)
2498 silly packumentCache full:https://registry.npmjs.org/ajv-draft-04 set size:12673 disposed:false
2499 http cache https://registry.npmjs.org/request-light 16ms (cache hit)
2500 silly packumentCache full:https://registry.npmjs.org/request-light set size:72869 disposed:false
2501 http cache https://registry.npmjs.org/vscode-json-languageservice 17ms (cache hit)
2502 silly packumentCache full:https://registry.npmjs.org/vscode-json-languageservice set size:552930 disposed:false
2503 silly placeDep ROOT @vscode/l10n@0.0.18 OK for: vscode-css-languageservice@6.3.10 want: ^0.0.18
2504 silly placeDep node_modules/vscode-css-languageservice vscode-languageserver-types@3.17.5 OK for: vscode-css-languageservice@6.3.10 want: 3.17.5
2505 silly placeDep node_modules/vscode-languageserver vscode-languageserver-protocol@3.17.5 OK for: vscode-languageserver@9.0.1 want: 3.17.5
2506 silly fetch manifest vscode-jsonrpc@8.2.0
2507 silly packumentCache full:https://registry.npmjs.org/vscode-jsonrpc cache-miss
2508 http cache https://registry.npmjs.org/vscode-jsonrpc 3ms (cache hit)
2509 silly packumentCache full:https://registry.npmjs.org/vscode-jsonrpc set size:400356 disposed:false
2510 silly placeDep ROOT vscode-jsonrpc@9.0.2 OK for: vscode-languageserver-protocol@3.18.3 want: 9.0.2
2511 silly placeDep ROOT ansi-styles@6.2.3 OK for: wrap-ansi@9.0.2 want: ^6.2.1
2512 silly placeDep ROOT ajv@8.20.0 OK for: yaml-language-server@1.23.0 want: ^8.17.1
2513 silly placeDep ROOT ajv-draft-04@1.0.0 OK for: yaml-language-server@1.23.0 want: ^1.0.0
2514 silly placeDep ROOT ajv-i18n@4.2.0 OK for: yaml-language-server@1.23.0 want: ^4.2.0
2515 silly placeDep ROOT prettier@3.9.6 OK for: yaml-language-server@1.23.0 want: ^3.8.1
2516 silly placeDep node_modules/yaml-language-server request-light@0.5.8 OK for: yaml-language-server@1.23.0 want: ^0.5.7
2517 silly placeDep ROOT vscode-json-languageservice@4.1.8 OK for: yaml-language-server@1.23.0 want: 4.1.8
2518 silly placeDep node_modules/yaml-language-server yaml@2.8.3 OK for: yaml-language-server@1.23.0 want: 2.8.3
2519 silly fetch manifest fast-deep-equal@^3.1.3
2520 silly packumentCache full:https://registry.npmjs.org/fast-deep-equal cache-miss
2521 silly fetch manifest fast-uri@^3.0.1
2522 silly packumentCache full:https://registry.npmjs.org/fast-uri cache-miss
2523 silly fetch manifest json-schema-traverse@^1.0.0
2524 silly packumentCache full:https://registry.npmjs.org/json-schema-traverse cache-miss
2525 silly fetch manifest require-from-string@^2.0.2
2526 silly packumentCache full:https://registry.npmjs.org/require-from-string cache-miss
2527 silly fetch manifest jsonc-parser@^3.0.0
2528 silly packumentCache full:https://registry.npmjs.org/jsonc-parser cache-hit
2529 http cache https://registry.npmjs.org/json-schema-traverse 4ms (cache hit)
2530 silly packumentCache full:https://registry.npmjs.org/json-schema-traverse set size:23537 disposed:false
2531 http cache https://registry.npmjs.org/fast-uri 5ms (cache hit)
2532 silly packumentCache full:https://registry.npmjs.org/fast-uri set size:121948 disposed:false
2533 http fetch GET 200 https://registry.npmjs.org/fast-deep-equal 200ms (cache miss)
2534 silly packumentCache full:https://registry.npmjs.org/fast-deep-equal set size:undefined disposed:false
2535 http fetch GET 200 https://registry.npmjs.org/require-from-string 286ms (cache miss)
2536 silly packumentCache full:https://registry.npmjs.org/require-from-string set size:undefined disposed:false
2537 silly placeDep ROOT fast-deep-equal@3.1.3 OK for: ajv@8.20.0 want: ^3.1.3
2538 silly placeDep ROOT fast-uri@3.1.7 OK for: ajv@8.20.0 want: ^3.0.1
2539 silly placeDep ROOT json-schema-traverse@1.0.0 OK for: ajv@8.20.0 want: ^1.0.0
2540 silly placeDep ROOT require-from-string@2.0.2 OK for: ajv@8.20.0 want: ^2.0.2
2541 silly placeDep node_modules/vscode-json-languageservice jsonc-parser@3.3.1 OK for: vscode-json-languageservice@4.1.8 want: ^3.0.0
2542 silly placeDep ROOT cliui@9.0.1 OK for: yargs@18.1.0 want: ^9.0.1
2543 silly placeDep ROOT escalade@3.2.0 OK for: yargs@18.1.0 want: ^3.1.1
2544 silly placeDep ROOT get-caller-file@2.0.5 OK for: yargs@18.1.0 want: ^2.0.5
2545 silly placeDep node_modules/yargs string-width@8.2.2 OK for: yargs@18.1.0 want: ^8.2.1
2546 silly placeDep ROOT y18n@5.0.8 OK for: yargs@18.1.0 want: ^5.0.5
2547 silly placeDep node_modules/yargs yargs-parser@22.0.0 OK for: yargs@18.1.0 want: ^22.0.0
2548 silly placeDep ROOT yoctocolors@2.2.0 OK for: yocto-spinner@0.2.3 want: ^2.1.1
2549 silly placeDep node_modules/ansi-align emoji-regex@8.0.0 OK for: string-width@4.2.3 want: ^8.0.0
2550 silly placeDep ROOT is-fullwidth-code-point@3.0.0 OK for: string-width@4.2.3 want: ^3.0.0
2551 silly placeDep node_modules/ansi-align strip-ansi@6.0.1 OK for: string-width@4.2.3 want: ^6.0.1
2552 silly fetch manifest ansi-regex@^5.0.1
2553 silly packumentCache full:https://registry.npmjs.org/ansi-regex cache-hit
2554 silly placeDep node_modules/ansi-align ansi-regex@5.0.1 OK for: strip-ansi@6.0.1 want: ^5.0.1
2555 silly placeDep node_modules/csso mdn-data@2.0.28 OK for: css-tree@2.2.1 want: 2.0.28
2556 silly placeDep node_modules/unstorage readdirp@5.1.1 OK for: chokidar@5.0.0 want: ^5.0.0
2557 silly placeDep node_modules/vite @esbuild/aix-ppc64@0.25.12 OK for: esbuild@0.25.12 want: 0.25.12
2558 silly placeDep node_modules/vite @esbuild/android-arm@0.25.12 OK for: esbuild@0.25.12 want: 0.25.12
2559 silly placeDep node_modules/vite @esbuild/android-arm64@0.25.12 OK for: esbuild@0.25.12 want: 0.25.12
2560 silly placeDep node_modules/vite @esbuild/android-x64@0.25.12 OK for: esbuild@0.25.12 want: 0.25.12
2561 silly placeDep node_modules/vite @esbuild/darwin-arm64@0.25.12 OK for: esbuild@0.25.12 want: 0.25.12
2562 silly placeDep node_modules/vite @esbuild/darwin-x64@0.25.12 OK for: esbuild@0.25.12 want: 0.25.12
2563 silly placeDep node_modules/vite @esbuild/freebsd-arm64@0.25.12 OK for: esbuild@0.25.12 want: 0.25.12
2564 silly placeDep node_modules/vite @esbuild/freebsd-x64@0.25.12 OK for: esbuild@0.25.12 want: 0.25.12
2565 silly placeDep node_modules/vite @esbuild/linux-arm@0.25.12 OK for: esbuild@0.25.12 want: 0.25.12
2566 silly placeDep node_modules/vite @esbuild/linux-arm64@0.25.12 OK for: esbuild@0.25.12 want: 0.25.12
2567 silly placeDep node_modules/vite @esbuild/linux-ia32@0.25.12 OK for: esbuild@0.25.12 want: 0.25.12
2568 silly placeDep node_modules/vite @esbuild/linux-loong64@0.25.12 OK for: esbuild@0.25.12 want: 0.25.12
2569 silly placeDep node_modules/vite @esbuild/linux-mips64el@0.25.12 OK for: esbuild@0.25.12 want: 0.25.12
2570 silly placeDep node_modules/vite @esbuild/linux-ppc64@0.25.12 OK for: esbuild@0.25.12 want: 0.25.12
2571 silly placeDep node_modules/vite @esbuild/linux-riscv64@0.25.12 OK for: esbuild@0.25.12 want: 0.25.12
2572 silly placeDep node_modules/vite @esbuild/linux-s390x@0.25.12 OK for: esbuild@0.25.12 want: 0.25.12
2573 silly placeDep node_modules/vite @esbuild/linux-x64@0.25.12 OK for: esbuild@0.25.12 want: 0.25.12
2574 silly placeDep node_modules/vite @esbuild/netbsd-arm64@0.25.12 OK for: esbuild@0.25.12 want: 0.25.12
2575 silly placeDep node_modules/vite @esbuild/netbsd-x64@0.25.12 OK for: esbuild@0.25.12 want: 0.25.12
2576 silly placeDep node_modules/vite @esbuild/openbsd-arm64@0.25.12 OK for: esbuild@0.25.12 want: 0.25.12
2577 silly placeDep node_modules/vite @esbuild/openbsd-x64@0.25.12 OK for: esbuild@0.25.12 want: 0.25.12
2578 silly placeDep node_modules/vite @esbuild/openharmony-arm64@0.25.12 OK for: esbuild@0.25.12 want: 0.25.12
2579 silly placeDep node_modules/vite @esbuild/sunos-x64@0.25.12 OK for: esbuild@0.25.12 want: 0.25.12
2580 silly placeDep node_modules/vite @esbuild/win32-arm64@0.25.12 OK for: esbuild@0.25.12 want: 0.25.12
2581 silly placeDep node_modules/vite @esbuild/win32-ia32@0.25.12 OK for: esbuild@0.25.12 want: 0.25.12
2582 silly placeDep node_modules/vite @esbuild/win32-x64@0.25.12 OK for: esbuild@0.25.12 want: 0.25.12
2583 silly placeDep node_modules/vscode-languageserver vscode-jsonrpc@8.2.0 OK for: vscode-languageserver-protocol@3.17.5 want: 8.2.0
2584 silly placeDep node_modules/vscode-languageserver vscode-languageserver-types@3.17.5 OK for: vscode-languageserver-protocol@3.17.5 want: 3.17.5
2585 silly reify moves {}
2586 silly audit bulk request {
2586 silly audit   '@astrojs/check': [ '0.9.10' ],
2586 silly audit   typescript: [ '5.9.3' ],
2586 silly audit   astro: [ '5.18.2' ],
2586 silly audit   '@astrojs/language-server': [ '2.16.16' ],
2586 silly audit   chokidar: [ '4.0.3', '5.0.0' ],
2586 silly audit   kleur: [ '4.1.5', '3.0.3' ],
2586 silly audit   yargs: [ '18.1.0' ],
2586 silly audit   '@astrojs/compiler': [ '2.13.1' ],
2586 silly audit   '@astrojs/yaml2ts': [ '0.2.4' ],
2586 silly audit   '@jridgewell/sourcemap-codec': [ '1.6.0' ],
2586 silly audit   '@volar/kit': [ '2.4.28' ],
2586 silly audit   '@volar/language-core': [ '2.4.28' ],
2586 silly audit   '@volar/language-server': [ '2.4.28' ],
2586 silly audit   '@volar/language-service': [ '2.4.28' ],
2586 silly audit   'muggle-string': [ '0.4.1' ],
2586 silly audit   tinyglobby: [ '0.2.17' ],
2586 silly audit   'volar-service-css': [ '0.0.71' ],
2586 silly audit   'volar-service-emmet': [ '0.0.71' ],
2586 silly audit   'volar-service-html': [ '0.0.71' ],
2586 silly audit   'volar-service-prettier': [ '0.0.71' ],
2586 silly audit   'volar-service-typescript': [ '0.0.71' ],
2586 silly audit   'volar-service-typescript-twoslash-queries': [ '0.0.71' ],
2586 silly audit   'volar-service-yaml': [ '0.0.71' ],
2586 silly audit   'vscode-html-languageservice': [ '5.6.2' ],
2586 silly audit   'vscode-uri': [ '3.2.0' ],
2586 silly audit   yaml: [ '2.9.0', '2.8.3' ],
2586 silly audit   '@volar/typescript': [ '2.4.28' ],
2586 silly audit   'typesafe-path': [ '0.2.2' ],
2586 silly audit   'vscode-languageserver-textdocument': [ '1.0.14' ],
2586 silly audit   '@volar/source-map': [ '2.4.28' ],
2586 silly audit   'path-browserify': [ '1.0.1' ],
2586 silly audit   'request-light': [ '0.7.0', '0.5.8' ],
2586 silly audit   'vscode-languageserver': [ '9.0.1' ],
2586 silly audit   'vscode-languageserver-protocol': [ '3.18.3', '3.17.5' ],
2586 silly audit   '@astrojs/internal-helpers': [ '0.7.6' ],
2586 silly audit   '@astrojs/markdown-remark': [ '6.3.11' ],
2586 silly audit   '@astrojs/telemetry': [ '3.3.0' ],
2586 silly audit   '@capsizecss/unpack': [ '4.0.1' ],
2586 silly audit   '@oslojs/encoding': [ '1.1.0' ],
2586 silly audit   '@rollup/pluginutils': [ '5.4.0' ],
2586 silly audit   acorn: [ '8.18.0' ],
2586 silly audit   'aria-query': [ '5.3.2' ],
2586 silly audit   'axobject-query': [ '4.1.0' ],
2586 silly audit   boxen: [ '8.0.1' ],
2586 silly audit   'ci-info': [ '4.4.0' ],
2586 silly audit   clsx: [ '2.1.1' ],
2586 silly audit   'common-ancestor-path': [ '1.0.1' ],
2586 silly audit   cookie: [ '1.1.1' ],
2586 silly audit   cssesc: [ '3.0.0' ],
2586 silly audit   debug: [ '4.4.3' ],
2586 silly audit   'deterministic-object-hash': [ '2.0.2' ],
2586 silly audit   devalue: [ '5.9.2' ],
2586 silly audit   diff: [ '8.0.4' ],
2586 silly audit   dlv: [ '1.1.3' ],
2586 silly audit   dset: [ '3.1.4' ],
2586 silly audit   'es-module-lexer': [ '1.7.0' ],
2586 silly audit   esbuild: [ '0.27.7', '0.25.12' ],
2586 silly audit   'estree-walker': [ '3.0.3', '2.0.2' ],
2586 silly audit   flattie: [ '1.1.1' ],
2586 silly audit   fontace: [ '0.4.1' ],
2586 silly audit   'github-slugger': [ '2.0.0' ],
2586 silly audit   'html-escaper': [ '3.0.3' ],
2586 silly audit   'http-cache-semantics': [ '4.2.0' ],
2586 silly audit   'import-meta-resolve': [ '4.2.0' ],
2586 silly audit   'js-yaml': [ '4.3.2' ],
2586 silly audit   'magic-string': [ '0.30.21' ],
2586 silly audit   magicast: [ '0.5.4' ],
2586 silly audit   mrmime: [ '2.0.1' ],
2586 silly audit   neotraverse: [ '0.6.18' ],
2586 silly audit   'p-limit': [ '6.2.0' ],
2586 silly audit   'p-queue': [ '8.1.1' ],
2586 silly audit   'package-manager-detector': [ '1.8.0' ],
2586 silly audit   piccolore: [ '0.1.3' ],
2586 silly audit   picomatch: [ '4.0.7', '2.3.2' ],
2586 silly audit   prompts: [ '2.4.2' ],
2586 silly audit   rehype: [ '13.0.2' ],
2586 silly audit   semver: [ '7.8.5' ],
2586 silly audit   sharp: [ '0.34.5' ],
2586 silly audit   shiki: [ '3.23.0' ],
2586 silly audit   'smol-toml': [ '1.8.0' ],
2586 silly audit   svgo: [ '4.1.0' ],
2586 silly audit   tinyexec: [ '1.3.1' ],
2586 silly audit   tsconfck: [ '3.1.6' ],
2586 silly audit   ultrahtml: [ '1.7.0' ],
2586 silly audit   unifont: [ '0.7.5' ],
2586 silly audit   'unist-util-visit': [ '5.1.0' ],
2586 silly audit   unstorage: [ '1.17.5' ],
2586 silly audit   vfile: [ '6.0.3' ],
2586 silly audit   vite: [ '6.4.3' ],
2586 silly audit   vitefu: [ '1.1.3' ],
2586 silly audit   'xxhash-wasm': [ '1.1.0' ],
2586 silly audit   'yargs-parser': [ '21.1.1', '22.0.0' ],
2586 silly audit   'yocto-spinner': [ '0.2.3' ],
2586 silly audit   zod: [ '3.25.76' ],
2586 silly audit   'zod-to-json-schema': [ '3.25.2' ],
2586 silly audit   'zod-to-ts': [ '1.2.0' ],
2586 silly audit   '@astrojs/prism': [ '3.3.0' ],
2586 silly audit   'hast-util-from-html': [ '2.0.3' ],
2586 silly audit   'hast-util-to-text': [ '4.0.2' ],
2586 silly audit   'mdast-util-definitions': [ '6.0.0' ],
2586 silly audit   'rehype-raw': [ '7.0.0' ],
2586 silly audit   'rehype-stringify': [ '10.0.1' ],
2586 silly audit   'remark-gfm': [ '4.0.1' ],
2586 silly audit   'remark-parse': [ '11.0.0' ],
2586 silly audit   'remark-rehype': [ '11.1.2' ],
2586 silly audit   'remark-smartypants': [ '3.0.3' ],
2586 silly audit   unified: [ '11.0.5' ],
2586 silly audit   'unist-util-remove-position': [ '5.0.0' ],
2586 silly audit   'unist-util-visit-parents': [ '6.0.2' ],
2586 silly audit   prismjs: [ '1.30.0' ],
2586 silly audit   'is-docker': [ '3.0.0' ],
2586 silly audit   'is-wsl': [ '3.1.1' ],
2586 silly audit   'which-pm-runs': [ '1.1.0' ],
2586 silly audit   fontkitten: [ '1.0.3' ],
2586 silly audit   '@types/estree': [ '1.0.9' ],
2586 silly audit   'ansi-align': [ '3.0.1' ],
2586 silly audit   camelcase: [ '8.0.0' ],
2586 silly audit   chalk: [ '5.6.2' ],
2586 silly audit   'cli-boxes': [ '3.0.0' ],
2586 silly audit   'string-width': [ '7.2.0', '4.2.3', '8.2.2' ],
2586 silly audit   'type-fest': [ '4.41.0' ],
2586 silly audit   'widest-line': [ '5.0.0' ],
2586 silly audit   'wrap-ansi': [ '9.0.2' ],
2586 silly audit   readdirp: [ '4.1.2', '5.1.1' ],
2586 silly audit   ms: [ '2.1.3' ],
2586 silly audit   'base-64': [ '1.0.0' ],
2586 silly audit   '@esbuild/aix-ppc64': [ '0.27.7', '0.25.12' ],
2586 silly audit   '@esbuild/android-arm': [ '0.27.7', '0.25.12' ],
2586 silly audit   '@esbuild/android-arm64': [ '0.27.7', '0.25.12' ],
2586 silly audit   '@esbuild/android-x64': [ '0.27.7', '0.25.12' ],
2586 silly audit   '@esbuild/darwin-arm64': [ '0.27.7', '0.25.12' ],
2586 silly audit   '@esbuild/darwin-x64': [ '0.27.7', '0.25.12' ],
2586 silly audit   '@esbuild/freebsd-arm64': [ '0.27.7', '0.25.12' ],
2586 silly audit   '@esbuild/freebsd-x64': [ '0.27.7', '0.25.12' ],
2586 silly audit   '@esbuild/linux-arm': [ '0.27.7', '0.25.12' ],
2586 silly audit   '@esbuild/linux-arm64': [ '0.27.7', '0.25.12' ],
2586 silly audit   '@esbuild/linux-ia32': [ '0.27.7', '0.25.12' ],
2586 silly audit   '@esbuild/linux-loong64': [ '0.27.7', '0.25.12' ],
2586 silly audit   '@esbuild/linux-mips64el': [ '0.27.7', '0.25.12' ],
2586 silly audit   '@esbuild/linux-ppc64': [ '0.27.7', '0.25.12' ],
2586 silly audit   '@esbuild/linux-riscv64': [ '0.27.7', '0.25.12' ],
2586 silly audit   '@esbuild/linux-s390x': [ '0.27.7', '0.25.12' ],
2586 silly audit   '@esbuild/linux-x64': [ '0.27.7', '0.25.12' ],
2586 silly audit   '@esbuild/netbsd-arm64': [ '0.27.7', '0.25.12' ],
2586 silly audit   '@esbuild/netbsd-x64': [ '0.27.7', '0.25.12' ],
2586 silly audit   '@esbuild/openbsd-arm64': [ '0.27.7', '0.25.12' ],
2586 silly audit   '@esbuild/openbsd-x64': [ '0.27.7', '0.25.12' ],
2586 silly audit   '@esbuild/openharmony-arm64': [ '0.27.7', '0.25.12' ],
2586 silly audit   '@esbuild/sunos-x64': [ '0.27.7', '0.25.12' ],
2586 silly audit   '@esbuild/win32-arm64': [ '0.27.7', '0.25.12' ],
2586 silly audit   '@esbuild/win32-ia32': [ '0.27.7', '0.25.12' ],
2586 silly audit   '@esbuild/win32-x64': [ '0.27.7', '0.25.12' ],
2586 silly audit   'tiny-inflate': [ '1.0.3' ],
2586 silly audit   '@types/hast': [ '3.0.5' ],
2586 silly audit   devlop: [ '1.1.0' ],
2586 silly audit   'hast-util-from-parse5': [ '8.0.3' ],
2586 silly audit   parse5: [ '7.3.0' ],
2586 silly audit   'vfile-message': [ '4.0.3' ],
2586 silly audit   '@types/unist': [ '3.0.3' ],
2586 silly audit   dequal: [ '2.0.3' ],
2586 silly audit   hastscript: [ '9.0.1' ],
2586 silly audit   'property-information': [ '7.2.0' ],
2586 silly audit   'vfile-location': [ '5.0.3' ],
2586 silly audit   'web-namespaces': [ '2.0.1' ],
2586 silly audit   'hast-util-is-element': [ '3.0.0' ],
2586 silly audit   'unist-util-find-after': [ '5.0.0' ],
2586 silly audit   'comma-separated-tokens': [ '2.0.3' ],
2586 silly audit   'hast-util-parse-selector': [ '4.0.0' ],
2586 silly audit   'space-separated-tokens': [ '2.0.2' ],
2586 silly audit   'is-inside-container': [ '1.0.0' ],
2586 silly audit   argparse: [ '2.0.1' ],
2586 silly audit   '@babel/parser': [ '7.29.8' ],
2586 silly audit   '@babel/types': [ '7.29.8' ],
2586 silly audit   'source-map-js': [ '1.2.1' ],
2586 silly audit   '@babel/helper-string-parser': [ '7.29.7' ],
2586 silly audit   '@babel/helper-validator-identifier': [ '7.29.7' ],
2586 silly audit   '@types/mdast': [ '4.0.4' ],
2586 silly audit   'yocto-queue': [ '1.2.2' ],
2586 silly audit   eventemitter3: [ '5.0.4' ],
2586 silly audit   'p-timeout': [ '6.1.4' ],
2586 silly audit   entities: [ '6.0.1', '4.5.0' ],
2586 silly audit   sisteransi: [ '1.0.5' ],
2586 silly audit   'rehype-parse': [ '9.0.1' ],
2586 silly audit   'hast-util-raw': [ '9.1.0' ],
2586 silly audit   '@ungap/structured-clone': [ '1.4.0' ],
2586 silly audit   'hast-util-to-parse5': [ '8.0.1' ],
2586 silly audit   'html-void-elements': [ '3.0.0' ],
2586 silly audit   'mdast-util-to-hast': [ '13.2.1' ],
2586 silly audit   'unist-util-position': [ '5.0.0' ],
2586 silly audit   zwitch: [ '2.0.4' ],
2586 silly audit   'micromark-util-sanitize-uri': [ '2.0.1' ],
2586 silly audit   'trim-lines': [ '3.0.1' ],
2586 silly audit   'micromark-util-character': [ '2.1.1' ],
2586 silly audit   'micromark-util-encode': [ '2.0.1' ],
2586 silly audit   'micromark-util-symbol': [ '2.0.1' ],
2586 silly audit   'micromark-util-types': [ '2.0.2' ],
2586 silly audit   'hast-util-to-html': [ '9.0.5' ],
2586 silly audit   ccount: [ '2.0.1' ],
2586 silly audit   'hast-util-whitespace': [ '3.0.0' ],
2586 silly audit   'stringify-entities': [ '4.0.4' ],
2586 silly audit   'mdast-util-gfm': [ '3.1.0' ],
2586 silly audit   'micromark-extension-gfm': [ '3.0.0' ],
2586 silly audit   'remark-stringify': [ '11.0.0' ],
2586 silly audit   'mdast-util-from-markdown': [ '2.0.3' ],
2586 silly audit   'mdast-util-gfm-autolink-literal': [ '2.0.1' ],
2586 silly audit   'mdast-util-gfm-footnote': [ '2.1.0' ],
2586 silly audit   'mdast-util-gfm-strikethrough': [ '2.0.0' ],
2586 silly audit   'mdast-util-gfm-table': [ '2.0.0' ],
2586 silly audit   'mdast-util-gfm-task-list-item': [ '2.0.0' ],
2586 silly audit   'mdast-util-to-markdown': [ '2.1.2' ],
2586 silly audit   'decode-named-character-reference': [ '1.3.0' ],
2586 silly audit   'mdast-util-to-string': [ '4.0.0' ],
2586 silly audit   micromark: [ '4.0.2' ],
2586 silly audit   'micromark-util-decode-numeric-character-reference': [ '2.0.2' ],
2586 silly audit   'micromark-util-decode-string': [ '2.0.1' ],
2586 silly audit   'micromark-util-normalize-identifier': [ '2.0.1' ],
2586 silly audit   'unist-util-stringify-position': [ '4.0.0' ],
2586 silly audit   'character-entities': [ '2.0.2' ],
2586 silly audit   'mdast-util-find-and-replace': [ '3.0.2' ],
2586 silly audit   'escape-string-regexp': [ '5.0.0' ],
2586 silly audit   'unist-util-is': [ '6.0.1' ],
2586 silly audit   'markdown-table': [ '3.0.4' ],
2586 silly audit   'longest-streak': [ '3.1.0' ],
2586 silly audit   'mdast-util-phrasing': [ '4.1.0' ],
2586 silly audit   'micromark-util-classify-character': [ '2.0.1' ],
2586 silly audit   '@types/debug': [ '4.1.13' ],
2586 silly audit   'micromark-core-commonmark': [ '2.0.3' ],
2586 silly audit   'micromark-factory-space': [ '2.0.1' ],
2586 silly audit   'micromark-util-chunked': [ '2.0.1' ],
2586 silly audit   'micromark-util-combine-extensions': [ '2.0.1' ],
2586 silly audit   'micromark-util-resolve-all': [ '2.0.1' ],
2586 silly audit   'micromark-util-subtokenize': [ '2.1.0' ],
2586 silly audit   '@types/ms': [ '2.1.0' ],
2586 silly audit   'micromark-factory-destination': [ '2.0.1' ],
2586 silly audit   'micromark-factory-label': [ '2.0.1' ],
2586 silly audit   'micromark-factory-title': [ '2.0.1' ],
2586 silly audit   'micromark-factory-whitespace': [ '2.0.1' ],
2586 silly audit   'micromark-util-html-tag-name': [ '2.0.1' ],
2586 silly audit   'micromark-extension-gfm-autolink-literal': [ '2.1.0' ],
2586 silly audit   'micromark-extension-gfm-footnote': [ '2.1.0' ],
2586 silly audit   'micromark-extension-gfm-strikethrough': [ '2.1.0' ],
2586 silly audit   'micromark-extension-gfm-table': [ '2.1.1' ],
2586 silly audit   'micromark-extension-gfm-tagfilter': [ '2.0.0' ],
2586 silly audit   'micromark-extension-gfm-task-list-item': [ '2.1.0' ],
2586 silly audit   retext: [ '9.0.0' ],
2586 silly audit   'retext-smartypants': [ '6.2.0' ],
2586 silly audit   '@types/nlcst': [ '2.0.3' ],
2586 silly audit   'retext-latin': [ '4.0.0' ],
2586 silly audit   'retext-stringify': [ '4.0.0' ],
2586 silly audit   'parse-latin': [ '7.0.0' ],
2586 silly audit   'nlcst-to-string': [ '4.0.0' ],
2586 silly audit   'unist-util-modify-children': [ '4.0.0' ],
2586 silly audit   'unist-util-visit-children': [ '3.0.0' ],
2586 silly audit   '@img/colour': [ '1.1.0' ],
2586 silly audit   '@img/sharp-darwin-arm64': [ '0.34.5' ],
2586 silly audit   '@img/sharp-darwin-x64': [ '0.34.5' ],
2586 silly audit   '@img/sharp-libvips-darwin-arm64': [ '1.2.4' ],
2586 silly audit   '@img/sharp-libvips-darwin-x64': [ '1.2.4' ],
2586 silly audit   '@img/sharp-libvips-linux-arm': [ '1.2.4' ],
2586 silly audit   '@img/sharp-libvips-linux-arm64': [ '1.2.4' ],
2586 silly audit   '@img/sharp-libvips-linux-ppc64': [ '1.2.4' ],
2586 silly audit   '@img/sharp-libvips-linux-riscv64': [ '1.2.4' ],
2586 silly audit   '@img/sharp-libvips-linux-s390x': [ '1.2.4' ],
2586 silly audit   '@img/sharp-libvips-linux-x64': [ '1.2.4' ],
2586 silly audit   '@img/sharp-libvips-linuxmusl-arm64': [ '1.2.4' ],
2586 silly audit   '@img/sharp-libvips-linuxmusl-x64': [ '1.2.4' ],
2586 silly audit   '@img/sharp-linux-arm': [ '0.34.5' ],
2586 silly audit   '@img/sharp-linux-arm64': [ '0.34.5' ],
2586 silly audit   '@img/sharp-linux-ppc64': [ '0.34.5' ],
2586 silly audit   '@img/sharp-linux-riscv64': [ '0.34.5' ],
2586 silly audit   '@img/sharp-linux-s390x': [ '0.34.5' ],
2586 silly audit   '@img/sharp-linux-x64': [ '0.34.5' ],
2586 silly audit   '@img/sharp-linuxmusl-arm64': [ '0.34.5' ],
2586 silly audit   '@img/sharp-linuxmusl-x64': [ '0.34.5' ],
2586 silly audit   '@img/sharp-wasm32': [ '0.34.5' ],
2586 silly audit   '@img/sharp-win32-arm64': [ '0.34.5' ],
2586 silly audit   '@img/sharp-win32-ia32': [ '0.34.5' ],
2586 silly audit   '@img/sharp-win32-x64': [ '0.34.5' ],
2586 silly audit   'detect-libc': [ '2.1.2' ],
2586 silly audit   '@emnapi/runtime': [ '1.11.3' ],
2586 silly audit   tslib: [ '2.8.1' ],
2586 silly audit   '@shikijs/core': [ '3.23.0' ],
2586 silly audit   '@shikijs/engine-javascript': [ '3.23.0' ],
2586 silly audit   '@shikijs/engine-oniguruma': [ '3.23.0' ],
2586 silly audit   '@shikijs/langs': [ '3.23.0' ],
2586 silly audit   '@shikijs/themes': [ '3.23.0' ],
2586 silly audit   '@shikijs/types': [ '3.23.0' ],
2586 silly audit   '@shikijs/vscode-textmate': [ '10.0.2' ],
2586 silly audit   'oniguruma-to-es': [ '4.3.6' ],
2586 silly audit   'oniguruma-parser': [ '0.12.2' ],
2586 silly audit   regex: [ '6.1.0' ],
2586 silly audit   'regex-recursion': [ '6.0.2' ],
2586 silly audit   'regex-utilities': [ '2.3.0' ],
2586 silly audit   'emoji-regex': [ '10.6.0', '8.0.0' ],
2586 silly audit   'get-east-asian-width': [ '1.6.0' ],
2586 silly audit   'strip-ansi': [ '7.2.0', '6.0.1' ],
2586 silly audit   'character-entities-html4': [ '2.1.0' ],
2586 silly audit   'character-entities-legacy': [ '3.0.0' ],
2586 silly audit   'ansi-regex': [ '6.3.0', '5.0.1' ],
2586 silly audit   commander: [ '11.1.0' ],
2586 silly audit   'css-select': [ '6.0.0' ],
2586 silly audit   'css-tree': [ '3.2.1', '2.2.1' ],
2586 silly audit   'css-what': [ '7.0.0' ],
2586 silly audit   csso: [ '5.0.5' ],
2586 silly audit   picocolors: [ '1.1.1' ],
2586 silly audit   sax: [ '1.6.1' ],
2586 silly audit   boolbase: [ '1.0.0' ],
2586 silly audit   domhandler: [ '5.0.3' ],
2586 silly audit   domutils: [ '3.2.2' ],
2586 silly audit   'nth-check': [ '2.1.1' ],
2586 silly audit   'mdn-data': [ '2.27.1', '2.0.28' ],
2586 silly audit   domelementtype: [ '2.3.0' ],
2586 silly audit   'dom-serializer': [ '2.0.0' ],
2586 silly audit   fdir: [ '6.5.0' ],
2586 silly audit   bail: [ '2.0.2' ],
2586 silly audit   extend: [ '3.0.2' ],
2586 silly audit   'is-plain-obj': [ '4.1.0' ],
2586 silly audit   trough: [ '2.2.0' ],
2586 silly audit   ohash: [ '2.0.12' ],
2586 silly audit   undici: [ '8.10.2' ],
2586 silly audit   'array-iterate': [ '2.0.1' ],
2586 silly audit   anymatch: [ '3.1.3' ],
2586 silly audit   destr: [ '2.0.5' ],
2586 silly audit   h3: [ '1.15.11' ],
2586 silly audit   'lru-cache': [ '11.5.2' ],
2586 silly audit   'node-fetch-native': [ '1.6.7' ],
2586 silly audit   ofetch: [ '1.5.1' ],
2586 silly audit   ufo: [ '1.6.4' ],
2586 silly audit   'normalize-path': [ '3.0.0' ],
2586 silly audit   'cookie-es': [ '1.2.3' ],
2586 silly audit   crossws: [ '0.3.5' ],
2586 silly audit   defu: [ '6.1.7' ],
2586 silly audit   'iron-webcrypto': [ '1.2.1' ],
2586 silly audit   'node-mock-http': [ '1.0.5' ],
2586 silly audit   radix3: [ '1.1.2' ],
2586 silly audit   uncrypto: [ '0.1.3' ],
2586 silly audit   fsevents: [ '2.3.3' ],
2586 silly audit   postcss: [ '8.5.28' ],
2586 silly audit   rollup: [ '4.63.1' ],
2586 silly audit   nanoid: [ '3.3.18' ],
2586 silly audit   '@napi-rs/lzma-linux-x64-gnu': [ '1.5.1' ],
2586 silly audit   '@rollup/rollup-android-arm-eabi': [ '4.63.1' ],
2586 silly audit   '@rollup/rollup-android-arm64': [ '4.63.1' ],
2586 silly audit   '@rollup/rollup-darwin-arm64': [ '4.63.1' ],
2586 silly audit   '@rollup/rollup-darwin-x64': [ '4.63.1' ],
2586 silly audit   '@rollup/rollup-freebsd-arm64': [ '4.63.1' ],
2586 silly audit   '@rollup/rollup-freebsd-x64': [ '4.63.1' ],
2586 silly audit   '@rollup/rollup-linux-arm-gnueabihf': [ '4.63.1' ],
2586 silly audit   '@rollup/rollup-linux-arm-musleabihf': [ '4.63.1' ],
2586 silly audit   '@rollup/rollup-linux-arm64-gnu': [ '4.63.1' ],
2586 silly audit   '@rollup/rollup-linux-arm64-musl': [ '4.63.1' ],
2586 silly audit   '@rollup/rollup-linux-loong64-gnu': [ '4.63.1' ],
2586 silly audit   '@rollup/rollup-linux-loong64-musl': [ '4.63.1' ],
2586 silly audit   '@rollup/rollup-linux-ppc64-gnu': [ '4.63.1' ],
2586 silly audit   '@rollup/rollup-linux-ppc64-musl': [ '4.63.1' ],
2586 silly audit   '@rollup/rollup-linux-riscv64-gnu': [ '4.63.1' ],
2586 silly audit   '@rollup/rollup-linux-riscv64-musl': [ '4.63.1' ],
2586 silly audit   '@rollup/rollup-linux-s390x-gnu': [ '4.63.1' ],
2586 silly audit   '@rollup/rollup-linux-x64-gnu': [ '4.63.1' ],
2586 silly audit   '@rollup/rollup-linux-x64-musl': [ '4.63.1' ],
2586 silly audit   '@rollup/rollup-openbsd-x64': [ '4.63.1' ],
2586 silly audit   '@rollup/rollup-openharmony-arm64': [ '4.63.1' ],
2586 silly audit   '@rollup/rollup-win32-arm64-msvc': [ '4.63.1' ],
2586 silly audit   '@rollup/rollup-win32-ia32-msvc': [ '4.63.1' ],
2586 silly audit   '@rollup/rollup-win32-x64-gnu': [ '4.63.1' ],
2586 silly audit   '@rollup/rollup-win32-x64-msvc': [ '4.63.1' ],
2586 silly audit   'vscode-css-languageservice': [ '6.3.10' ],
2586 silly audit   '@emmetio/css-parser': [ '0.4.1' ],
2586 silly audit   '@emmetio/html-matcher': [ '1.3.0' ],
2586 silly audit   '@vscode/emmet-helper': [ '2.11.0' ],
2586 silly audit   '@emmetio/stream-reader': [ '2.2.0' ],
2586 silly audit   '@emmetio/stream-reader-utils': [ '0.1.0' ],
2586 silly audit   '@emmetio/scanner': [ '1.0.4' ],
2586 silly audit   emmet: [ '2.4.11' ],
2586 silly audit   'jsonc-parser': [ '2.3.1', '3.3.1' ],
2586 silly audit   'vscode-languageserver-types': [ '3.18.3', '3.17.5' ],
2586 silly audit   '@emmetio/abbreviation': [ '2.3.3' ],
2586 silly audit   '@emmetio/css-abbreviation': [ '2.1.8' ],
2586 silly audit   'typescript-auto-import-cache': [ '0.3.6' ],
2586 silly audit   'vscode-nls': [ '5.2.0' ],
2586 silly audit   'yaml-language-server': [ '1.23.0' ],
2586 silly audit   '@vscode/l10n': [ '0.0.18' ],
2586 silly audit   'vscode-jsonrpc': [ '9.0.2', '8.2.0' ],
2586 silly audit   'ansi-styles': [ '6.2.3' ],
2586 silly audit   ajv: [ '8.20.0' ],
2586 silly audit   'ajv-draft-04': [ '1.0.0' ],
2586 silly audit   'ajv-i18n': [ '4.2.0' ],
2586 silly audit   prettier: [ '3.9.6' ],
2586 silly audit   'vscode-json-languageservice': [ '4.1.8' ],
2586 silly audit   'fast-deep-equal': [ '3.1.3' ],
2586 silly audit   'fast-uri': [ '3.1.7' ],
2586 silly audit   'json-schema-traverse': [ '1.0.0' ],
2586 silly audit   'require-from-string': [ '2.0.2' ],
2586 silly audit   cliui: [ '9.0.1' ],
2586 silly audit   escalade: [ '3.2.0' ],
2586 silly audit   'get-caller-file': [ '2.0.5' ],
2586 silly audit   y18n: [ '5.0.8' ],
2586 silly audit   yoctocolors: [ '2.2.0' ],
2586 silly audit   'is-fullwidth-code-point': [ '3.0.0' ]
2586 silly audit }
2587 http cache is-fullwidth-code-point@https://registry.npmjs.org/is-fullwidth-code-point/-/is-fullwidth-code-point-3.0.0.tgz 0ms (cache hit)
2588 http cache yoctocolors@https://registry.npmjs.org/yoctocolors/-/yoctocolors-2.2.0.tgz 0ms (cache hit)
2589 http cache y18n@https://registry.npmjs.org/y18n/-/y18n-5.0.8.tgz 0ms (cache hit)
2590 http cache get-caller-file@https://registry.npmjs.org/get-caller-file/-/get-caller-file-2.0.5.tgz 0ms (cache hit)
2591 http cache cliui@https://registry.npmjs.org/cliui/-/cliui-9.0.1.tgz 0ms (cache hit)
2592 http cache escalade@https://registry.npmjs.org/escalade/-/escalade-3.2.0.tgz 0ms (cache hit)
2593 http cache fast-uri@https://registry.npmjs.org/fast-uri/-/fast-uri-3.1.7.tgz 0ms (cache hit)
2594 http cache fast-deep-equal@https://registry.npmjs.org/fast-deep-equal/-/fast-deep-equal-3.1.3.tgz 0ms (cache hit)
2595 http cache json-schema-traverse@https://registry.npmjs.org/json-schema-traverse/-/json-schema-traverse-1.0.0.tgz 0ms (cache hit)
2596 http cache vscode-json-languageservice@https://registry.npmjs.org/vscode-json-languageservice/-/vscode-json-languageservice-4.1.8.tgz 0ms (cache hit)
2597 http cache prettier@https://registry.npmjs.org/prettier/-/prettier-3.9.6.tgz 0ms (cache hit)
2598 http cache ajv-i18n@https://registry.npmjs.org/ajv-i18n/-/ajv-i18n-4.2.0.tgz 0ms (cache hit)
2599 http cache require-from-string@https://registry.npmjs.org/require-from-string/-/require-from-string-2.0.2.tgz 0ms (cache hit)
2600 http cache ajv@https://registry.npmjs.org/ajv/-/ajv-8.20.0.tgz 0ms (cache hit)
2601 http cache ajv-draft-04@https://registry.npmjs.org/ajv-draft-04/-/ajv-draft-04-1.0.0.tgz 0ms (cache hit)
2602 http cache vscode-jsonrpc@https://registry.npmjs.org/vscode-jsonrpc/-/vscode-jsonrpc-9.0.2.tgz 0ms (cache hit)
2603 http cache @emmetio/css-abbreviation@https://registry.npmjs.org/@emmetio/css-abbreviation/-/css-abbreviation-2.1.8.tgz 0ms (cache hit)
2604 http cache @vscode/l10n@https://registry.npmjs.org/@vscode/l10n/-/l10n-0.0.18.tgz 0ms (cache hit)
2605 http cache @emmetio/abbreviation@https://registry.npmjs.org/@emmetio/abbreviation/-/abbreviation-2.3.3.tgz 0ms (cache hit)
2606 http cache typescript-auto-import-cache@https://registry.npmjs.org/typescript-auto-import-cache/-/typescript-auto-import-cache-0.3.6.tgz 0ms (cache hit)
2607 http cache vscode-nls@https://registry.npmjs.org/vscode-nls/-/vscode-nls-5.2.0.tgz 0ms (cache hit)
2608 http cache yaml-language-server@https://registry.npmjs.org/yaml-language-server/-/yaml-language-server-1.23.0.tgz 1ms (cache hit)
2609 http cache ansi-styles@https://registry.npmjs.org/ansi-styles/-/ansi-styles-6.2.3.tgz 0ms (cache hit)
2610 http cache @emmetio/scanner@https://registry.npmjs.org/@emmetio/scanner/-/scanner-1.0.4.tgz 0ms (cache hit)
2611 http cache @emmetio/stream-reader-utils@https://registry.npmjs.org/@emmetio/stream-reader-utils/-/stream-reader-utils-0.1.0.tgz 0ms (cache hit)
2612 http cache vscode-languageserver-types@https://registry.npmjs.org/vscode-languageserver-types/-/vscode-languageserver-types-3.18.3.tgz 0ms (cache hit)
2613 http cache emmet@https://registry.npmjs.org/emmet/-/emmet-2.4.11.tgz 0ms (cache hit)
2614 http cache jsonc-parser@https://registry.npmjs.org/jsonc-parser/-/jsonc-parser-2.3.1.tgz 0ms (cache hit)
2615 http cache @emmetio/stream-reader@https://registry.npmjs.org/@emmetio/stream-reader/-/stream-reader-2.2.0.tgz 0ms (cache hit)
2616 http cache @vscode/emmet-helper@https://registry.npmjs.org/@vscode/emmet-helper/-/emmet-helper-2.11.0.tgz 0ms (cache hit)
2617 http cache vscode-css-languageservice@https://registry.npmjs.org/vscode-css-languageservice/-/vscode-css-languageservice-6.3.10.tgz 0ms (cache hit)
2618 http cache @emmetio/html-matcher@https://registry.npmjs.org/@emmetio/html-matcher/-/html-matcher-1.3.0.tgz 0ms (cache hit)
2619 http cache @emmetio/css-parser@https://registry.npmjs.org/@emmetio/css-parser/-/css-parser-0.4.1.tgz 0ms (cache hit)
2620 http cache nanoid@https://registry.npmjs.org/nanoid/-/nanoid-3.3.18.tgz 0ms (cache hit)
2621 http cache rollup@https://registry.npmjs.org/rollup/-/rollup-4.63.1.tgz 0ms (cache hit)
2622 http cache @rollup/rollup-win32-x64-msvc@https://registry.npmjs.org/@rollup/rollup-win32-x64-msvc/-/rollup-win32-x64-msvc-4.63.1.tgz 0ms (cache hit)
2623 http cache postcss@https://registry.npmjs.org/postcss/-/postcss-8.5.28.tgz 0ms (cache hit)
2624 http cache @rollup/rollup-win32-x64-gnu@https://registry.npmjs.org/@rollup/rollup-win32-x64-gnu/-/rollup-win32-x64-gnu-4.63.1.tgz 0ms (cache hit)
2625 http cache uncrypto@https://registry.npmjs.org/uncrypto/-/uncrypto-0.1.3.tgz 0ms (cache hit)
2626 http cache radix3@https://registry.npmjs.org/radix3/-/radix3-1.1.2.tgz 0ms (cache hit)
2627 http cache node-mock-http@https://registry.npmjs.org/node-mock-http/-/node-mock-http-1.0.5.tgz 0ms (cache hit)
2628 http cache iron-webcrypto@https://registry.npmjs.org/iron-webcrypto/-/iron-webcrypto-1.2.1.tgz 0ms (cache hit)
2629 http cache crossws@https://registry.npmjs.org/crossws/-/crossws-0.3.5.tgz 0ms (cache hit)
2630 http cache defu@https://registry.npmjs.org/defu/-/defu-6.1.7.tgz 0ms (cache hit)
2631 http cache cookie-es@https://registry.npmjs.org/cookie-es/-/cookie-es-1.2.3.tgz 0ms (cache hit)
2632 http cache ufo@https://registry.npmjs.org/ufo/-/ufo-1.6.4.tgz 0ms (cache hit)
2633 http cache ofetch@https://registry.npmjs.org/ofetch/-/ofetch-1.5.1.tgz 0ms (cache hit)
2634 http cache node-fetch-native@https://registry.npmjs.org/node-fetch-native/-/node-fetch-native-1.6.7.tgz 0ms (cache hit)
2635 http cache normalize-path@https://registry.npmjs.org/normalize-path/-/normalize-path-3.0.0.tgz 0ms (cache hit)
2636 http cache lru-cache@https://registry.npmjs.org/lru-cache/-/lru-cache-11.5.2.tgz 0ms (cache hit)
2637 http cache destr@https://registry.npmjs.org/destr/-/destr-2.0.5.tgz 0ms (cache hit)
2638 http cache h3@https://registry.npmjs.org/h3/-/h3-1.15.11.tgz 0ms (cache hit)
2639 http cache anymatch@https://registry.npmjs.org/anymatch/-/anymatch-3.1.3.tgz 0ms (cache hit)
2640 http cache undici@https://registry.npmjs.org/undici/-/undici-8.10.2.tgz 0ms (cache hit)
2641 http cache array-iterate@https://registry.npmjs.org/array-iterate/-/array-iterate-2.0.1.tgz 0ms (cache hit)
2642 http cache ohash@https://registry.npmjs.org/ohash/-/ohash-2.0.12.tgz 0ms (cache hit)
2643 http cache is-plain-obj@https://registry.npmjs.org/is-plain-obj/-/is-plain-obj-4.1.0.tgz 0ms (cache hit)
2644 http cache trough@https://registry.npmjs.org/trough/-/trough-2.2.0.tgz 0ms (cache hit)
2645 http cache extend@https://registry.npmjs.org/extend/-/extend-3.0.2.tgz 0ms (cache hit)
2646 http cache bail@https://registry.npmjs.org/bail/-/bail-2.0.2.tgz 0ms (cache hit)
2647 http cache fdir@https://registry.npmjs.org/fdir/-/fdir-6.5.0.tgz 0ms (cache hit)
2648 http cache dom-serializer@https://registry.npmjs.org/dom-serializer/-/dom-serializer-2.0.0.tgz 0ms (cache hit)
2649 http cache domelementtype@https://registry.npmjs.org/domelementtype/-/domelementtype-2.3.0.tgz 0ms (cache hit)
2650 http cache mdn-data@https://registry.npmjs.org/mdn-data/-/mdn-data-2.27.1.tgz 0ms (cache hit)
2651 http cache domutils@https://registry.npmjs.org/domutils/-/domutils-3.2.2.tgz 0ms (cache hit)
2652 http cache nth-check@https://registry.npmjs.org/nth-check/-/nth-check-2.1.1.tgz 0ms (cache hit)
2653 http cache domhandler@https://registry.npmjs.org/domhandler/-/domhandler-5.0.3.tgz 0ms (cache hit)
2654 http cache boolbase@https://registry.npmjs.org/boolbase/-/boolbase-1.0.0.tgz 0ms (cache hit)
2655 http cache csso@https://registry.npmjs.org/csso/-/csso-5.0.5.tgz 0ms (cache hit)
2656 http cache sax@https://registry.npmjs.org/sax/-/sax-1.6.1.tgz 0ms (cache hit)
2657 http cache css-what@https://registry.npmjs.org/css-what/-/css-what-7.0.0.tgz 0ms (cache hit)
2658 http cache css-select@https://registry.npmjs.org/css-select/-/css-select-6.0.0.tgz 0ms (cache hit)
2659 http cache css-tree@https://registry.npmjs.org/css-tree/-/css-tree-3.2.1.tgz 0ms (cache hit)
2660 http cache commander@https://registry.npmjs.org/commander/-/commander-11.1.0.tgz 0ms (cache hit)
2661 http cache ansi-regex@https://registry.npmjs.org/ansi-regex/-/ansi-regex-6.3.0.tgz 0ms (cache hit)
2662 http cache character-entities-legacy@https://registry.npmjs.org/character-entities-legacy/-/character-entities-legacy-3.0.0.tgz 0ms (cache hit)
2663 http cache picocolors@https://registry.npmjs.org/picocolors/-/picocolors-1.1.1.tgz 0ms (cache hit)
2664 http cache character-entities-html4@https://registry.npmjs.org/character-entities-html4/-/character-entities-html4-2.1.0.tgz 0ms (cache hit)
2665 http cache strip-ansi@https://registry.npmjs.org/strip-ansi/-/strip-ansi-7.2.0.tgz 0ms (cache hit)
2666 http cache get-east-asian-width@https://registry.npmjs.org/get-east-asian-width/-/get-east-asian-width-1.6.0.tgz 0ms (cache hit)
2667 http cache emoji-regex@https://registry.npmjs.org/emoji-regex/-/emoji-regex-10.6.0.tgz 0ms (cache hit)
2668 http cache regex-utilities@https://registry.npmjs.org/regex-utilities/-/regex-utilities-2.3.0.tgz 0ms (cache hit)
2669 http cache regex-recursion@https://registry.npmjs.org/regex-recursion/-/regex-recursion-6.0.2.tgz 0ms (cache hit)
2670 http cache regex@https://registry.npmjs.org/regex/-/regex-6.1.0.tgz 0ms (cache hit)
2671 http cache oniguruma-parser@https://registry.npmjs.org/oniguruma-parser/-/oniguruma-parser-0.12.2.tgz 0ms (cache hit)
2672 http cache oniguruma-to-es@https://registry.npmjs.org/oniguruma-to-es/-/oniguruma-to-es-4.3.6.tgz 0ms (cache hit)
2673 http cache @shikijs/types@https://registry.npmjs.org/@shikijs/types/-/types-3.23.0.tgz 0ms (cache hit)
2674 http cache @shikijs/vscode-textmate@https://registry.npmjs.org/@shikijs/vscode-textmate/-/vscode-textmate-10.0.2.tgz 0ms (cache hit)
2675 http cache @shikijs/themes@https://registry.npmjs.org/@shikijs/themes/-/themes-3.23.0.tgz 0ms (cache hit)
2676 http cache @shikijs/langs@https://registry.npmjs.org/@shikijs/langs/-/langs-3.23.0.tgz 0ms (cache hit)
2677 http cache @shikijs/engine-oniguruma@https://registry.npmjs.org/@shikijs/engine-oniguruma/-/engine-oniguruma-3.23.0.tgz 0ms (cache hit)
2678 http cache detect-libc@https://registry.npmjs.org/detect-libc/-/detect-libc-2.1.2.tgz 0ms (cache hit)
2679 http cache @shikijs/engine-javascript@https://registry.npmjs.org/@shikijs/engine-javascript/-/engine-javascript-3.23.0.tgz 0ms (cache hit)
2680 http cache @shikijs/core@https://registry.npmjs.org/@shikijs/core/-/core-3.23.0.tgz 0ms (cache hit)
2681 http cache @img/sharp-win32-x64@https://registry.npmjs.org/@img/sharp-win32-x64/-/sharp-win32-x64-0.34.5.tgz 0ms (cache hit)
2682 http cache @img/colour@https://registry.npmjs.org/@img/colour/-/colour-1.1.0.tgz 0ms (cache hit)
2683 http cache unist-util-visit-children@https://registry.npmjs.org/unist-util-visit-children/-/unist-util-visit-children-3.0.0.tgz 0ms (cache hit)
2684 http cache unist-util-modify-children@https://registry.npmjs.org/unist-util-modify-children/-/unist-util-modify-children-4.0.0.tgz 0ms (cache hit)
2685 http cache nlcst-to-string@https://registry.npmjs.org/nlcst-to-string/-/nlcst-to-string-4.0.0.tgz 0ms (cache hit)
2686 http cache retext-stringify@https://registry.npmjs.org/retext-stringify/-/retext-stringify-4.0.0.tgz 0ms (cache hit)
2687 http cache parse-latin@https://registry.npmjs.org/parse-latin/-/parse-latin-7.0.0.tgz 1ms (cache hit)
2688 http cache @types/nlcst@https://registry.npmjs.org/@types/nlcst/-/nlcst-2.0.3.tgz 0ms (cache hit)
2689 http cache retext-latin@https://registry.npmjs.org/retext-latin/-/retext-latin-4.0.0.tgz 0ms (cache hit)
2690 http cache micromark-extension-gfm-task-list-item@https://registry.npmjs.org/micromark-extension-gfm-task-list-item/-/micromark-extension-gfm-task-list-item-2.1.0.tgz 0ms (cache hit)
2691 http cache micromark-extension-gfm-tagfilter@https://registry.npmjs.org/micromark-extension-gfm-tagfilter/-/micromark-extension-gfm-tagfilter-2.0.0.tgz 0ms (cache hit)
2692 http cache retext@https://registry.npmjs.org/retext/-/retext-9.0.0.tgz 0ms (cache hit)
2693 http cache micromark-extension-gfm-table@https://registry.npmjs.org/micromark-extension-gfm-table/-/micromark-extension-gfm-table-2.1.1.tgz 0ms (cache hit)
2694 http cache micromark-extension-gfm-strikethrough@https://registry.npmjs.org/micromark-extension-gfm-strikethrough/-/micromark-extension-gfm-strikethrough-2.1.0.tgz 0ms (cache hit)
2695 http cache micromark-extension-gfm-footnote@https://registry.npmjs.org/micromark-extension-gfm-footnote/-/micromark-extension-gfm-footnote-2.1.0.tgz 0ms (cache hit)
2696 http cache retext-smartypants@https://registry.npmjs.org/retext-smartypants/-/retext-smartypants-6.2.0.tgz 0ms (cache hit)
2697 http cache micromark-extension-gfm-autolink-literal@https://registry.npmjs.org/micromark-extension-gfm-autolink-literal/-/micromark-extension-gfm-autolink-literal-2.1.0.tgz 0ms (cache hit)
2698 http cache micromark-util-html-tag-name@https://registry.npmjs.org/micromark-util-html-tag-name/-/micromark-util-html-tag-name-2.0.1.tgz 0ms (cache hit)
2699 http cache micromark-factory-title@https://registry.npmjs.org/micromark-factory-title/-/micromark-factory-title-2.0.1.tgz 0ms (cache hit)
2700 http cache micromark-factory-whitespace@https://registry.npmjs.org/micromark-factory-whitespace/-/micromark-factory-whitespace-2.0.1.tgz 0ms (cache hit)
2701 http cache @types/ms@https://registry.npmjs.org/@types/ms/-/ms-2.1.0.tgz 0ms (cache hit)
2702 http cache micromark-factory-label@https://registry.npmjs.org/micromark-factory-label/-/micromark-factory-label-2.0.1.tgz 0ms (cache hit)
2703 http cache micromark-factory-destination@https://registry.npmjs.org/micromark-factory-destination/-/micromark-factory-destination-2.0.1.tgz 0ms (cache hit)
2704 http cache micromark-util-subtokenize@https://registry.npmjs.org/micromark-util-subtokenize/-/micromark-util-subtokenize-2.1.0.tgz 0ms (cache hit)
2705 http cache micromark-util-resolve-all@https://registry.npmjs.org/micromark-util-resolve-all/-/micromark-util-resolve-all-2.0.1.tgz 0ms (cache hit)
2706 http cache micromark-util-chunked@https://registry.npmjs.org/micromark-util-chunked/-/micromark-util-chunked-2.0.1.tgz 0ms (cache hit)
2707 http cache micromark-util-combine-extensions@https://registry.npmjs.org/micromark-util-combine-extensions/-/micromark-util-combine-extensions-2.0.1.tgz 0ms (cache hit)
2708 http cache @types/debug@https://registry.npmjs.org/@types/debug/-/debug-4.1.13.tgz 0ms (cache hit)
2709 http cache micromark-core-commonmark@https://registry.npmjs.org/micromark-core-commonmark/-/micromark-core-commonmark-2.0.3.tgz 0ms (cache hit)
2710 http cache mdast-util-phrasing@https://registry.npmjs.org/mdast-util-phrasing/-/mdast-util-phrasing-4.1.0.tgz 0ms (cache hit)
2711 http cache longest-streak@https://registry.npmjs.org/longest-streak/-/longest-streak-3.1.0.tgz 0ms (cache hit)
2712 http cache markdown-table@https://registry.npmjs.org/markdown-table/-/markdown-table-3.0.4.tgz 0ms (cache hit)
2713 http cache unist-util-is@https://registry.npmjs.org/unist-util-is/-/unist-util-is-6.0.1.tgz 0ms (cache hit)
2714 http cache micromark-util-classify-character@https://registry.npmjs.org/micromark-util-classify-character/-/micromark-util-classify-character-2.0.1.tgz 0ms (cache hit)
2715 http cache mdast-util-find-and-replace@https://registry.npmjs.org/mdast-util-find-and-replace/-/mdast-util-find-and-replace-3.0.2.tgz 0ms (cache hit)
2716 http cache escape-string-regexp@https://registry.npmjs.org/escape-string-regexp/-/escape-string-regexp-5.0.0.tgz 0ms (cache hit)
2717 http cache micromark-factory-space@https://registry.npmjs.org/micromark-factory-space/-/micromark-factory-space-2.0.1.tgz 0ms (cache hit)
2718 http cache unist-util-stringify-position@https://registry.npmjs.org/unist-util-stringify-position/-/unist-util-stringify-position-4.0.0.tgz 0ms (cache hit)
2719 http cache character-entities@https://registry.npmjs.org/character-entities/-/character-entities-2.0.2.tgz 0ms (cache hit)
2720 http cache micromark-util-normalize-identifier@https://registry.npmjs.org/micromark-util-normalize-identifier/-/micromark-util-normalize-identifier-2.0.1.tgz 0ms (cache hit)
2721 http cache micromark-util-decode-numeric-character-reference@https://registry.npmjs.org/micromark-util-decode-numeric-character-reference/-/micromark-util-decode-numeric-character-reference-2.0.2.tgz 0ms (cache hit)
2722 http cache micromark-util-decode-string@https://registry.npmjs.org/micromark-util-decode-string/-/micromark-util-decode-string-2.0.1.tgz 0ms (cache hit)
2723 http cache micromark@https://registry.npmjs.org/micromark/-/micromark-4.0.2.tgz 0ms (cache hit)
2724 http cache mdast-util-to-string@https://registry.npmjs.org/mdast-util-to-string/-/mdast-util-to-string-4.0.0.tgz 0ms (cache hit)
2725 http cache decode-named-character-reference@https://registry.npmjs.org/decode-named-character-reference/-/decode-named-character-reference-1.3.0.tgz 0ms (cache hit)
2726 http cache mdast-util-to-markdown@https://registry.npmjs.org/mdast-util-to-markdown/-/mdast-util-to-markdown-2.1.2.tgz 0ms (cache hit)
2727 http cache mdast-util-gfm-task-list-item@https://registry.npmjs.org/mdast-util-gfm-task-list-item/-/mdast-util-gfm-task-list-item-2.0.0.tgz 0ms (cache hit)
2728 http cache mdast-util-gfm-autolink-literal@https://registry.npmjs.org/mdast-util-gfm-autolink-literal/-/mdast-util-gfm-autolink-literal-2.0.1.tgz 0ms (cache hit)
2729 http cache mdast-util-gfm-table@https://registry.npmjs.org/mdast-util-gfm-table/-/mdast-util-gfm-table-2.0.0.tgz 0ms (cache hit)
2730 http cache mdast-util-gfm-footnote@https://registry.npmjs.org/mdast-util-gfm-footnote/-/mdast-util-gfm-footnote-2.1.0.tgz 0ms (cache hit)
2731 http cache mdast-util-from-markdown@https://registry.npmjs.org/mdast-util-from-markdown/-/mdast-util-from-markdown-2.0.3.tgz 0ms (cache hit)
2732 http cache mdast-util-gfm-strikethrough@https://registry.npmjs.org/mdast-util-gfm-strikethrough/-/mdast-util-gfm-strikethrough-2.0.0.tgz 0ms (cache hit)
2733 http cache remark-stringify@https://registry.npmjs.org/remark-stringify/-/remark-stringify-11.0.0.tgz 0ms (cache hit)
2734 http cache micromark-extension-gfm@https://registry.npmjs.org/micromark-extension-gfm/-/micromark-extension-gfm-3.0.0.tgz 0ms (cache hit)
2735 http cache stringify-entities@https://registry.npmjs.org/stringify-entities/-/stringify-entities-4.0.4.tgz 0ms (cache hit)
2736 http cache mdast-util-gfm@https://registry.npmjs.org/mdast-util-gfm/-/mdast-util-gfm-3.1.0.tgz 0ms (cache hit)
2737 http cache ccount@https://registry.npmjs.org/ccount/-/ccount-2.0.1.tgz 0ms (cache hit)
2738 http cache hast-util-whitespace@https://registry.npmjs.org/hast-util-whitespace/-/hast-util-whitespace-3.0.0.tgz 0ms (cache hit)
2739 http cache micromark-util-symbol@https://registry.npmjs.org/micromark-util-symbol/-/micromark-util-symbol-2.0.1.tgz 0ms (cache hit)
2740 http cache micromark-util-types@https://registry.npmjs.org/micromark-util-types/-/micromark-util-types-2.0.2.tgz 0ms (cache hit)
2741 http cache hast-util-to-html@https://registry.npmjs.org/hast-util-to-html/-/hast-util-to-html-9.0.5.tgz 0ms (cache hit)
2742 http cache micromark-util-encode@https://registry.npmjs.org/micromark-util-encode/-/micromark-util-encode-2.0.1.tgz 0ms (cache hit)
2743 http cache micromark-util-character@https://registry.npmjs.org/micromark-util-character/-/micromark-util-character-2.1.1.tgz 0ms (cache hit)
2744 http cache micromark-util-sanitize-uri@https://registry.npmjs.org/micromark-util-sanitize-uri/-/micromark-util-sanitize-uri-2.0.1.tgz 0ms (cache hit)
2745 http cache trim-lines@https://registry.npmjs.org/trim-lines/-/trim-lines-3.0.1.tgz 0ms (cache hit)
2746 http cache zwitch@https://registry.npmjs.org/zwitch/-/zwitch-2.0.4.tgz 0ms (cache hit)
2747 http cache unist-util-position@https://registry.npmjs.org/unist-util-position/-/unist-util-position-5.0.0.tgz 0ms (cache hit)
2748 http cache mdast-util-to-hast@https://registry.npmjs.org/mdast-util-to-hast/-/mdast-util-to-hast-13.2.1.tgz 0ms (cache hit)
2749 http cache html-void-elements@https://registry.npmjs.org/html-void-elements/-/html-void-elements-3.0.0.tgz 0ms (cache hit)
2750 http cache @ungap/structured-clone@https://registry.npmjs.org/@ungap/structured-clone/-/structured-clone-1.4.0.tgz 0ms (cache hit)
2751 http cache hast-util-to-parse5@https://registry.npmjs.org/hast-util-to-parse5/-/hast-util-to-parse5-8.0.1.tgz 0ms (cache hit)
2752 http cache hast-util-raw@https://registry.npmjs.org/hast-util-raw/-/hast-util-raw-9.1.0.tgz 0ms (cache hit)
2753 http cache rehype-parse@https://registry.npmjs.org/rehype-parse/-/rehype-parse-9.0.1.tgz 0ms (cache hit)
2754 http cache sisteransi@https://registry.npmjs.org/sisteransi/-/sisteransi-1.0.5.tgz 0ms (cache hit)
2755 http cache entities@https://registry.npmjs.org/entities/-/entities-6.0.1.tgz 0ms (cache hit)
2756 http cache @types/mdast@https://registry.npmjs.org/@types/mdast/-/mdast-4.0.4.tgz 0ms (cache hit)
2757 http cache p-timeout@https://registry.npmjs.org/p-timeout/-/p-timeout-6.1.4.tgz 0ms (cache hit)
2758 http cache @babel/helper-validator-identifier@https://registry.npmjs.org/@babel/helper-validator-identifier/-/helper-validator-identifier-7.29.7.tgz 0ms (cache hit)
2759 http cache eventemitter3@https://registry.npmjs.org/eventemitter3/-/eventemitter3-5.0.4.tgz 0ms (cache hit)
2760 http cache @babel/helper-string-parser@https://registry.npmjs.org/@babel/helper-string-parser/-/helper-string-parser-7.29.7.tgz 0ms (cache hit)
2761 http cache @babel/types@https://registry.npmjs.org/@babel/types/-/types-7.29.8.tgz 0ms (cache hit)
2762 http cache yocto-queue@https://registry.npmjs.org/yocto-queue/-/yocto-queue-1.2.2.tgz 0ms (cache hit)
2763 http cache source-map-js@https://registry.npmjs.org/source-map-js/-/source-map-js-1.2.1.tgz 0ms (cache hit)
2764 http cache argparse@https://registry.npmjs.org/argparse/-/argparse-2.0.1.tgz 0ms (cache hit)
2765 http cache @babel/parser@https://registry.npmjs.org/@babel/parser/-/parser-7.29.8.tgz 0ms (cache hit)
2766 http cache is-inside-container@https://registry.npmjs.org/is-inside-container/-/is-inside-container-1.0.0.tgz 0ms (cache hit)
2767 http cache space-separated-tokens@https://registry.npmjs.org/space-separated-tokens/-/space-separated-tokens-2.0.2.tgz 0ms (cache hit)
2768 http cache hast-util-parse-selector@https://registry.npmjs.org/hast-util-parse-selector/-/hast-util-parse-selector-4.0.0.tgz 0ms (cache hit)
2769 http cache comma-separated-tokens@https://registry.npmjs.org/comma-separated-tokens/-/comma-separated-tokens-2.0.3.tgz 0ms (cache hit)
2770 http cache unist-util-find-after@https://registry.npmjs.org/unist-util-find-after/-/unist-util-find-after-5.0.0.tgz 0ms (cache hit)
2771 http cache hast-util-is-element@https://registry.npmjs.org/hast-util-is-element/-/hast-util-is-element-3.0.0.tgz 0ms (cache hit)
2772 http cache web-namespaces@https://registry.npmjs.org/web-namespaces/-/web-namespaces-2.0.1.tgz 0ms (cache hit)
2773 http cache hastscript@https://registry.npmjs.org/hastscript/-/hastscript-9.0.1.tgz 0ms (cache hit)
2774 http cache @types/unist@https://registry.npmjs.org/@types/unist/-/unist-3.0.3.tgz 0ms (cache hit)
2775 http cache dequal@https://registry.npmjs.org/dequal/-/dequal-2.0.3.tgz 0ms (cache hit)
2776 http cache vfile-message@https://registry.npmjs.org/vfile-message/-/vfile-message-4.0.3.tgz 0ms (cache hit)
2777 http cache property-information@https://registry.npmjs.org/property-information/-/property-information-7.2.0.tgz 1ms (cache hit)
2778 http cache hast-util-from-parse5@https://registry.npmjs.org/hast-util-from-parse5/-/hast-util-from-parse5-8.0.3.tgz 0ms (cache hit)
2779 http cache parse5@https://registry.npmjs.org/parse5/-/parse5-7.3.0.tgz 0ms (cache hit)
2780 http cache @types/hast@https://registry.npmjs.org/@types/hast/-/hast-3.0.5.tgz 0ms (cache hit)
2781 http cache @esbuild/win32-x64@https://registry.npmjs.org/@esbuild/win32-x64/-/win32-x64-0.27.7.tgz 0ms (cache hit)
2782 http cache devlop@https://registry.npmjs.org/devlop/-/devlop-1.1.0.tgz 0ms (cache hit)
2783 http cache tiny-inflate@https://registry.npmjs.org/tiny-inflate/-/tiny-inflate-1.0.3.tgz 0ms (cache hit)
2784 http cache base-64@https://registry.npmjs.org/base-64/-/base-64-1.0.0.tgz 0ms (cache hit)
2785 http cache readdirp@https://registry.npmjs.org/readdirp/-/readdirp-4.1.2.tgz 0ms (cache hit)
2786 http cache ms@https://registry.npmjs.org/ms/-/ms-2.1.3.tgz 0ms (cache hit)
2787 http cache wrap-ansi@https://registry.npmjs.org/wrap-ansi/-/wrap-ansi-9.0.2.tgz 0ms (cache hit)
2788 http cache widest-line@https://registry.npmjs.org/widest-line/-/widest-line-5.0.0.tgz 0ms (cache hit)
2789 http cache type-fest@https://registry.npmjs.org/type-fest/-/type-fest-4.41.0.tgz 0ms (cache hit)
2790 http cache string-width@https://registry.npmjs.org/string-width/-/string-width-7.2.0.tgz 0ms (cache hit)
2791 http cache cli-boxes@https://registry.npmjs.org/cli-boxes/-/cli-boxes-3.0.0.tgz 0ms (cache hit)
2792 http cache ansi-align@https://registry.npmjs.org/ansi-align/-/ansi-align-3.0.1.tgz 0ms (cache hit)
2793 http cache camelcase@https://registry.npmjs.org/camelcase/-/camelcase-8.0.0.tgz 0ms (cache hit)
2794 http cache chalk@https://registry.npmjs.org/chalk/-/chalk-5.6.2.tgz 0ms (cache hit)
2795 http cache vfile-location@https://registry.npmjs.org/vfile-location/-/vfile-location-5.0.3.tgz 0ms (cache hit)
2796 http cache @types/estree@https://registry.npmjs.org/@types/estree/-/estree-1.0.9.tgz 0ms (cache hit)
2797 http cache fontkitten@https://registry.npmjs.org/fontkitten/-/fontkitten-1.0.3.tgz 0ms (cache hit)
2798 http cache which-pm-runs@https://registry.npmjs.org/which-pm-runs/-/which-pm-runs-1.1.0.tgz 0ms (cache hit)
2799 http cache is-wsl@https://registry.npmjs.org/is-wsl/-/is-wsl-3.1.1.tgz 0ms (cache hit)
2800 http cache unist-util-visit-parents@https://registry.npmjs.org/unist-util-visit-parents/-/unist-util-visit-parents-6.0.2.tgz 0ms (cache hit)
2801 http cache is-docker@https://registry.npmjs.org/is-docker/-/is-docker-3.0.0.tgz 0ms (cache hit)
2802 http cache unist-util-remove-position@https://registry.npmjs.org/unist-util-remove-position/-/unist-util-remove-position-5.0.0.tgz 0ms (cache hit)
2803 http cache remark-smartypants@https://registry.npmjs.org/remark-smartypants/-/remark-smartypants-3.0.3.tgz 0ms (cache hit)
2804 http cache remark-gfm@https://registry.npmjs.org/remark-gfm/-/remark-gfm-4.0.1.tgz 0ms (cache hit)
2805 http cache unified@https://registry.npmjs.org/unified/-/unified-11.0.5.tgz 0ms (cache hit)
2806 http cache prismjs@https://registry.npmjs.org/prismjs/-/prismjs-1.30.0.tgz 0ms (cache hit)
2807 http cache remark-parse@https://registry.npmjs.org/remark-parse/-/remark-parse-11.0.0.tgz 0ms (cache hit)
2808 http cache remark-rehype@https://registry.npmjs.org/remark-rehype/-/remark-rehype-11.1.2.tgz 0ms (cache hit)
2809 http cache rehype-raw@https://registry.npmjs.org/rehype-raw/-/rehype-raw-7.0.0.tgz 0ms (cache hit)
2810 http cache hast-util-to-text@https://registry.npmjs.org/hast-util-to-text/-/hast-util-to-text-4.0.2.tgz 0ms (cache hit)
2811 http cache mdast-util-definitions@https://registry.npmjs.org/mdast-util-definitions/-/mdast-util-definitions-6.0.0.tgz 0ms (cache hit)
2812 http cache rehype-stringify@https://registry.npmjs.org/rehype-stringify/-/rehype-stringify-10.0.1.tgz 0ms (cache hit)
2813 http cache @astrojs/prism@https://registry.npmjs.org/@astrojs/prism/-/prism-3.3.0.tgz 0ms (cache hit)
2814 http cache hast-util-from-html@https://registry.npmjs.org/hast-util-from-html/-/hast-util-from-html-2.0.3.tgz 0ms (cache hit)
2815 http cache zod-to-ts@https://registry.npmjs.org/zod-to-ts/-/zod-to-ts-1.2.0.tgz 0ms (cache hit)
2816 http cache zod@https://registry.npmjs.org/zod/-/zod-3.25.76.tgz 0ms (cache hit)
2817 http cache yocto-spinner@https://registry.npmjs.org/yocto-spinner/-/yocto-spinner-0.2.3.tgz 0ms (cache hit)
2818 http cache yargs-parser@https://registry.npmjs.org/yargs-parser/-/yargs-parser-21.1.1.tgz 0ms (cache hit)
2819 http cache xxhash-wasm@https://registry.npmjs.org/xxhash-wasm/-/xxhash-wasm-1.1.0.tgz 0ms (cache hit)
2820 http cache zod-to-json-schema@https://registry.npmjs.org/zod-to-json-schema/-/zod-to-json-schema-3.25.2.tgz 0ms (cache hit)
2821 http cache vitefu@https://registry.npmjs.org/vitefu/-/vitefu-1.1.3.tgz 0ms (cache hit)
2822 http cache vite@https://registry.npmjs.org/vite/-/vite-6.4.3.tgz 0ms (cache hit)
2823 http cache unstorage@https://registry.npmjs.org/unstorage/-/unstorage-1.17.5.tgz 0ms (cache hit)
2824 http cache ultrahtml@https://registry.npmjs.org/ultrahtml/-/ultrahtml-1.7.0.tgz 0ms (cache hit)
2825 http cache unifont@https://registry.npmjs.org/unifont/-/unifont-0.7.5.tgz 0ms (cache hit)
2826 http cache unist-util-visit@https://registry.npmjs.org/unist-util-visit/-/unist-util-visit-5.1.0.tgz 0ms (cache hit)
2827 http cache vfile@https://registry.npmjs.org/vfile/-/vfile-6.0.3.tgz 0ms (cache hit)
2828 http cache tinyexec@https://registry.npmjs.org/tinyexec/-/tinyexec-1.3.1.tgz 0ms (cache hit)
2829 http cache smol-toml@https://registry.npmjs.org/smol-toml/-/smol-toml-1.8.0.tgz 0ms (cache hit)
2830 http cache tsconfck@https://registry.npmjs.org/tsconfck/-/tsconfck-3.1.6.tgz 0ms (cache hit)
2831 http cache svgo@https://registry.npmjs.org/svgo/-/svgo-4.1.0.tgz 0ms (cache hit)
2832 http cache shiki@https://registry.npmjs.org/shiki/-/shiki-3.23.0.tgz 0ms (cache hit)
2833 http cache sharp@https://registry.npmjs.org/sharp/-/sharp-0.34.5.tgz 0ms (cache hit)
2834 http cache rehype@https://registry.npmjs.org/rehype/-/rehype-13.0.2.tgz 0ms (cache hit)
2835 http cache prompts@https://registry.npmjs.org/prompts/-/prompts-2.4.2.tgz 0ms (cache hit)
2836 http cache piccolore@https://registry.npmjs.org/piccolore/-/piccolore-0.1.3.tgz 0ms (cache hit)
2837 http cache semver@https://registry.npmjs.org/semver/-/semver-7.8.5.tgz 0ms (cache hit)
2838 http cache package-manager-detector@https://registry.npmjs.org/package-manager-detector/-/package-manager-detector-1.8.0.tgz 0ms (cache hit)
2839 http cache p-limit@https://registry.npmjs.org/p-limit/-/p-limit-6.2.0.tgz 0ms (cache hit)
2840 http cache neotraverse@https://registry.npmjs.org/neotraverse/-/neotraverse-0.6.18.tgz 0ms (cache hit)
2841 http cache mrmime@https://registry.npmjs.org/mrmime/-/mrmime-2.0.1.tgz 0ms (cache hit)
2842 http cache magicast@https://registry.npmjs.org/magicast/-/magicast-0.5.4.tgz 0ms (cache hit)
2843 http cache magic-string@https://registry.npmjs.org/magic-string/-/magic-string-0.30.21.tgz 0ms (cache hit)
2844 http cache picomatch@https://registry.npmjs.org/picomatch/-/picomatch-4.0.7.tgz 0ms (cache hit)
2845 http cache p-queue@https://registry.npmjs.org/p-queue/-/p-queue-8.1.1.tgz 0ms (cache hit)
2846 http cache js-yaml@https://registry.npmjs.org/js-yaml/-/js-yaml-4.3.2.tgz 0ms (cache hit)
2847 http cache import-meta-resolve@https://registry.npmjs.org/import-meta-resolve/-/import-meta-resolve-4.2.0.tgz 0ms (cache hit)
2848 http cache fontace@https://registry.npmjs.org/fontace/-/fontace-0.4.1.tgz 0ms (cache hit)
2849 http cache github-slugger@https://registry.npmjs.org/github-slugger/-/github-slugger-2.0.0.tgz 0ms (cache hit)
2850 http cache html-escaper@https://registry.npmjs.org/html-escaper/-/html-escaper-3.0.3.tgz 0ms (cache hit)
2851 http cache http-cache-semantics@https://registry.npmjs.org/http-cache-semantics/-/http-cache-semantics-4.2.0.tgz 0ms (cache hit)
2852 http cache flattie@https://registry.npmjs.org/flattie/-/flattie-1.1.1.tgz 0ms (cache hit)
2853 http cache estree-walker@https://registry.npmjs.org/estree-walker/-/estree-walker-3.0.3.tgz 0ms (cache hit)
2854 http cache esbuild@https://registry.npmjs.org/esbuild/-/esbuild-0.27.7.tgz 0ms (cache hit)
2855 http cache es-module-lexer@https://registry.npmjs.org/es-module-lexer/-/es-module-lexer-1.7.0.tgz 0ms (cache hit)
2856 http cache dset@https://registry.npmjs.org/dset/-/dset-3.1.4.tgz 0ms (cache hit)
2857 http cache dlv@https://registry.npmjs.org/dlv/-/dlv-1.1.3.tgz 0ms (cache hit)
2858 http cache diff@https://registry.npmjs.org/diff/-/diff-8.0.4.tgz 0ms (cache hit)
2859 http cache devalue@https://registry.npmjs.org/devalue/-/devalue-5.9.2.tgz 0ms (cache hit)
2860 http cache deterministic-object-hash@https://registry.npmjs.org/deterministic-object-hash/-/deterministic-object-hash-2.0.2.tgz 0ms (cache hit)
2861 http cache debug@https://registry.npmjs.org/debug/-/debug-4.4.3.tgz 0ms (cache hit)
2862 http cache cssesc@https://registry.npmjs.org/cssesc/-/cssesc-3.0.0.tgz 0ms (cache hit)
2863 http cache cookie@https://registry.npmjs.org/cookie/-/cookie-1.1.1.tgz 0ms (cache hit)
2864 http cache clsx@https://registry.npmjs.org/clsx/-/clsx-2.1.1.tgz 0ms (cache hit)
2865 http cache axobject-query@https://registry.npmjs.org/axobject-query/-/axobject-query-4.1.0.tgz 0ms (cache hit)
2866 http cache ci-info@https://registry.npmjs.org/ci-info/-/ci-info-4.4.0.tgz 0ms (cache hit)
2867 http cache boxen@https://registry.npmjs.org/boxen/-/boxen-8.0.1.tgz 0ms (cache hit)
2868 http cache common-ancestor-path@https://registry.npmjs.org/common-ancestor-path/-/common-ancestor-path-1.0.1.tgz 0ms (cache hit)
2869 http cache aria-query@https://registry.npmjs.org/aria-query/-/aria-query-5.3.2.tgz 0ms (cache hit)
2870 http cache acorn@https://registry.npmjs.org/acorn/-/acorn-8.18.0.tgz 0ms (cache hit)
2871 http cache @rollup/pluginutils@https://registry.npmjs.org/@rollup/pluginutils/-/pluginutils-5.4.0.tgz 0ms (cache hit)
2872 http cache @oslojs/encoding@https://registry.npmjs.org/@oslojs/encoding/-/encoding-1.1.0.tgz 0ms (cache hit)
2873 http cache @capsizecss/unpack@https://registry.npmjs.org/@capsizecss/unpack/-/unpack-4.0.1.tgz 0ms (cache hit)
2874 http cache vscode-languageserver-protocol@https://registry.npmjs.org/vscode-languageserver-protocol/-/vscode-languageserver-protocol-3.18.3.tgz 0ms (cache hit)
2875 http cache vscode-languageserver@https://registry.npmjs.org/vscode-languageserver/-/vscode-languageserver-9.0.1.tgz 0ms (cache hit)
2876 http cache @astrojs/markdown-remark@https://registry.npmjs.org/@astrojs/markdown-remark/-/markdown-remark-6.3.11.tgz 0ms (cache hit)
2877 http cache @astrojs/telemetry@https://registry.npmjs.org/@astrojs/telemetry/-/telemetry-3.3.0.tgz 0ms (cache hit)
2878 http cache request-light@https://registry.npmjs.org/request-light/-/request-light-0.7.0.tgz 0ms (cache hit)
2879 http cache @astrojs/internal-helpers@https://registry.npmjs.org/@astrojs/internal-helpers/-/internal-helpers-0.7.6.tgz 0ms (cache hit)
2880 http cache @volar/source-map@https://registry.npmjs.org/@volar/source-map/-/source-map-2.4.28.tgz 0ms (cache hit)
2881 http cache vscode-languageserver-textdocument@https://registry.npmjs.org/vscode-languageserver-textdocument/-/vscode-languageserver-textdocument-1.0.14.tgz 0ms (cache hit)
2882 http cache @volar/typescript@https://registry.npmjs.org/@volar/typescript/-/typescript-2.4.28.tgz 0ms (cache hit)
2883 http cache path-browserify@https://registry.npmjs.org/path-browserify/-/path-browserify-1.0.1.tgz 0ms (cache hit)
2884 http cache typesafe-path@https://registry.npmjs.org/typesafe-path/-/typesafe-path-0.2.2.tgz 0ms (cache hit)
2885 http cache yaml@https://registry.npmjs.org/yaml/-/yaml-2.9.0.tgz 0ms (cache hit)
2886 http cache vscode-uri@https://registry.npmjs.org/vscode-uri/-/vscode-uri-3.2.0.tgz 0ms (cache hit)
2887 http cache vscode-html-languageservice@https://registry.npmjs.org/vscode-html-languageservice/-/vscode-html-languageservice-5.6.2.tgz 0ms (cache hit)
2888 http cache volar-service-yaml@https://registry.npmjs.org/volar-service-yaml/-/volar-service-yaml-0.0.71.tgz 0ms (cache hit)
2889 http cache volar-service-typescript@https://registry.npmjs.org/volar-service-typescript/-/volar-service-typescript-0.0.71.tgz 0ms (cache hit)
2890 http cache volar-service-prettier@https://registry.npmjs.org/volar-service-prettier/-/volar-service-prettier-0.0.71.tgz 0ms (cache hit)
2891 http cache volar-service-emmet@https://registry.npmjs.org/volar-service-emmet/-/volar-service-emmet-0.0.71.tgz 0ms (cache hit)
2892 http cache @volar/language-service@https://registry.npmjs.org/@volar/language-service/-/language-service-2.4.28.tgz 0ms (cache hit)
2893 http cache tinyglobby@https://registry.npmjs.org/tinyglobby/-/tinyglobby-0.2.17.tgz 0ms (cache hit)
2894 http cache volar-service-css@https://registry.npmjs.org/volar-service-css/-/volar-service-css-0.0.71.tgz 0ms (cache hit)
2895 http cache muggle-string@https://registry.npmjs.org/muggle-string/-/muggle-string-0.4.1.tgz 0ms (cache hit)
2896 http cache @jridgewell/sourcemap-codec@https://registry.npmjs.org/@jridgewell/sourcemap-codec/-/sourcemap-codec-1.6.0.tgz 0ms (cache hit)
2897 http cache @volar/language-server@https://registry.npmjs.org/@volar/language-server/-/language-server-2.4.28.tgz 0ms (cache hit)
2898 http cache volar-service-typescript-twoslash-queries@https://registry.npmjs.org/volar-service-typescript-twoslash-queries/-/volar-service-typescript-twoslash-queries-0.0.71.tgz 0ms (cache hit)
2899 http cache @volar/language-core@https://registry.npmjs.org/@volar/language-core/-/language-core-2.4.28.tgz 0ms (cache hit)
2900 http cache @volar/kit@https://registry.npmjs.org/@volar/kit/-/kit-2.4.28.tgz 0ms (cache hit)
2901 http cache yargs@https://registry.npmjs.org/yargs/-/yargs-18.1.0.tgz 0ms (cache hit)
2902 http cache @astrojs/yaml2ts@https://registry.npmjs.org/@astrojs/yaml2ts/-/yaml2ts-0.2.4.tgz 0ms (cache hit)
2903 http cache volar-service-html@https://registry.npmjs.org/volar-service-html/-/volar-service-html-0.0.71.tgz 0ms (cache hit)
2904 http cache @astrojs/compiler@https://registry.npmjs.org/@astrojs/compiler/-/compiler-2.13.1.tgz 0ms (cache hit)
2905 http cache @astrojs/language-server@https://registry.npmjs.org/@astrojs/language-server/-/language-server-2.16.16.tgz 0ms (cache hit)
2906 http cache kleur@https://registry.npmjs.org/kleur/-/kleur-4.1.5.tgz 0ms (cache hit)
2907 http cache @astrojs/check@https://registry.npmjs.org/@astrojs/check/-/check-0.9.10.tgz 0ms (cache hit)
2908 http cache chokidar@https://registry.npmjs.org/chokidar/-/chokidar-4.0.3.tgz 0ms (cache hit)
2909 http cache astro@https://registry.npmjs.org/astro/-/astro-5.18.2.tgz 0ms (cache hit)
2910 http cache typescript@https://registry.npmjs.org/typescript/-/typescript-5.9.3.tgz 0ms (cache hit)
2911 http cache vscode-languageserver-types@https://registry.npmjs.org/vscode-languageserver-types/-/vscode-languageserver-types-3.17.5.tgz 0ms (cache hit)
2912 http cache jsonc-parser@https://registry.npmjs.org/jsonc-parser/-/jsonc-parser-3.3.1.tgz 0ms (cache hit)
2913 http cache picomatch@https://registry.npmjs.org/picomatch/-/picomatch-2.3.2.tgz 0ms (cache hit)
2914 http cache yaml@https://registry.npmjs.org/yaml/-/yaml-2.8.3.tgz 0ms (cache hit)
2915 http cache mdn-data@https://registry.npmjs.org/mdn-data/-/mdn-data-2.0.28.tgz 0ms (cache hit)
2916 http cache request-light@https://registry.npmjs.org/request-light/-/request-light-0.5.8.tgz 0ms (cache hit)
2917 http cache entities@https://registry.npmjs.org/entities/-/entities-4.5.0.tgz 0ms (cache hit)
2918 http cache css-tree@https://registry.npmjs.org/css-tree/-/css-tree-2.2.1.tgz 0ms (cache hit)
2919 http cache strip-ansi@https://registry.npmjs.org/strip-ansi/-/strip-ansi-6.0.1.tgz 0ms (cache hit)
2920 http cache emoji-regex@https://registry.npmjs.org/emoji-regex/-/emoji-regex-8.0.0.tgz 0ms (cache hit)
2921 http cache ansi-regex@https://registry.npmjs.org/ansi-regex/-/ansi-regex-5.0.1.tgz 0ms (cache hit)
2922 http cache string-width@https://registry.npmjs.org/string-width/-/string-width-4.2.3.tgz 0ms (cache hit)
2923 http cache @esbuild/win32-x64@https://registry.npmjs.org/@esbuild/win32-x64/-/win32-x64-0.25.12.tgz 0ms (cache hit)
2924 http cache esbuild@https://registry.npmjs.org/esbuild/-/esbuild-0.25.12.tgz 0ms (cache hit)
2925 http cache kleur@https://registry.npmjs.org/kleur/-/kleur-3.0.3.tgz 0ms (cache hit)
2926 http cache readdirp@https://registry.npmjs.org/readdirp/-/readdirp-5.1.1.tgz 0ms (cache hit)
2927 http cache chokidar@https://registry.npmjs.org/chokidar/-/chokidar-5.0.0.tgz 0ms (cache hit)
2928 http cache yargs-parser@https://registry.npmjs.org/yargs-parser/-/yargs-parser-22.0.0.tgz 0ms (cache hit)
2929 http cache estree-walker@https://registry.npmjs.org/estree-walker/-/estree-walker-2.0.2.tgz 0ms (cache hit)
2930 http cache vscode-jsonrpc@https://registry.npmjs.org/vscode-jsonrpc/-/vscode-jsonrpc-8.2.0.tgz 0ms (cache hit)
2931 silly tarball no local data for is-fullwidth-code-point@https://registry.npmjs.org/is-fullwidth-code-point/-/is-fullwidth-code-point-3.0.0.tgz. Extracting by manifest.
2932 silly tarball no local data for yoctocolors@https://registry.npmjs.org/yoctocolors/-/yoctocolors-2.2.0.tgz. Extracting by manifest.
2933 http cache string-width@https://registry.npmjs.org/string-width/-/string-width-8.2.2.tgz 0ms (cache hit)
2934 http cache vscode-languageserver-types@https://registry.npmjs.org/vscode-languageserver-types/-/vscode-languageserver-types-3.17.5.tgz 0ms (cache hit)
2935 silly tarball no local data for y18n@https://registry.npmjs.org/y18n/-/y18n-5.0.8.tgz. Extracting by manifest.
2936 silly tarball no local data for get-caller-file@https://registry.npmjs.org/get-caller-file/-/get-caller-file-2.0.5.tgz. Extracting by manifest.
2937 http cache vscode-languageserver-protocol@https://registry.npmjs.org/vscode-languageserver-protocol/-/vscode-languageserver-protocol-3.17.5.tgz 0ms (cache hit)
2938 silly tarball no local data for cliui@https://registry.npmjs.org/cliui/-/cliui-9.0.1.tgz. Extracting by manifest.
2939 silly tarball no local data for escalade@https://registry.npmjs.org/escalade/-/escalade-3.2.0.tgz. Extracting by manifest.
2940 silly tarball no local data for fast-uri@https://registry.npmjs.org/fast-uri/-/fast-uri-3.1.7.tgz. Extracting by manifest.
2941 silly tarball no local data for fast-deep-equal@https://registry.npmjs.org/fast-deep-equal/-/fast-deep-equal-3.1.3.tgz. Extracting by manifest.
2942 silly tarball no local data for json-schema-traverse@https://registry.npmjs.org/json-schema-traverse/-/json-schema-traverse-1.0.0.tgz. Extracting by manifest.
2943 silly tarball no local data for vscode-json-languageservice@https://registry.npmjs.org/vscode-json-languageservice/-/vscode-json-languageservice-4.1.8.tgz. Extracting by manifest.
2944 silly tarball no local data for prettier@https://registry.npmjs.org/prettier/-/prettier-3.9.6.tgz. Extracting by manifest.
2945 silly tarball no local data for ajv-i18n@https://registry.npmjs.org/ajv-i18n/-/ajv-i18n-4.2.0.tgz. Extracting by manifest.
2946 silly tarball no local data for require-from-string@https://registry.npmjs.org/require-from-string/-/require-from-string-2.0.2.tgz. Extracting by manifest.
2947 silly tarball no local data for ajv@https://registry.npmjs.org/ajv/-/ajv-8.20.0.tgz. Extracting by manifest.
2948 silly tarball no local data for ajv-draft-04@https://registry.npmjs.org/ajv-draft-04/-/ajv-draft-04-1.0.0.tgz. Extracting by manifest.
2949 silly tarball no local data for vscode-jsonrpc@https://registry.npmjs.org/vscode-jsonrpc/-/vscode-jsonrpc-9.0.2.tgz. Extracting by manifest.
2950 silly tarball no local data for @emmetio/css-abbreviation@https://registry.npmjs.org/@emmetio/css-abbreviation/-/css-abbreviation-2.1.8.tgz. Extracting by manifest.
2951 silly tarball no local data for @vscode/l10n@https://registry.npmjs.org/@vscode/l10n/-/l10n-0.0.18.tgz. Extracting by manifest.
2952 silly tarball no local data for @emmetio/abbreviation@https://registry.npmjs.org/@emmetio/abbreviation/-/abbreviation-2.3.3.tgz. Extracting by manifest.
2953 silly tarball no local data for typescript-auto-import-cache@https://registry.npmjs.org/typescript-auto-import-cache/-/typescript-auto-import-cache-0.3.6.tgz. Extracting by manifest.
2954 silly tarball no local data for vscode-nls@https://registry.npmjs.org/vscode-nls/-/vscode-nls-5.2.0.tgz. Extracting by manifest.
2955 silly tarball no local data for yaml-language-server@https://registry.npmjs.org/yaml-language-server/-/yaml-language-server-1.23.0.tgz. Extracting by manifest.
2956 silly tarball no local data for ansi-styles@https://registry.npmjs.org/ansi-styles/-/ansi-styles-6.2.3.tgz. Extracting by manifest.
2957 silly tarball no local data for @emmetio/scanner@https://registry.npmjs.org/@emmetio/scanner/-/scanner-1.0.4.tgz. Extracting by manifest.
2958 silly tarball no local data for @emmetio/stream-reader-utils@https://registry.npmjs.org/@emmetio/stream-reader-utils/-/stream-reader-utils-0.1.0.tgz. Extracting by manifest.
2959 silly tarball no local data for vscode-languageserver-types@https://registry.npmjs.org/vscode-languageserver-types/-/vscode-languageserver-types-3.18.3.tgz. Extracting by manifest.
2960 silly tarball no local data for emmet@https://registry.npmjs.org/emmet/-/emmet-2.4.11.tgz. Extracting by manifest.
2961 silly tarball no local data for jsonc-parser@https://registry.npmjs.org/jsonc-parser/-/jsonc-parser-2.3.1.tgz. Extracting by manifest.
2962 silly tarball no local data for @emmetio/stream-reader@https://registry.npmjs.org/@emmetio/stream-reader/-/stream-reader-2.2.0.tgz. Extracting by manifest.
2963 silly tarball no local data for @vscode/emmet-helper@https://registry.npmjs.org/@vscode/emmet-helper/-/emmet-helper-2.11.0.tgz. Extracting by manifest.
2964 silly tarball no local data for vscode-css-languageservice@https://registry.npmjs.org/vscode-css-languageservice/-/vscode-css-languageservice-6.3.10.tgz. Extracting by manifest.
2965 silly tarball no local data for @emmetio/html-matcher@https://registry.npmjs.org/@emmetio/html-matcher/-/html-matcher-1.3.0.tgz. Extracting by manifest.
2966 silly tarball no local data for @emmetio/css-parser@https://registry.npmjs.org/@emmetio/css-parser/-/css-parser-0.4.1.tgz. Extracting by manifest.
2967 silly tarball no local data for nanoid@https://registry.npmjs.org/nanoid/-/nanoid-3.3.18.tgz. Extracting by manifest.
2968 silly tarball no local data for rollup@https://registry.npmjs.org/rollup/-/rollup-4.63.1.tgz. Extracting by manifest.
2969 silly tarball no local data for @rollup/rollup-win32-x64-msvc@https://registry.npmjs.org/@rollup/rollup-win32-x64-msvc/-/rollup-win32-x64-msvc-4.63.1.tgz. Extracting by manifest.
2970 silly tarball no local data for postcss@https://registry.npmjs.org/postcss/-/postcss-8.5.28.tgz. Extracting by manifest.
2971 silly tarball no local data for @rollup/rollup-win32-x64-gnu@https://registry.npmjs.org/@rollup/rollup-win32-x64-gnu/-/rollup-win32-x64-gnu-4.63.1.tgz. Extracting by manifest.
2972 silly tarball no local data for uncrypto@https://registry.npmjs.org/uncrypto/-/uncrypto-0.1.3.tgz. Extracting by manifest.
2973 silly tarball no local data for radix3@https://registry.npmjs.org/radix3/-/radix3-1.1.2.tgz. Extracting by manifest.
2974 silly tarball no local data for node-mock-http@https://registry.npmjs.org/node-mock-http/-/node-mock-http-1.0.5.tgz. Extracting by manifest.
2975 silly tarball no local data for iron-webcrypto@https://registry.npmjs.org/iron-webcrypto/-/iron-webcrypto-1.2.1.tgz. Extracting by manifest.
2976 silly tarball no local data for crossws@https://registry.npmjs.org/crossws/-/crossws-0.3.5.tgz. Extracting by manifest.
2977 silly tarball no local data for defu@https://registry.npmjs.org/defu/-/defu-6.1.7.tgz. Extracting by manifest.
2978 silly tarball no local data for cookie-es@https://registry.npmjs.org/cookie-es/-/cookie-es-1.2.3.tgz. Extracting by manifest.
2979 silly tarball no local data for ufo@https://registry.npmjs.org/ufo/-/ufo-1.6.4.tgz. Extracting by manifest.
2980 silly tarball no local data for ofetch@https://registry.npmjs.org/ofetch/-/ofetch-1.5.1.tgz. Extracting by manifest.
2981 silly tarball no local data for node-fetch-native@https://registry.npmjs.org/node-fetch-native/-/node-fetch-native-1.6.7.tgz. Extracting by manifest.
2982 silly tarball no local data for normalize-path@https://registry.npmjs.org/normalize-path/-/normalize-path-3.0.0.tgz. Extracting by manifest.
2983 silly tarball no local data for lru-cache@https://registry.npmjs.org/lru-cache/-/lru-cache-11.5.2.tgz. Extracting by manifest.
2984 silly tarball no local data for destr@https://registry.npmjs.org/destr/-/destr-2.0.5.tgz. Extracting by manifest.
2985 silly tarball no local data for h3@https://registry.npmjs.org/h3/-/h3-1.15.11.tgz. Extracting by manifest.
2986 silly tarball no local data for anymatch@https://registry.npmjs.org/anymatch/-/anymatch-3.1.3.tgz. Extracting by manifest.
2987 silly tarball no local data for undici@https://registry.npmjs.org/undici/-/undici-8.10.2.tgz. Extracting by manifest.
2988 silly tarball no local data for array-iterate@https://registry.npmjs.org/array-iterate/-/array-iterate-2.0.1.tgz. Extracting by manifest.
2989 silly tarball no local data for ohash@https://registry.npmjs.org/ohash/-/ohash-2.0.12.tgz. Extracting by manifest.
2990 silly tarball no local data for is-plain-obj@https://registry.npmjs.org/is-plain-obj/-/is-plain-obj-4.1.0.tgz. Extracting by manifest.
2991 silly tarball no local data for trough@https://registry.npmjs.org/trough/-/trough-2.2.0.tgz. Extracting by manifest.
2992 silly tarball no local data for extend@https://registry.npmjs.org/extend/-/extend-3.0.2.tgz. Extracting by manifest.
2993 silly tarball no local data for bail@https://registry.npmjs.org/bail/-/bail-2.0.2.tgz. Extracting by manifest.
2994 silly tarball no local data for fdir@https://registry.npmjs.org/fdir/-/fdir-6.5.0.tgz. Extracting by manifest.
2995 silly tarball no local data for dom-serializer@https://registry.npmjs.org/dom-serializer/-/dom-serializer-2.0.0.tgz. Extracting by manifest.
2996 silly tarball no local data for domelementtype@https://registry.npmjs.org/domelementtype/-/domelementtype-2.3.0.tgz. Extracting by manifest.
2997 silly tarball no local data for mdn-data@https://registry.npmjs.org/mdn-data/-/mdn-data-2.27.1.tgz. Extracting by manifest.
2998 silly tarball no local data for domutils@https://registry.npmjs.org/domutils/-/domutils-3.2.2.tgz. Extracting by manifest.
2999 silly tarball no local data for nth-check@https://registry.npmjs.org/nth-check/-/nth-check-2.1.1.tgz. Extracting by manifest.
3000 silly tarball no local data for domhandler@https://registry.npmjs.org/domhandler/-/domhandler-5.0.3.tgz. Extracting by manifest.
3001 silly tarball no local data for boolbase@https://registry.npmjs.org/boolbase/-/boolbase-1.0.0.tgz. Extracting by manifest.
3002 silly tarball no local data for csso@https://registry.npmjs.org/csso/-/csso-5.0.5.tgz. Extracting by manifest.
3003 silly tarball no local data for sax@https://registry.npmjs.org/sax/-/sax-1.6.1.tgz. Extracting by manifest.
3004 silly tarball no local data for css-what@https://registry.npmjs.org/css-what/-/css-what-7.0.0.tgz. Extracting by manifest.
3005 silly tarball no local data for css-select@https://registry.npmjs.org/css-select/-/css-select-6.0.0.tgz. Extracting by manifest.
3006 silly tarball no local data for css-tree@https://registry.npmjs.org/css-tree/-/css-tree-3.2.1.tgz. Extracting by manifest.
3007 silly tarball no local data for commander@https://registry.npmjs.org/commander/-/commander-11.1.0.tgz. Extracting by manifest.
3008 silly tarball no local data for ansi-regex@https://registry.npmjs.org/ansi-regex/-/ansi-regex-6.3.0.tgz. Extracting by manifest.
3009 silly tarball no local data for character-entities-legacy@https://registry.npmjs.org/character-entities-legacy/-/character-entities-legacy-3.0.0.tgz. Extracting by manifest.
3010 silly tarball no local data for picocolors@https://registry.npmjs.org/picocolors/-/picocolors-1.1.1.tgz. Extracting by manifest.
3011 silly tarball no local data for character-entities-html4@https://registry.npmjs.org/character-entities-html4/-/character-entities-html4-2.1.0.tgz. Extracting by manifest.
3012 silly tarball no local data for strip-ansi@https://registry.npmjs.org/strip-ansi/-/strip-ansi-7.2.0.tgz. Extracting by manifest.
3013 silly tarball no local data for get-east-asian-width@https://registry.npmjs.org/get-east-asian-width/-/get-east-asian-width-1.6.0.tgz. Extracting by manifest.
3014 silly tarball no local data for emoji-regex@https://registry.npmjs.org/emoji-regex/-/emoji-regex-10.6.0.tgz. Extracting by manifest.
3015 silly tarball no local data for regex-utilities@https://registry.npmjs.org/regex-utilities/-/regex-utilities-2.3.0.tgz. Extracting by manifest.
3016 silly tarball no local data for regex-recursion@https://registry.npmjs.org/regex-recursion/-/regex-recursion-6.0.2.tgz. Extracting by manifest.
3017 silly tarball no local data for regex@https://registry.npmjs.org/regex/-/regex-6.1.0.tgz. Extracting by manifest.
3018 silly tarball no local data for oniguruma-parser@https://registry.npmjs.org/oniguruma-parser/-/oniguruma-parser-0.12.2.tgz. Extracting by manifest.
3019 silly tarball no local data for oniguruma-to-es@https://registry.npmjs.org/oniguruma-to-es/-/oniguruma-to-es-4.3.6.tgz. Extracting by manifest.
3020 silly tarball no local data for @shikijs/types@https://registry.npmjs.org/@shikijs/types/-/types-3.23.0.tgz. Extracting by manifest.
3021 silly tarball no local data for @shikijs/vscode-textmate@https://registry.npmjs.org/@shikijs/vscode-textmate/-/vscode-textmate-10.0.2.tgz. Extracting by manifest.
3022 silly tarball no local data for @shikijs/themes@https://registry.npmjs.org/@shikijs/themes/-/themes-3.23.0.tgz. Extracting by manifest.
3023 silly tarball no local data for @shikijs/langs@https://registry.npmjs.org/@shikijs/langs/-/langs-3.23.0.tgz. Extracting by manifest.
3024 silly tarball no local data for @shikijs/engine-oniguruma@https://registry.npmjs.org/@shikijs/engine-oniguruma/-/engine-oniguruma-3.23.0.tgz. Extracting by manifest.
3025 silly tarball no local data for detect-libc@https://registry.npmjs.org/detect-libc/-/detect-libc-2.1.2.tgz. Extracting by manifest.
3026 silly tarball no local data for @shikijs/engine-javascript@https://registry.npmjs.org/@shikijs/engine-javascript/-/engine-javascript-3.23.0.tgz. Extracting by manifest.
3027 silly tarball no local data for @shikijs/core@https://registry.npmjs.org/@shikijs/core/-/core-3.23.0.tgz. Extracting by manifest.
3028 silly tarball no local data for @img/sharp-win32-x64@https://registry.npmjs.org/@img/sharp-win32-x64/-/sharp-win32-x64-0.34.5.tgz. Extracting by manifest.
3029 silly tarball no local data for @img/colour@https://registry.npmjs.org/@img/colour/-/colour-1.1.0.tgz. Extracting by manifest.
3030 silly tarball no local data for unist-util-visit-children@https://registry.npmjs.org/unist-util-visit-children/-/unist-util-visit-children-3.0.0.tgz. Extracting by manifest.
3031 silly tarball no local data for unist-util-modify-children@https://registry.npmjs.org/unist-util-modify-children/-/unist-util-modify-children-4.0.0.tgz. Extracting by manifest.
3032 silly tarball no local data for nlcst-to-string@https://registry.npmjs.org/nlcst-to-string/-/nlcst-to-string-4.0.0.tgz. Extracting by manifest.
3033 silly tarball no local data for retext-stringify@https://registry.npmjs.org/retext-stringify/-/retext-stringify-4.0.0.tgz. Extracting by manifest.
3034 silly tarball no local data for parse-latin@https://registry.npmjs.org/parse-latin/-/parse-latin-7.0.0.tgz. Extracting by manifest.
3035 silly tarball no local data for @types/nlcst@https://registry.npmjs.org/@types/nlcst/-/nlcst-2.0.3.tgz. Extracting by manifest.
3036 silly tarball no local data for retext-latin@https://registry.npmjs.org/retext-latin/-/retext-latin-4.0.0.tgz. Extracting by manifest.
3037 silly tarball no local data for micromark-extension-gfm-task-list-item@https://registry.npmjs.org/micromark-extension-gfm-task-list-item/-/micromark-extension-gfm-task-list-item-2.1.0.tgz. Extracting by manifest.
3038 silly tarball no local data for micromark-extension-gfm-tagfilter@https://registry.npmjs.org/micromark-extension-gfm-tagfilter/-/micromark-extension-gfm-tagfilter-2.0.0.tgz. Extracting by manifest.
3039 silly tarball no local data for retext@https://registry.npmjs.org/retext/-/retext-9.0.0.tgz. Extracting by manifest.
3040 silly tarball no local data for micromark-extension-gfm-table@https://registry.npmjs.org/micromark-extension-gfm-table/-/micromark-extension-gfm-table-2.1.1.tgz. Extracting by manifest.
3041 silly tarball no local data for micromark-extension-gfm-strikethrough@https://registry.npmjs.org/micromark-extension-gfm-strikethrough/-/micromark-extension-gfm-strikethrough-2.1.0.tgz. Extracting by manifest.
3042 silly tarball no local data for micromark-extension-gfm-footnote@https://registry.npmjs.org/micromark-extension-gfm-footnote/-/micromark-extension-gfm-footnote-2.1.0.tgz. Extracting by manifest.
3043 silly tarball no local data for retext-smartypants@https://registry.npmjs.org/retext-smartypants/-/retext-smartypants-6.2.0.tgz. Extracting by manifest.
3044 silly tarball no local data for micromark-extension-gfm-autolink-literal@https://registry.npmjs.org/micromark-extension-gfm-autolink-literal/-/micromark-extension-gfm-autolink-literal-2.1.0.tgz. Extracting by manifest.
3045 silly tarball no local data for micromark-util-html-tag-name@https://registry.npmjs.org/micromark-util-html-tag-name/-/micromark-util-html-tag-name-2.0.1.tgz. Extracting by manifest.
3046 silly tarball no local data for micromark-factory-title@https://registry.npmjs.org/micromark-factory-title/-/micromark-factory-title-2.0.1.tgz. Extracting by manifest.
3047 silly tarball no local data for micromark-factory-whitespace@https://registry.npmjs.org/micromark-factory-whitespace/-/micromark-factory-whitespace-2.0.1.tgz. Extracting by manifest.
3048 silly tarball no local data for @types/ms@https://registry.npmjs.org/@types/ms/-/ms-2.1.0.tgz. Extracting by manifest.
3049 silly tarball no local data for micromark-factory-label@https://registry.npmjs.org/micromark-factory-label/-/micromark-factory-label-2.0.1.tgz. Extracting by manifest.
3050 silly tarball no local data for micromark-factory-destination@https://registry.npmjs.org/micromark-factory-destination/-/micromark-factory-destination-2.0.1.tgz. Extracting by manifest.
3051 silly tarball no local data for micromark-util-subtokenize@https://registry.npmjs.org/micromark-util-subtokenize/-/micromark-util-subtokenize-2.1.0.tgz. Extracting by manifest.
3052 silly tarball no local data for micromark-util-resolve-all@https://registry.npmjs.org/micromark-util-resolve-all/-/micromark-util-resolve-all-2.0.1.tgz. Extracting by manifest.
3053 silly tarball no local data for micromark-util-chunked@https://registry.npmjs.org/micromark-util-chunked/-/micromark-util-chunked-2.0.1.tgz. Extracting by manifest.
3054 silly tarball no local data for micromark-util-combine-extensions@https://registry.npmjs.org/micromark-util-combine-extensions/-/micromark-util-combine-extensions-2.0.1.tgz. Extracting by manifest.
3055 silly tarball no local data for @types/debug@https://registry.npmjs.org/@types/debug/-/debug-4.1.13.tgz. Extracting by manifest.
3056 silly tarball no local data for micromark-core-commonmark@https://registry.npmjs.org/micromark-core-commonmark/-/micromark-core-commonmark-2.0.3.tgz. Extracting by manifest.
3057 silly tarball no local data for mdast-util-phrasing@https://registry.npmjs.org/mdast-util-phrasing/-/mdast-util-phrasing-4.1.0.tgz. Extracting by manifest.
3058 silly tarball no local data for longest-streak@https://registry.npmjs.org/longest-streak/-/longest-streak-3.1.0.tgz. Extracting by manifest.
3059 silly tarball no local data for markdown-table@https://registry.npmjs.org/markdown-table/-/markdown-table-3.0.4.tgz. Extracting by manifest.
3060 silly tarball no local data for unist-util-is@https://registry.npmjs.org/unist-util-is/-/unist-util-is-6.0.1.tgz. Extracting by manifest.
3061 silly tarball no local data for micromark-util-classify-character@https://registry.npmjs.org/micromark-util-classify-character/-/micromark-util-classify-character-2.0.1.tgz. Extracting by manifest.
3062 silly tarball no local data for mdast-util-find-and-replace@https://registry.npmjs.org/mdast-util-find-and-replace/-/mdast-util-find-and-replace-3.0.2.tgz. Extracting by manifest.
3063 silly tarball no local data for escape-string-regexp@https://registry.npmjs.org/escape-string-regexp/-/escape-string-regexp-5.0.0.tgz. Extracting by manifest.
3064 silly tarball no local data for micromark-factory-space@https://registry.npmjs.org/micromark-factory-space/-/micromark-factory-space-2.0.1.tgz. Extracting by manifest.
3065 silly tarball no local data for unist-util-stringify-position@https://registry.npmjs.org/unist-util-stringify-position/-/unist-util-stringify-position-4.0.0.tgz. Extracting by manifest.
3066 silly tarball no local data for character-entities@https://registry.npmjs.org/character-entities/-/character-entities-2.0.2.tgz. Extracting by manifest.
3067 silly tarball no local data for micromark-util-normalize-identifier@https://registry.npmjs.org/micromark-util-normalize-identifier/-/micromark-util-normalize-identifier-2.0.1.tgz. Extracting by manifest.
3068 silly tarball no local data for micromark-util-decode-numeric-character-reference@https://registry.npmjs.org/micromark-util-decode-numeric-character-reference/-/micromark-util-decode-numeric-character-reference-2.0.2.tgz. Extracting by manifest.
3069 silly tarball no local data for micromark-util-decode-string@https://registry.npmjs.org/micromark-util-decode-string/-/micromark-util-decode-string-2.0.1.tgz. Extracting by manifest.
3070 silly tarball no local data for micromark@https://registry.npmjs.org/micromark/-/micromark-4.0.2.tgz. Extracting by manifest.
3071 silly tarball no local data for mdast-util-to-string@https://registry.npmjs.org/mdast-util-to-string/-/mdast-util-to-string-4.0.0.tgz. Extracting by manifest.
3072 silly tarball no local data for decode-named-character-reference@https://registry.npmjs.org/decode-named-character-reference/-/decode-named-character-reference-1.3.0.tgz. Extracting by manifest.
3073 silly tarball no local data for mdast-util-to-markdown@https://registry.npmjs.org/mdast-util-to-markdown/-/mdast-util-to-markdown-2.1.2.tgz. Extracting by manifest.
3074 silly tarball no local data for mdast-util-gfm-task-list-item@https://registry.npmjs.org/mdast-util-gfm-task-list-item/-/mdast-util-gfm-task-list-item-2.0.0.tgz. Extracting by manifest.
3075 silly tarball no local data for mdast-util-gfm-autolink-literal@https://registry.npmjs.org/mdast-util-gfm-autolink-literal/-/mdast-util-gfm-autolink-literal-2.0.1.tgz. Extracting by manifest.
3076 silly tarball no local data for mdast-util-gfm-table@https://registry.npmjs.org/mdast-util-gfm-table/-/mdast-util-gfm-table-2.0.0.tgz. Extracting by manifest.
3077 silly tarball no local data for mdast-util-gfm-footnote@https://registry.npmjs.org/mdast-util-gfm-footnote/-/mdast-util-gfm-footnote-2.1.0.tgz. Extracting by manifest.
3078 silly tarball no local data for mdast-util-from-markdown@https://registry.npmjs.org/mdast-util-from-markdown/-/mdast-util-from-markdown-2.0.3.tgz. Extracting by manifest.
3079 silly tarball no local data for mdast-util-gfm-strikethrough@https://registry.npmjs.org/mdast-util-gfm-strikethrough/-/mdast-util-gfm-strikethrough-2.0.0.tgz. Extracting by manifest.
3080 silly tarball no local data for remark-stringify@https://registry.npmjs.org/remark-stringify/-/remark-stringify-11.0.0.tgz. Extracting by manifest.
3081 silly tarball no local data for micromark-extension-gfm@https://registry.npmjs.org/micromark-extension-gfm/-/micromark-extension-gfm-3.0.0.tgz. Extracting by manifest.
3082 silly tarball no local data for stringify-entities@https://registry.npmjs.org/stringify-entities/-/stringify-entities-4.0.4.tgz. Extracting by manifest.
3083 silly tarball no local data for mdast-util-gfm@https://registry.npmjs.org/mdast-util-gfm/-/mdast-util-gfm-3.1.0.tgz. Extracting by manifest.
3084 silly tarball no local data for ccount@https://registry.npmjs.org/ccount/-/ccount-2.0.1.tgz. Extracting by manifest.
3085 silly tarball no local data for hast-util-whitespace@https://registry.npmjs.org/hast-util-whitespace/-/hast-util-whitespace-3.0.0.tgz. Extracting by manifest.
3086 silly tarball no local data for micromark-util-symbol@https://registry.npmjs.org/micromark-util-symbol/-/micromark-util-symbol-2.0.1.tgz. Extracting by manifest.
3087 silly tarball no local data for micromark-util-types@https://registry.npmjs.org/micromark-util-types/-/micromark-util-types-2.0.2.tgz. Extracting by manifest.
3088 silly tarball no local data for hast-util-to-html@https://registry.npmjs.org/hast-util-to-html/-/hast-util-to-html-9.0.5.tgz. Extracting by manifest.
3089 silly tarball no local data for micromark-util-encode@https://registry.npmjs.org/micromark-util-encode/-/micromark-util-encode-2.0.1.tgz. Extracting by manifest.
3090 silly tarball no local data for micromark-util-character@https://registry.npmjs.org/micromark-util-character/-/micromark-util-character-2.1.1.tgz. Extracting by manifest.
3091 silly tarball no local data for micromark-util-sanitize-uri@https://registry.npmjs.org/micromark-util-sanitize-uri/-/micromark-util-sanitize-uri-2.0.1.tgz. Extracting by manifest.
3092 silly tarball no local data for trim-lines@https://registry.npmjs.org/trim-lines/-/trim-lines-3.0.1.tgz. Extracting by manifest.
3093 silly tarball no local data for zwitch@https://registry.npmjs.org/zwitch/-/zwitch-2.0.4.tgz. Extracting by manifest.
3094 silly tarball no local data for unist-util-position@https://registry.npmjs.org/unist-util-position/-/unist-util-position-5.0.0.tgz. Extracting by manifest.
3095 silly tarball no local data for mdast-util-to-hast@https://registry.npmjs.org/mdast-util-to-hast/-/mdast-util-to-hast-13.2.1.tgz. Extracting by manifest.
3096 silly tarball no local data for html-void-elements@https://registry.npmjs.org/html-void-elements/-/html-void-elements-3.0.0.tgz. Extracting by manifest.
3097 silly tarball no local data for @ungap/structured-clone@https://registry.npmjs.org/@ungap/structured-clone/-/structured-clone-1.4.0.tgz. Extracting by manifest.
3098 silly tarball no local data for hast-util-to-parse5@https://registry.npmjs.org/hast-util-to-parse5/-/hast-util-to-parse5-8.0.1.tgz. Extracting by manifest.
3099 silly tarball no local data for hast-util-raw@https://registry.npmjs.org/hast-util-raw/-/hast-util-raw-9.1.0.tgz. Extracting by manifest.
3100 silly tarball no local data for rehype-parse@https://registry.npmjs.org/rehype-parse/-/rehype-parse-9.0.1.tgz. Extracting by manifest.
3101 silly tarball no local data for sisteransi@https://registry.npmjs.org/sisteransi/-/sisteransi-1.0.5.tgz. Extracting by manifest.
3102 silly tarball no local data for entities@https://registry.npmjs.org/entities/-/entities-6.0.1.tgz. Extracting by manifest.
3103 silly tarball no local data for @types/mdast@https://registry.npmjs.org/@types/mdast/-/mdast-4.0.4.tgz. Extracting by manifest.
3104 silly tarball no local data for p-timeout@https://registry.npmjs.org/p-timeout/-/p-timeout-6.1.4.tgz. Extracting by manifest.
3105 silly tarball no local data for @babel/helper-validator-identifier@https://registry.npmjs.org/@babel/helper-validator-identifier/-/helper-validator-identifier-7.29.7.tgz. Extracting by manifest.
3106 silly tarball no local data for eventemitter3@https://registry.npmjs.org/eventemitter3/-/eventemitter3-5.0.4.tgz. Extracting by manifest.
3107 silly tarball no local data for @babel/helper-string-parser@https://registry.npmjs.org/@babel/helper-string-parser/-/helper-string-parser-7.29.7.tgz. Extracting by manifest.
3108 silly tarball no local data for @babel/types@https://registry.npmjs.org/@babel/types/-/types-7.29.8.tgz. Extracting by manifest.
3109 silly tarball no local data for yocto-queue@https://registry.npmjs.org/yocto-queue/-/yocto-queue-1.2.2.tgz. Extracting by manifest.
3110 silly tarball no local data for source-map-js@https://registry.npmjs.org/source-map-js/-/source-map-js-1.2.1.tgz. Extracting by manifest.
3111 silly tarball no local data for argparse@https://registry.npmjs.org/argparse/-/argparse-2.0.1.tgz. Extracting by manifest.
3112 silly tarball no local data for @babel/parser@https://registry.npmjs.org/@babel/parser/-/parser-7.29.8.tgz. Extracting by manifest.
3113 silly tarball no local data for is-inside-container@https://registry.npmjs.org/is-inside-container/-/is-inside-container-1.0.0.tgz. Extracting by manifest.
3114 silly tarball no local data for space-separated-tokens@https://registry.npmjs.org/space-separated-tokens/-/space-separated-tokens-2.0.2.tgz. Extracting by manifest.
3115 silly tarball no local data for hast-util-parse-selector@https://registry.npmjs.org/hast-util-parse-selector/-/hast-util-parse-selector-4.0.0.tgz. Extracting by manifest.
3116 silly tarball no local data for comma-separated-tokens@https://registry.npmjs.org/comma-separated-tokens/-/comma-separated-tokens-2.0.3.tgz. Extracting by manifest.
3117 silly tarball no local data for unist-util-find-after@https://registry.npmjs.org/unist-util-find-after/-/unist-util-find-after-5.0.0.tgz. Extracting by manifest.
3118 silly tarball no local data for hast-util-is-element@https://registry.npmjs.org/hast-util-is-element/-/hast-util-is-element-3.0.0.tgz. Extracting by manifest.
3119 silly tarball no local data for web-namespaces@https://registry.npmjs.org/web-namespaces/-/web-namespaces-2.0.1.tgz. Extracting by manifest.
3120 silly tarball no local data for hastscript@https://registry.npmjs.org/hastscript/-/hastscript-9.0.1.tgz. Extracting by manifest.
3121 silly tarball no local data for @types/unist@https://registry.npmjs.org/@types/unist/-/unist-3.0.3.tgz. Extracting by manifest.
3122 silly tarball no local data for dequal@https://registry.npmjs.org/dequal/-/dequal-2.0.3.tgz. Extracting by manifest.
3123 silly tarball no local data for vfile-message@https://registry.npmjs.org/vfile-message/-/vfile-message-4.0.3.tgz. Extracting by manifest.
3124 silly tarball no local data for property-information@https://registry.npmjs.org/property-information/-/property-information-7.2.0.tgz. Extracting by manifest.
3125 silly tarball no local data for hast-util-from-parse5@https://registry.npmjs.org/hast-util-from-parse5/-/hast-util-from-parse5-8.0.3.tgz. Extracting by manifest.
3126 silly tarball no local data for parse5@https://registry.npmjs.org/parse5/-/parse5-7.3.0.tgz. Extracting by manifest.
3127 silly tarball no local data for @types/hast@https://registry.npmjs.org/@types/hast/-/hast-3.0.5.tgz. Extracting by manifest.
3128 silly tarball no local data for @esbuild/win32-x64@https://registry.npmjs.org/@esbuild/win32-x64/-/win32-x64-0.27.7.tgz. Extracting by manifest.
3129 silly tarball no local data for devlop@https://registry.npmjs.org/devlop/-/devlop-1.1.0.tgz. Extracting by manifest.
3130 silly tarball no local data for tiny-inflate@https://registry.npmjs.org/tiny-inflate/-/tiny-inflate-1.0.3.tgz. Extracting by manifest.
3131 silly tarball no local data for base-64@https://registry.npmjs.org/base-64/-/base-64-1.0.0.tgz. Extracting by manifest.
3132 silly tarball no local data for readdirp@https://registry.npmjs.org/readdirp/-/readdirp-4.1.2.tgz. Extracting by manifest.
3133 silly tarball no local data for ms@https://registry.npmjs.org/ms/-/ms-2.1.3.tgz. Extracting by manifest.
3134 silly tarball no local data for wrap-ansi@https://registry.npmjs.org/wrap-ansi/-/wrap-ansi-9.0.2.tgz. Extracting by manifest.
3135 silly tarball no local data for widest-line@https://registry.npmjs.org/widest-line/-/widest-line-5.0.0.tgz. Extracting by manifest.
3136 silly tarball no local data for type-fest@https://registry.npmjs.org/type-fest/-/type-fest-4.41.0.tgz. Extracting by manifest.
3137 silly tarball no local data for string-width@https://registry.npmjs.org/string-width/-/string-width-7.2.0.tgz. Extracting by manifest.
3138 silly tarball no local data for cli-boxes@https://registry.npmjs.org/cli-boxes/-/cli-boxes-3.0.0.tgz. Extracting by manifest.
3139 silly tarball no local data for ansi-align@https://registry.npmjs.org/ansi-align/-/ansi-align-3.0.1.tgz. Extracting by manifest.
3140 silly tarball no local data for camelcase@https://registry.npmjs.org/camelcase/-/camelcase-8.0.0.tgz. Extracting by manifest.
3141 silly tarball no local data for chalk@https://registry.npmjs.org/chalk/-/chalk-5.6.2.tgz. Extracting by manifest.
3142 silly tarball no local data for vfile-location@https://registry.npmjs.org/vfile-location/-/vfile-location-5.0.3.tgz. Extracting by manifest.
3143 silly tarball no local data for @types/estree@https://registry.npmjs.org/@types/estree/-/estree-1.0.9.tgz. Extracting by manifest.
3144 silly tarball no local data for fontkitten@https://registry.npmjs.org/fontkitten/-/fontkitten-1.0.3.tgz. Extracting by manifest.
3145 silly tarball no local data for which-pm-runs@https://registry.npmjs.org/which-pm-runs/-/which-pm-runs-1.1.0.tgz. Extracting by manifest.
3146 silly tarball no local data for is-wsl@https://registry.npmjs.org/is-wsl/-/is-wsl-3.1.1.tgz. Extracting by manifest.
3147 silly tarball no local data for unist-util-visit-parents@https://registry.npmjs.org/unist-util-visit-parents/-/unist-util-visit-parents-6.0.2.tgz. Extracting by manifest.
3148 silly tarball no local data for is-docker@https://registry.npmjs.org/is-docker/-/is-docker-3.0.0.tgz. Extracting by manifest.
3149 silly tarball no local data for unist-util-remove-position@https://registry.npmjs.org/unist-util-remove-position/-/unist-util-remove-position-5.0.0.tgz. Extracting by manifest.
3150 silly tarball no local data for remark-smartypants@https://registry.npmjs.org/remark-smartypants/-/remark-smartypants-3.0.3.tgz. Extracting by manifest.
3151 silly tarball no local data for remark-gfm@https://registry.npmjs.org/remark-gfm/-/remark-gfm-4.0.1.tgz. Extracting by manifest.
3152 silly tarball no local data for unified@https://registry.npmjs.org/unified/-/unified-11.0.5.tgz. Extracting by manifest.
3153 silly tarball no local data for prismjs@https://registry.npmjs.org/prismjs/-/prismjs-1.30.0.tgz. Extracting by manifest.
3154 silly tarball no local data for remark-parse@https://registry.npmjs.org/remark-parse/-/remark-parse-11.0.0.tgz. Extracting by manifest.
3155 silly tarball no local data for remark-rehype@https://registry.npmjs.org/remark-rehype/-/remark-rehype-11.1.2.tgz. Extracting by manifest.
3156 silly tarball no local data for rehype-raw@https://registry.npmjs.org/rehype-raw/-/rehype-raw-7.0.0.tgz. Extracting by manifest.
3157 silly tarball no local data for hast-util-to-text@https://registry.npmjs.org/hast-util-to-text/-/hast-util-to-text-4.0.2.tgz. Extracting by manifest.
3158 silly tarball no local data for mdast-util-definitions@https://registry.npmjs.org/mdast-util-definitions/-/mdast-util-definitions-6.0.0.tgz. Extracting by manifest.
3159 silly tarball no local data for rehype-stringify@https://registry.npmjs.org/rehype-stringify/-/rehype-stringify-10.0.1.tgz. Extracting by manifest.
3160 silly tarball no local data for @astrojs/prism@https://registry.npmjs.org/@astrojs/prism/-/prism-3.3.0.tgz. Extracting by manifest.
3161 silly tarball no local data for hast-util-from-html@https://registry.npmjs.org/hast-util-from-html/-/hast-util-from-html-2.0.3.tgz. Extracting by manifest.
3162 silly tarball no local data for zod-to-ts@https://registry.npmjs.org/zod-to-ts/-/zod-to-ts-1.2.0.tgz. Extracting by manifest.
3163 silly tarball no local data for zod@https://registry.npmjs.org/zod/-/zod-3.25.76.tgz. Extracting by manifest.
3164 silly tarball no local data for yocto-spinner@https://registry.npmjs.org/yocto-spinner/-/yocto-spinner-0.2.3.tgz. Extracting by manifest.
3165 silly tarball no local data for yargs-parser@https://registry.npmjs.org/yargs-parser/-/yargs-parser-21.1.1.tgz. Extracting by manifest.
3166 silly tarball no local data for xxhash-wasm@https://registry.npmjs.org/xxhash-wasm/-/xxhash-wasm-1.1.0.tgz. Extracting by manifest.
3167 silly tarball no local data for zod-to-json-schema@https://registry.npmjs.org/zod-to-json-schema/-/zod-to-json-schema-3.25.2.tgz. Extracting by manifest.
3168 silly tarball no local data for vitefu@https://registry.npmjs.org/vitefu/-/vitefu-1.1.3.tgz. Extracting by manifest.
3169 silly tarball no local data for vite@https://registry.npmjs.org/vite/-/vite-6.4.3.tgz. Extracting by manifest.
3170 silly tarball no local data for unstorage@https://registry.npmjs.org/unstorage/-/unstorage-1.17.5.tgz. Extracting by manifest.
3171 silly tarball no local data for ultrahtml@https://registry.npmjs.org/ultrahtml/-/ultrahtml-1.7.0.tgz. Extracting by manifest.
3172 silly tarball no local data for unifont@https://registry.npmjs.org/unifont/-/unifont-0.7.5.tgz. Extracting by manifest.
3173 silly tarball no local data for unist-util-visit@https://registry.npmjs.org/unist-util-visit/-/unist-util-visit-5.1.0.tgz. Extracting by manifest.
3174 silly tarball no local data for vfile@https://registry.npmjs.org/vfile/-/vfile-6.0.3.tgz. Extracting by manifest.
3175 silly tarball no local data for tinyexec@https://registry.npmjs.org/tinyexec/-/tinyexec-1.3.1.tgz. Extracting by manifest.
3176 silly tarball no local data for smol-toml@https://registry.npmjs.org/smol-toml/-/smol-toml-1.8.0.tgz. Extracting by manifest.
3177 silly tarball no local data for tsconfck@https://registry.npmjs.org/tsconfck/-/tsconfck-3.1.6.tgz. Extracting by manifest.
3178 silly tarball no local data for svgo@https://registry.npmjs.org/svgo/-/svgo-4.1.0.tgz. Extracting by manifest.
3179 silly tarball no local data for shiki@https://registry.npmjs.org/shiki/-/shiki-3.23.0.tgz. Extracting by manifest.
3180 silly tarball no local data for sharp@https://registry.npmjs.org/sharp/-/sharp-0.34.5.tgz. Extracting by manifest.
3181 silly tarball no local data for rehype@https://registry.npmjs.org/rehype/-/rehype-13.0.2.tgz. Extracting by manifest.
3182 silly tarball no local data for prompts@https://registry.npmjs.org/prompts/-/prompts-2.4.2.tgz. Extracting by manifest.
3183 silly tarball no local data for piccolore@https://registry.npmjs.org/piccolore/-/piccolore-0.1.3.tgz. Extracting by manifest.
3184 silly tarball no local data for semver@https://registry.npmjs.org/semver/-/semver-7.8.5.tgz. Extracting by manifest.
3185 silly tarball no local data for package-manager-detector@https://registry.npmjs.org/package-manager-detector/-/package-manager-detector-1.8.0.tgz. Extracting by manifest.
3186 silly tarball no local data for p-limit@https://registry.npmjs.org/p-limit/-/p-limit-6.2.0.tgz. Extracting by manifest.
3187 silly tarball no local data for neotraverse@https://registry.npmjs.org/neotraverse/-/neotraverse-0.6.18.tgz. Extracting by manifest.
3188 silly tarball no local data for mrmime@https://registry.npmjs.org/mrmime/-/mrmime-2.0.1.tgz. Extracting by manifest.
3189 silly tarball no local data for magicast@https://registry.npmjs.org/magicast/-/magicast-0.5.4.tgz. Extracting by manifest.
3190 silly tarball no local data for magic-string@https://registry.npmjs.org/magic-string/-/magic-string-0.30.21.tgz. Extracting by manifest.
3191 silly tarball no local data for picomatch@https://registry.npmjs.org/picomatch/-/picomatch-4.0.7.tgz. Extracting by manifest.
3192 silly tarball no local data for p-queue@https://registry.npmjs.org/p-queue/-/p-queue-8.1.1.tgz. Extracting by manifest.
3193 silly tarball no local data for js-yaml@https://registry.npmjs.org/js-yaml/-/js-yaml-4.3.2.tgz. Extracting by manifest.
3194 silly tarball no local data for import-meta-resolve@https://registry.npmjs.org/import-meta-resolve/-/import-meta-resolve-4.2.0.tgz. Extracting by manifest.
3195 silly tarball no local data for fontace@https://registry.npmjs.org/fontace/-/fontace-0.4.1.tgz. Extracting by manifest.
3196 silly tarball no local data for github-slugger@https://registry.npmjs.org/github-slugger/-/github-slugger-2.0.0.tgz. Extracting by manifest.
3197 silly tarball no local data for html-escaper@https://registry.npmjs.org/html-escaper/-/html-escaper-3.0.3.tgz. Extracting by manifest.
3198 silly tarball no local data for http-cache-semantics@https://registry.npmjs.org/http-cache-semantics/-/http-cache-semantics-4.2.0.tgz. Extracting by manifest.
3199 silly tarball no local data for flattie@https://registry.npmjs.org/flattie/-/flattie-1.1.1.tgz. Extracting by manifest.
3200 silly tarball no local data for estree-walker@https://registry.npmjs.org/estree-walker/-/estree-walker-3.0.3.tgz. Extracting by manifest.
3201 silly tarball no local data for esbuild@https://registry.npmjs.org/esbuild/-/esbuild-0.27.7.tgz. Extracting by manifest.
3202 silly tarball no local data for es-module-lexer@https://registry.npmjs.org/es-module-lexer/-/es-module-lexer-1.7.0.tgz. Extracting by manifest.
3203 silly tarball no local data for dset@https://registry.npmjs.org/dset/-/dset-3.1.4.tgz. Extracting by manifest.
3204 silly tarball no local data for dlv@https://registry.npmjs.org/dlv/-/dlv-1.1.3.tgz. Extracting by manifest.
3205 silly tarball no local data for diff@https://registry.npmjs.org/diff/-/diff-8.0.4.tgz. Extracting by manifest.
3206 silly tarball no local data for devalue@https://registry.npmjs.org/devalue/-/devalue-5.9.2.tgz. Extracting by manifest.
3207 silly tarball no local data for deterministic-object-hash@https://registry.npmjs.org/deterministic-object-hash/-/deterministic-object-hash-2.0.2.tgz. Extracting by manifest.
3208 silly tarball no local data for debug@https://registry.npmjs.org/debug/-/debug-4.4.3.tgz. Extracting by manifest.
3209 silly tarball no local data for cssesc@https://registry.npmjs.org/cssesc/-/cssesc-3.0.0.tgz. Extracting by manifest.
3210 silly tarball no local data for cookie@https://registry.npmjs.org/cookie/-/cookie-1.1.1.tgz. Extracting by manifest.
3211 silly tarball no local data for clsx@https://registry.npmjs.org/clsx/-/clsx-2.1.1.tgz. Extracting by manifest.
3212 silly tarball no local data for axobject-query@https://registry.npmjs.org/axobject-query/-/axobject-query-4.1.0.tgz. Extracting by manifest.
3213 silly tarball no local data for ci-info@https://registry.npmjs.org/ci-info/-/ci-info-4.4.0.tgz. Extracting by manifest.
3214 silly tarball no local data for boxen@https://registry.npmjs.org/boxen/-/boxen-8.0.1.tgz. Extracting by manifest.
3215 silly tarball no local data for common-ancestor-path@https://registry.npmjs.org/common-ancestor-path/-/common-ancestor-path-1.0.1.tgz. Extracting by manifest.
3216 silly tarball no local data for aria-query@https://registry.npmjs.org/aria-query/-/aria-query-5.3.2.tgz. Extracting by manifest.
3217 silly tarball no local data for acorn@https://registry.npmjs.org/acorn/-/acorn-8.18.0.tgz. Extracting by manifest.
3218 silly tarball no local data for @rollup/pluginutils@https://registry.npmjs.org/@rollup/pluginutils/-/pluginutils-5.4.0.tgz. Extracting by manifest.
3219 silly tarball no local data for @oslojs/encoding@https://registry.npmjs.org/@oslojs/encoding/-/encoding-1.1.0.tgz. Extracting by manifest.
3220 silly tarball no local data for @capsizecss/unpack@https://registry.npmjs.org/@capsizecss/unpack/-/unpack-4.0.1.tgz. Extracting by manifest.
3221 silly tarball no local data for vscode-languageserver-protocol@https://registry.npmjs.org/vscode-languageserver-protocol/-/vscode-languageserver-protocol-3.18.3.tgz. Extracting by manifest.
3222 silly tarball no local data for vscode-languageserver@https://registry.npmjs.org/vscode-languageserver/-/vscode-languageserver-9.0.1.tgz. Extracting by manifest.
3223 silly tarball no local data for @astrojs/markdown-remark@https://registry.npmjs.org/@astrojs/markdown-remark/-/markdown-remark-6.3.11.tgz. Extracting by manifest.
3224 silly tarball no local data for @astrojs/telemetry@https://registry.npmjs.org/@astrojs/telemetry/-/telemetry-3.3.0.tgz. Extracting by manifest.
3225 silly tarball no local data for request-light@https://registry.npmjs.org/request-light/-/request-light-0.7.0.tgz. Extracting by manifest.
3226 silly tarball no local data for @astrojs/internal-helpers@https://registry.npmjs.org/@astrojs/internal-helpers/-/internal-helpers-0.7.6.tgz. Extracting by manifest.
3227 silly tarball no local data for @volar/source-map@https://registry.npmjs.org/@volar/source-map/-/source-map-2.4.28.tgz. Extracting by manifest.
3228 silly tarball no local data for vscode-languageserver-textdocument@https://registry.npmjs.org/vscode-languageserver-textdocument/-/vscode-languageserver-textdocument-1.0.14.tgz. Extracting by manifest.
3229 silly tarball no local data for @volar/typescript@https://registry.npmjs.org/@volar/typescript/-/typescript-2.4.28.tgz. Extracting by manifest.
3230 silly tarball no local data for path-browserify@https://registry.npmjs.org/path-browserify/-/path-browserify-1.0.1.tgz. Extracting by manifest.
3231 silly tarball no local data for typesafe-path@https://registry.npmjs.org/typesafe-path/-/typesafe-path-0.2.2.tgz. Extracting by manifest.
3232 silly tarball no local data for yaml@https://registry.npmjs.org/yaml/-/yaml-2.9.0.tgz. Extracting by manifest.
3233 silly tarball no local data for vscode-uri@https://registry.npmjs.org/vscode-uri/-/vscode-uri-3.2.0.tgz. Extracting by manifest.
3234 silly tarball no local data for vscode-html-languageservice@https://registry.npmjs.org/vscode-html-languageservice/-/vscode-html-languageservice-5.6.2.tgz. Extracting by manifest.
3235 silly tarball no local data for volar-service-yaml@https://registry.npmjs.org/volar-service-yaml/-/volar-service-yaml-0.0.71.tgz. Extracting by manifest.
3236 silly tarball no local data for volar-service-typescript@https://registry.npmjs.org/volar-service-typescript/-/volar-service-typescript-0.0.71.tgz. Extracting by manifest.
3237 silly tarball no local data for volar-service-prettier@https://registry.npmjs.org/volar-service-prettier/-/volar-service-prettier-0.0.71.tgz. Extracting by manifest.
3238 silly tarball no local data for volar-service-emmet@https://registry.npmjs.org/volar-service-emmet/-/volar-service-emmet-0.0.71.tgz. Extracting by manifest.
3239 silly tarball no local data for @volar/language-service@https://registry.npmjs.org/@volar/language-service/-/language-service-2.4.28.tgz. Extracting by manifest.
3240 silly tarball no local data for tinyglobby@https://registry.npmjs.org/tinyglobby/-/tinyglobby-0.2.17.tgz. Extracting by manifest.
3241 silly tarball no local data for volar-service-css@https://registry.npmjs.org/volar-service-css/-/volar-service-css-0.0.71.tgz. Extracting by manifest.
3242 silly tarball no local data for muggle-string@https://registry.npmjs.org/muggle-string/-/muggle-string-0.4.1.tgz. Extracting by manifest.
3243 silly tarball no local data for @jridgewell/sourcemap-codec@https://registry.npmjs.org/@jridgewell/sourcemap-codec/-/sourcemap-codec-1.6.0.tgz. Extracting by manifest.
3244 silly tarball no local data for @volar/language-server@https://registry.npmjs.org/@volar/language-server/-/language-server-2.4.28.tgz. Extracting by manifest.
3245 silly tarball no local data for volar-service-typescript-twoslash-queries@https://registry.npmjs.org/volar-service-typescript-twoslash-queries/-/volar-service-typescript-twoslash-queries-0.0.71.tgz. Extracting by manifest.
3246 silly tarball no local data for @volar/language-core@https://registry.npmjs.org/@volar/language-core/-/language-core-2.4.28.tgz. Extracting by manifest.
3247 silly tarball no local data for @volar/kit@https://registry.npmjs.org/@volar/kit/-/kit-2.4.28.tgz. Extracting by manifest.
3248 silly tarball no local data for yargs@https://registry.npmjs.org/yargs/-/yargs-18.1.0.tgz. Extracting by manifest.
3249 silly tarball no local data for @astrojs/yaml2ts@https://registry.npmjs.org/@astrojs/yaml2ts/-/yaml2ts-0.2.4.tgz. Extracting by manifest.
3250 silly tarball no local data for volar-service-html@https://registry.npmjs.org/volar-service-html/-/volar-service-html-0.0.71.tgz. Extracting by manifest.
3251 silly tarball no local data for @astrojs/compiler@https://registry.npmjs.org/@astrojs/compiler/-/compiler-2.13.1.tgz. Extracting by manifest.
3252 silly tarball no local data for @astrojs/language-server@https://registry.npmjs.org/@astrojs/language-server/-/language-server-2.16.16.tgz. Extracting by manifest.
3253 silly tarball no local data for kleur@https://registry.npmjs.org/kleur/-/kleur-4.1.5.tgz. Extracting by manifest.
3254 silly tarball no local data for @astrojs/check@https://registry.npmjs.org/@astrojs/check/-/check-0.9.10.tgz. Extracting by manifest.
3255 silly tarball no local data for chokidar@https://registry.npmjs.org/chokidar/-/chokidar-4.0.3.tgz. Extracting by manifest.
3256 silly tarball no local data for astro@https://registry.npmjs.org/astro/-/astro-5.18.2.tgz. Extracting by manifest.
3257 silly tarball no local data for typescript@https://registry.npmjs.org/typescript/-/typescript-5.9.3.tgz. Extracting by manifest.
3258 silly tarball no local data for vscode-languageserver-types@https://registry.npmjs.org/vscode-languageserver-types/-/vscode-languageserver-types-3.17.5.tgz. Extracting by manifest.
3259 silly tarball no local data for jsonc-parser@https://registry.npmjs.org/jsonc-parser/-/jsonc-parser-3.3.1.tgz. Extracting by manifest.
3260 silly tarball no local data for picomatch@https://registry.npmjs.org/picomatch/-/picomatch-2.3.2.tgz. Extracting by manifest.
3261 silly tarball no local data for yaml@https://registry.npmjs.org/yaml/-/yaml-2.8.3.tgz. Extracting by manifest.
3262 silly tarball no local data for mdn-data@https://registry.npmjs.org/mdn-data/-/mdn-data-2.0.28.tgz. Extracting by manifest.
3263 silly tarball no local data for request-light@https://registry.npmjs.org/request-light/-/request-light-0.5.8.tgz. Extracting by manifest.
3264 silly tarball no local data for entities@https://registry.npmjs.org/entities/-/entities-4.5.0.tgz. Extracting by manifest.
3265 silly tarball no local data for css-tree@https://registry.npmjs.org/css-tree/-/css-tree-2.2.1.tgz. Extracting by manifest.
3266 silly tarball no local data for strip-ansi@https://registry.npmjs.org/strip-ansi/-/strip-ansi-6.0.1.tgz. Extracting by manifest.
3267 silly tarball no local data for emoji-regex@https://registry.npmjs.org/emoji-regex/-/emoji-regex-8.0.0.tgz. Extracting by manifest.
3268 silly tarball no local data for ansi-regex@https://registry.npmjs.org/ansi-regex/-/ansi-regex-5.0.1.tgz. Extracting by manifest.
3269 silly tarball no local data for string-width@https://registry.npmjs.org/string-width/-/string-width-4.2.3.tgz. Extracting by manifest.
3270 silly tarball no local data for @esbuild/win32-x64@https://registry.npmjs.org/@esbuild/win32-x64/-/win32-x64-0.25.12.tgz. Extracting by manifest.
3271 silly tarball no local data for esbuild@https://registry.npmjs.org/esbuild/-/esbuild-0.25.12.tgz. Extracting by manifest.
3272 silly tarball no local data for kleur@https://registry.npmjs.org/kleur/-/kleur-3.0.3.tgz. Extracting by manifest.
3273 silly tarball no local data for readdirp@https://registry.npmjs.org/readdirp/-/readdirp-5.1.1.tgz. Extracting by manifest.
3274 silly tarball no local data for chokidar@https://registry.npmjs.org/chokidar/-/chokidar-5.0.0.tgz. Extracting by manifest.
3275 silly tarball no local data for yargs-parser@https://registry.npmjs.org/yargs-parser/-/yargs-parser-22.0.0.tgz. Extracting by manifest.
3276 silly tarball no local data for estree-walker@https://registry.npmjs.org/estree-walker/-/estree-walker-2.0.2.tgz. Extracting by manifest.
3277 silly tarball no local data for vscode-jsonrpc@https://registry.npmjs.org/vscode-jsonrpc/-/vscode-jsonrpc-8.2.0.tgz. Extracting by manifest.
3278 silly tarball no local data for string-width@https://registry.npmjs.org/string-width/-/string-width-8.2.2.tgz. Extracting by manifest.
3279 silly tarball no local data for vscode-languageserver-types@https://registry.npmjs.org/vscode-languageserver-types/-/vscode-languageserver-types-3.17.5.tgz. Extracting by manifest.
3280 silly tarball no local data for vscode-languageserver-protocol@https://registry.npmjs.org/vscode-languageserver-protocol/-/vscode-languageserver-protocol-3.17.5.tgz. Extracting by manifest.
3281 http fetch POST 200 https://registry.npmjs.org/-/npm/v1/security/advisories/bulk 348ms
3282 silly audit report {
3282 silly audit report   astro: [
3282 silly audit report     {
3282 silly audit report       id: 1118920,
3282 silly audit report       url: 'https://github.com/advisories/GHSA-xr5h-phrj-8vxv',
3282 silly audit report       title: 'Astro: Server island encrypted parameters vulnerable to cross-component replay',
3282 silly audit report       severity: 'low',
3282 silly audit report       vulnerable_versions: '<6.1.10',
3282 silly audit report       cwe: [Array],
3282 silly audit report       cvss: [Object]
3282 silly audit report     },
3282 silly audit report     {
3282 silly audit report       id: 1117141,
3282 silly audit report       url: 'https://github.com/advisories/GHSA-j687-52p2-xcff',
3282 silly audit report       title: 'Astro: XSS in define:vars via incomplete </script> tag sanitization',
3282 silly audit report       severity: 'moderate',
3282 silly audit report       vulnerable_versions: '<6.1.6',
3282 silly audit report       cwe: [Array],
3282 silly audit report       cvss: [Object]
3282 silly audit report     },
3282 silly audit report     {
3282 silly audit report       id: 1123700,
3282 silly audit report       url: 'https://github.com/advisories/GHSA-jrpj-wcv7-9fh9',
3282 silly audit report       title: 'Astro: XSS via Unescaped Attribute Names in Spread Props',
3282 silly audit report       severity: 'moderate',
3282 silly audit report       vulnerable_versions: '<6.4.6',
3282 silly audit report       cwe: [Array],
3282 silly audit report       cvss: [Object]
3282 silly audit report     },
3282 silly audit report     {
3282 silly audit report       id: 1139373,
3282 silly audit report       url: 'https://github.com/advisories/GHSA-f48w-9m4c-m7f5',
3282 silly audit report       title: 'Astro: XSS via unescaped spread attribute names in renderHTMLElement (incomplete fix for CVE-2026-54298)',
3282 silly audit report       severity: 'moderate',
3282 silly audit report       vulnerable_versions: '<7.0.6',
3282 silly audit report       cwe: [Array],
3282 silly audit report       cvss: [Object]
3282 silly audit report     },
3282 silly audit report     {
3282 silly audit report       id: 1139375,
3282 silly audit report       url: 'https://github.com/advisories/GHSA-7pw4-f3q4-r2p2',
3282 silly audit report       title: 'Astro: Cross-site scripting via unescaped transition:* directive values on hydrated islands',
3282 silly audit report       severity: 'low',
3282 silly audit report       vulnerable_versions: '>=3.10.0 <7.0.4',
3282 silly audit report       cwe: [Array],
3282 silly audit report       cvss: [Object]
3282 silly audit report     },
3282 silly audit report     {
3282 silly audit report       id: 1139376,
3282 silly audit report       url: 'https://github.com/advisories/GHSA-4g3v-8h47-v7g6',
3282 silly audit report       title: 'Astro: Reflected XSS via unescaped View Transition animation properties',
3282 silly audit report       severity: 'moderate',
3282 silly audit report       vulnerable_versions: '>=2.9.0 <=7.0.9',
3282 silly audit report       cwe: [Array],
3282 silly audit report       cvss: [Object]
3282 silly audit report     },
3282 silly audit report     {
3282 silly audit report       id: 1139377,
3282 silly audit report       url: 'https://github.com/advisories/GHSA-2pvr-wf23-7pc7',
3282 silly audit report       title: 'Astro: Host header SSRF in prerendered error page fetch',
3282 silly audit report       severity: 'high',
3282 silly audit report       vulnerable_versions: '<6.4.6',
3282 silly audit report       cwe: [Array],
3282 silly audit report       cvss: [Object]
3282 silly audit report     },
3282 silly audit report     {
3282 silly audit report       id: 1139378,
3282 silly audit report       url: 'https://github.com/advisories/GHSA-8hv8-536x-4wqp',
3282 silly audit report       title: 'Astro: Reflected XSS via unescaped slot name',
3282 silly audit report       severity: 'high',
3282 silly audit report       vulnerable_versions: '<6.3.3',
3282 silly audit report       cwe: [Array],
3282 silly audit report       cvss: [Object]
3282 silly audit report     }
3282 silly audit report   ],
3282 silly audit report   esbuild: [
3282 silly audit report     {
3282 silly audit report       id: 1120680,
3282 silly audit report       url: 'https://github.com/advisories/GHSA-g7r4-m6w7-qqqr',
3282 silly audit report       title: 'esbuild allows arbitrary file read when running the development server on Windows',
3282 silly audit report       severity: 'low',
3282 silly audit report       vulnerable_versions: '>=0.27.3 <0.28.1',
3282 silly audit report       cwe: [Array],
3282 silly audit report       cvss: [Object]
3282 silly audit report     }
3282 silly audit report   ],
3282 silly audit report   sharp: [
3282 silly audit report     {
3282 silly audit report       id: 1124066,
3282 silly audit report       url: 'https://github.com/advisories/GHSA-f88m-g3jw-g9cj',
3282 silly audit report       title: 'sharp inherited vulnerabilities in libvips: CVE-2026-33327, CVE-2026-33328, CVE-2026-35590, CVE-2026-35591',
3282 silly audit report       severity: 'high',
3282 silly audit report       vulnerable_versions: '<0.35.0',
3282 silly audit report       cwe: [Array],
3282 silly audit report       cvss: [Object]
3282 silly audit report     }
3282 silly audit report   ]
3282 silly audit report }
3283 silly packumentCache corgi:https://registry.npmjs.org/astro cache-miss
3284 silly packumentCache corgi:https://registry.npmjs.org/esbuild cache-miss
3285 silly packumentCache corgi:https://registry.npmjs.org/sharp cache-miss
3286 http fetch GET 200 https://registry.npmjs.org/fast-deep-equal/-/fast-deep-equal-3.1.3.tgz 272ms (cache miss)
3287 http fetch GET 200 https://registry.npmjs.org/get-caller-file/-/get-caller-file-2.0.5.tgz 273ms (cache miss)
3288 http fetch GET 200 https://registry.npmjs.org/yoctocolors/-/yoctocolors-2.2.0.tgz 275ms (cache miss)
3289 http fetch GET 200 https://registry.npmjs.org/escalade/-/escalade-3.2.0.tgz 279ms (cache miss)
3290 http fetch GET 200 https://registry.npmjs.org/is-fullwidth-code-point/-/is-fullwidth-code-point-3.0.0.tgz 293ms (cache miss)
3291 warn tar TAR_ENTRY_ERROR UNKNOWN: unknown error, open 'E:\chappy\e-integrator\existing folder\node_modules\vscode-jsonrpc\lib\common\cancellation.js'
3292 silly tar TAR_ENTRY_ERROR UNKNOWN: unknown error, open 'E:\chappy\e-integrator\existing folder\node_modules\vscode-jsonrpc\lib\common\cancellation.js' [Error: UNKNOWN: unknown error, open 'E:\chappy\e-integrator\existing folder\node_modules\vscode-jsonrpc\lib\common\cancellation.js'] {
3292 silly tar   errno: -4094,
3292 silly tar   code: 'UNKNOWN',
3292 silly tar   syscall: 'open',
3292 silly tar   path: 'E:\\chappy\\e-integrator\\existing folder\\node_modules\\vscode-jsonrpc\\lib\\common\\cancellation.js',
3292 silly tar   entry: Ls {
3292 silly tar     _events: [Object: null prototype] { end: [Array] },
3292 silly tar     _eventsCount: 1,
3292 silly tar     _maxListeners: undefined,
3292 silly tar     writable: false,
3292 silly tar     readable: true,
3292 silly tar     extended: undefined,
3292 silly tar     globalExtended: undefined,
3292 silly tar     header: Ns {
3292 silly tar       cksumValid: true,
3292 silly tar       needPax: false,
3292 silly tar       nullBlock: false,
3292 silly tar       block: undefined,
3292 silly tar       path: 'package/lib/common/cancellation.js',
3292 silly tar       mode: 420,
3292 silly tar       uid: undefined,
3292 silly tar       gid: undefined,
3292 silly tar       size: 4808,
3292 silly tar       cksum: 6340,
3292 silly tar       linkpath: '',
3292 silly tar       uname: '',
3292 silly tar       gname: '',
3292 silly tar       devmaj: 0,
3292 silly tar       devmin: 0,
3292 silly tar       atime: undefined,
3292 silly tar       ctime: undefined,
3292 silly tar       mtime: 1985-10-26T08:15:00.000Z,
3292 silly tar       charset: undefined,
3292 silly tar       comment: undefined
3292 silly tar     },
3292 silly tar     startBlockSize: 5120,
3292 silly tar     blockRemain: 0,
3292 silly tar     remain: 0,
3292 silly tar     type: 'File',
3292 silly tar     meta: false,
3292 silly tar     ignore: false,
3292 silly tar     path: 'lib/common/cancellation.js',
3292 silly tar     mode: 438,
3292 silly tar     uid: undefined,
3292 silly tar     gid: undefined,
3292 silly tar     uname: '',
3292 silly tar     gname: '',
3292 silly tar     size: 4808,
3292 silly tar     mtime: 1985-10-26T08:15:00.000Z,
3292 silly tar     atime: undefined,
3292 silly tar     ctime: undefined,
3292 silly tar     linkpath: undefined,
3292 silly tar     dev: undefined,
3292 silly tar     ino: undefined,
3292 silly tar     nlink: undefined,
3292 silly tar     invalid: false,
3292 silly tar     absolute: 'E:/chappy/e-integrator/existing folder/node_modules/vscode-jsonrpc/lib/common/cancellation.js',
3292 silly tar     unsupported: false,
3292 silly tar     Symbol(shapeMode): false,
3292 silly tar     Symbol(kCapture): false,
3292 silly tar     Symbol(flowing): false,
3292 silly tar     Symbol(paused): true,
3292 silly tar     Symbol(pipes): [ [qt] ],
3292 silly tar     Symbol(buffer): [
3292 silly tar       <Buffer 74 65 72 29 20 7b 0a 20 20 20 20 20 20 20 20 20 20 20 20 74 68 69 73 2e 5f 65 6d 69 74 74 65 72 20 3d 20 6e 65 77 20 65 76 65 6e 74 73 5f 31 2e 45 6d ... 1174 more bytes>
3292 silly tar     ],
3292 silly tar     Symbol(objectMode): false,
3292 silly tar     Symbol(encoding): null,
3292 silly tar     Symbol(async): false,
3292 silly tar     Symbol(decoder): null,
3292 silly tar     Symbol(EOF): true,
3292 silly tar     Symbol(emittedEnd): false,
3292 silly tar     Symbol(emittingEnd): false,
3292 silly tar     Symbol(closed): false,
3292 silly tar     Symbol(emittedError): null,
3292 silly tar     Symbol(bufferLength): 1224,
3292 silly tar     Symbol(destroyed): false,
3292 silly tar     Symbol(signal): undefined,
3292 silly tar     Symbol(aborted): false,
3292 silly tar     Symbol(dataListeners): 0,
3292 silly tar     Symbol(discarded): false
3292 silly tar   },
3292 silly tar   cwd: 'E:/chappy/e-integrator/existing folder/node_modules/vscode-jsonrpc',
3292 silly tar   tarCode: 'TAR_ENTRY_ERROR'
3292 silly tar }
3293 warn tar TAR_ENTRY_ERROR UNKNOWN: unknown error, open 'E:\chappy\e-integrator\existing folder\node_modules\typescript-auto-import-cache\LICENSE'
3294 silly tar TAR_ENTRY_ERROR UNKNOWN: unknown error, open 'E:\chappy\e-integrator\existing folder\node_modules\typescript-auto-import-cache\LICENSE' [Error: UNKNOWN: unknown error, open 'E:\chappy\e-integrator\existing folder\node_modules\typescript-auto-import-cache\LICENSE'] {
3294 silly tar   errno: -4094,
3294 silly tar   code: 'UNKNOWN',
3294 silly tar   syscall: 'open',
3294 silly tar   path: 'E:\\chappy\\e-integrator\\existing folder\\node_modules\\typescript-auto-import-cache\\LICENSE',
3294 silly tar   entry: Ls {
3294 silly tar     _events: [Object: null prototype] {},
3294 silly tar     _eventsCount: 0,
3294 silly tar     _maxListeners: undefined,
3294 silly tar     writable: false,
3294 silly tar     readable: false,
3294 silly tar     extended: undefined,
3294 silly tar     globalExtended: undefined,
3294 silly tar     header: Ns {
3294 silly tar       cksumValid: true,
3294 silly tar       needPax: false,
3294 silly tar       nullBlock: false,
3294 silly tar       block: undefined,
3294 silly tar       path: 'package/LICENSE',
3294 silly tar       mode: 420,
3294 silly tar       uid: undefined,
3294 silly tar       gid: undefined,
3294 silly tar       size: 1076,
3294 silly tar       cksum: 4279,
3294 silly tar       linkpath: '',
3294 silly tar       uname: '',
3294 silly tar       gname: '',
3294 silly tar       devmaj: 0,
3294 silly tar       devmin: 0,
3294 silly tar       atime: undefined,
3294 silly tar       ctime: undefined,
3294 silly tar       mtime: 1985-10-26T08:15:00.000Z,
3294 silly tar       charset: undefined,
3294 silly tar       comment: undefined
3294 silly tar     },
3294 silly tar     startBlockSize: 1536,
3294 silly tar     blockRemain: 0,
3294 silly tar     remain: 0,
3294 silly tar     type: 'File',
3294 silly tar     meta: false,
3294 silly tar     ignore: false,
3294 silly tar     path: 'LICENSE',
3294 silly tar     mode: 438,
3294 silly tar     uid: undefined,
3294 silly tar     gid: undefined,
3294 silly tar     uname: '',
3294 silly tar     gname: '',
3294 silly tar     size: 1076,
3294 silly tar     mtime: 1985-10-26T08:15:00.000Z,
3294 silly tar     atime: undefined,
3294 silly tar     ctime: undefined,
3294 silly tar     linkpath: undefined,
3294 silly tar     dev: undefined,
3294 silly tar     ino: undefined,
3294 silly tar     nlink: undefined,
3294 silly tar     invalid: false,
3294 silly tar     absolute: 'E:/chappy/e-integrator/existing folder/node_modules/typescript-auto-import-cache/LICENSE',
3294 silly tar     unsupported: false,
3294 silly tar     Symbol(shapeMode): false,
3294 silly tar     Symbol(kCapture): false,
3294 silly tar     Symbol(flowing): false,
3294 silly tar     Symbol(paused): true,
3294 silly tar     Symbol(pipes): [ [qt] ],
3294 silly tar     Symbol(buffer): [],
3294 silly tar     Symbol(objectMode): false,
3294 silly tar     Symbol(encoding): null,
3294 silly tar     Symbol(async): false,
3294 silly tar     Symbol(decoder): null,
3294 silly tar     Symbol(EOF): true,
3294 silly tar     Symbol(emittedEnd): true,
3294 silly tar     Symbol(emittingEnd): false,
3294 silly tar     Symbol(closed): false,
3294 silly tar     Symbol(emittedError): null,
3294 silly tar     Symbol(bufferLength): 0,
3294 silly tar     Symbol(destroyed): false,
3294 silly tar     Symbol(signal): undefined,
3294 silly tar     Symbol(aborted): false,
3294 silly tar     Symbol(dataListeners): 0,
3294 silly tar     Symbol(discarded): false
3294 silly tar   },
3294 silly tar   cwd: 'E:/chappy/e-integrator/existing folder/node_modules/typescript-auto-import-cache',
3294 silly tar   tarCode: 'TAR_ENTRY_ERROR'
3294 silly tar }
3295 http fetch GET 200 https://registry.npmjs.org/json-schema-traverse/-/json-schema-traverse-1.0.0.tgz 314ms (cache miss)
3296 http fetch GET 200 https://registry.npmjs.org/y18n/-/y18n-5.0.8.tgz 317ms (cache miss)
3297 http fetch GET 200 https://registry.npmjs.org/ansi-styles/-/ansi-styles-6.2.3.tgz 323ms (cache miss)
3298 http fetch GET 200 https://registry.npmjs.org/cliui/-/cliui-9.0.1.tgz 340ms (cache miss)
3299 http fetch GET 200 https://registry.npmjs.org/ajv-draft-04/-/ajv-draft-04-1.0.0.tgz 390ms (cache miss)
3300 http fetch GET 200 https://registry.npmjs.org/vscode-nls/-/vscode-nls-5.2.0.tgz 391ms (cache miss)
3301 http fetch GET 200 https://registry.npmjs.org/fast-uri/-/fast-uri-3.1.7.tgz 412ms (cache miss)
3302 http fetch GET 200 https://registry.npmjs.org/vscode-jsonrpc/-/vscode-jsonrpc-9.0.2.tgz 418ms (cache miss)
3303 http fetch GET 200 https://registry.npmjs.org/typescript-auto-import-cache/-/typescript-auto-import-cache-0.3.6.tgz 425ms (cache miss)
3304 http fetch GET 200 https://registry.npmjs.org/@emmetio/scanner/-/scanner-1.0.4.tgz 528ms (cache miss)
3305 http fetch GET 200 https://registry.npmjs.org/require-from-string/-/require-from-string-2.0.2.tgz 565ms (cache miss)
3306 http fetch GET 200 https://registry.npmjs.org/@emmetio/css-abbreviation/-/css-abbreviation-2.1.8.tgz 570ms (cache miss)
3307 http fetch GET 200 https://registry.npmjs.org/@emmetio/abbreviation/-/abbreviation-2.3.3.tgz 577ms (cache miss)
3308 http fetch GET 200 https://registry.npmjs.org/@emmetio/stream-reader-utils/-/stream-reader-utils-0.1.0.tgz 766ms (cache miss)
3309 http fetch GET 200 https://registry.npmjs.org/@vscode/l10n/-/l10n-0.0.18.tgz 995ms (cache miss)
3310 http fetch GET 200 https://registry.npmjs.org/@vscode/emmet-helper/-/emmet-helper-2.11.0.tgz 1154ms (cache miss)
3311 http fetch GET 200 https://registry.npmjs.org/emmet/-/emmet-2.4.11.tgz 1252ms (cache miss)
3312 http fetch GET 200 https://registry.npmjs.org/vscode-json-languageservice/-/vscode-json-languageservice-4.1.8.tgz 1283ms (cache miss)
3313 http fetch GET 200 https://registry.npmjs.org/postcss/-/postcss-8.5.28.tgz 1390ms (cache miss)
3314 http fetch GET 200 https://registry.npmjs.org/uncrypto/-/uncrypto-0.1.3.tgz 1411ms (cache miss)
3315 http fetch GET 200 https://registry.npmjs.org/radix3/-/radix3-1.1.2.tgz 1485ms (cache miss)
3316 http fetch GET 200 https://registry.npmjs.org/vscode-css-languageservice/-/vscode-css-languageservice-6.3.10.tgz 1502ms (cache miss)
3317 http fetch GET 200 https://registry.npmjs.org/node-mock-http/-/node-mock-http-1.0.5.tgz 1594ms (cache miss)
3318 http fetch GET 200 https://registry.npmjs.org/nanoid/-/nanoid-3.3.18.tgz 1612ms (cache miss)
3319 http fetch GET 200 https://registry.npmjs.org/@emmetio/html-matcher/-/html-matcher-1.3.0.tgz 1621ms (cache miss)
3320 http fetch GET 200 https://registry.npmjs.org/cookie-es/-/cookie-es-1.2.3.tgz 1728ms (cache miss)
3321 http fetch GET 200 https://registry.npmjs.org/rollup/-/rollup-4.63.1.tgz 1756ms (cache miss)
3322 http fetch GET 200 https://registry.npmjs.org/ufo/-/ufo-1.6.4.tgz 1786ms (cache miss)
3323 http fetch GET 200 https://registry.npmjs.org/ofetch/-/ofetch-1.5.1.tgz 1831ms (cache miss)
3324 http fetch GET 200 https://registry.npmjs.org/normalize-path/-/normalize-path-3.0.0.tgz 1944ms (cache miss)
3325 http fetch GET 200 https://registry.npmjs.org/crossws/-/crossws-0.3.5.tgz 1966ms (cache miss)
3326 http fetch GET 200 https://registry.npmjs.org/jsonc-parser/-/jsonc-parser-2.3.1.tgz 2053ms (cache miss)
3327 http fetch GET 200 https://registry.npmjs.org/anymatch/-/anymatch-3.1.3.tgz 2170ms (cache miss)
3328 http fetch GET 200 https://registry.npmjs.org/node-fetch-native/-/node-fetch-native-1.6.7.tgz 2279ms (cache miss)
3329 http fetch GET 200 https://registry.npmjs.org/iron-webcrypto/-/iron-webcrypto-1.2.1.tgz 2289ms (cache miss)
3330 http fetch GET 200 https://registry.npmjs.org/array-iterate/-/array-iterate-2.0.1.tgz 2301ms (cache miss)
3331 http fetch GET 200 https://registry.npmjs.org/is-plain-obj/-/is-plain-obj-4.1.0.tgz 2324ms (cache miss)
3332 http fetch GET 200 https://registry.npmjs.org/yaml-language-server/-/yaml-language-server-1.23.0.tgz 2410ms (cache miss)
3333 http fetch GET 200 https://registry.npmjs.org/trough/-/trough-2.2.0.tgz 2423ms (cache miss)
3334 http fetch GET 200 https://registry.npmjs.org/h3/-/h3-1.15.11.tgz 2479ms (cache miss)
3335 http fetch GET 200 https://registry.npmjs.org/ajv/-/ajv-8.20.0.tgz 2540ms (cache miss)
3336 http fetch GET 200 https://registry.npmjs.org/destr/-/destr-2.0.5.tgz 2536ms (cache miss)
3337 http fetch GET 200 https://registry.npmjs.org/bail/-/bail-2.0.2.tgz 2553ms (cache miss)
3338 http fetch GET 200 https://registry.npmjs.org/ohash/-/ohash-2.0.12.tgz 2571ms (cache miss)
3339 http fetch GET 200 https://registry.npmjs.org/dom-serializer/-/dom-serializer-2.0.0.tgz 2588ms (cache miss)
3340 http fetch GET 200 https://registry.npmjs.org/extend/-/extend-3.0.2.tgz 2716ms (cache miss)
3341 http fetch GET 200 https://registry.npmjs.org/domutils/-/domutils-3.2.2.tgz 2720ms (cache miss)
3342 http fetch GET 200 https://registry.npmjs.org/lru-cache/-/lru-cache-11.5.2.tgz 2811ms (cache miss)
3343 http fetch GET 200 https://registry.npmjs.org/domhandler/-/domhandler-5.0.3.tgz 2813ms (cache miss)
3344 http fetch GET 200 https://registry.npmjs.org/fdir/-/fdir-6.5.0.tgz 2823ms (cache miss)
3345 http fetch GET 200 https://registry.npmjs.org/domelementtype/-/domelementtype-2.3.0.tgz 2828ms (cache miss)
3346 http fetch GET 200 https://registry.npmjs.org/nth-check/-/nth-check-2.1.1.tgz 3435ms (cache miss)
3347 http fetch GET 200 https://registry.npmjs.org/@rollup/rollup-win32-x64-gnu/-/rollup-win32-x64-gnu-4.63.1.tgz 3545ms (cache miss)
3348 http fetch GET 200 https://registry.npmjs.org/csso/-/csso-5.0.5.tgz 3567ms (cache miss)
3349 http fetch GET 200 https://registry.npmjs.org/css-what/-/css-what-7.0.0.tgz 3631ms (cache miss)
3350 http fetch GET 200 https://registry.npmjs.org/css-select/-/css-select-6.0.0.tgz 3636ms (cache miss)
3351 http fetch GET 200 https://registry.npmjs.org/character-entities-legacy/-/character-entities-legacy-3.0.0.tgz 3696ms (cache miss)
3352 http fetch GET 200 https://registry.npmjs.org/picocolors/-/picocolors-1.1.1.tgz 3729ms (cache miss)
3353 http fetch GET 200 https://registry.npmjs.org/character-entities-html4/-/character-entities-html4-2.1.0.tgz 3762ms (cache miss)
3354 http fetch GET 200 https://registry.npmjs.org/ansi-regex/-/ansi-regex-6.3.0.tgz 3830ms (cache miss)
3355 http fetch GET 200 https://registry.npmjs.org/get-east-asian-width/-/get-east-asian-width-1.6.0.tgz 3865ms (cache miss)
3356 http fetch GET 200 https://registry.npmjs.org/emoji-regex/-/emoji-regex-10.6.0.tgz 3898ms (cache miss)
3357 http fetch GET 200 https://registry.npmjs.org/ajv-i18n/-/ajv-i18n-4.2.0.tgz 4017ms (cache miss)
3358 http fetch GET 200 https://registry.npmjs.org/mdn-data/-/mdn-data-2.27.1.tgz 4045ms (cache miss)
3359 http fetch GET 200 https://registry.npmjs.org/regex-utilities/-/regex-utilities-2.3.0.tgz 4044ms (cache miss)
3360 http fetch GET 200 https://registry.npmjs.org/regex-recursion/-/regex-recursion-6.0.2.tgz 4056ms (cache miss)
3361 http fetch GET 200 https://registry.npmjs.org/undici/-/undici-8.10.2.tgz 4084ms (cache miss)
3362 http fetch GET 200 https://registry.npmjs.org/css-tree/-/css-tree-3.2.1.tgz 4139ms (cache miss)
3363 http fetch GET 200 https://registry.npmjs.org/@emmetio/stream-reader/-/stream-reader-2.2.0.tgz 4307ms (cache miss)
3364 http fetch GET 200 https://registry.npmjs.org/oniguruma-parser/-/oniguruma-parser-0.12.2.tgz 4380ms (cache miss)
3365 http fetch GET 200 https://registry.npmjs.org/@emmetio/css-parser/-/css-parser-0.4.1.tgz 4508ms (cache miss)
3366 http fetch GET 200 https://registry.npmjs.org/boolbase/-/boolbase-1.0.0.tgz 4554ms (cache miss)
3367 http fetch GET 200 https://registry.npmjs.org/@shikijs/types/-/types-3.23.0.tgz 4808ms (cache miss)
3368 http fetch GET 200 https://registry.npmjs.org/detect-libc/-/detect-libc-2.1.2.tgz 4845ms (cache miss)
3369 http fetch GET 200 https://registry.npmjs.org/oniguruma-to-es/-/oniguruma-to-es-4.3.6.tgz 4857ms (cache miss)
3370 http fetch GET 200 https://registry.npmjs.org/@shikijs/core/-/core-3.23.0.tgz 5440ms (cache miss)
3371 http fetch GET 200 https://registry.npmjs.org/strip-ansi/-/strip-ansi-7.2.0.tgz 5560ms (cache miss)
3372 http fetch GET 200 https://registry.npmjs.org/@img/colour/-/colour-1.1.0.tgz 5746ms (cache miss)
3373 http fetch GET 200 https://registry.npmjs.org/unist-util-visit-children/-/unist-util-visit-children-3.0.0.tgz 5840ms (cache miss)
3374 http fetch GET 200 https://registry.npmjs.org/@rollup/rollup-win32-x64-msvc/-/rollup-win32-x64-msvc-4.63.1.tgz 5904ms (cache miss)
3375 http fetch GET 200 https://registry.npmjs.org/retext-stringify/-/retext-stringify-4.0.0.tgz 5920ms (cache miss)
3376 http fetch GET 200 https://registry.npmjs.org/@shikijs/vscode-textmate/-/vscode-textmate-10.0.2.tgz 5944ms (cache miss)
3377 http fetch GET 200 https://registry.npmjs.org/parse-latin/-/parse-latin-7.0.0.tgz 6084ms (cache miss)
3378 http fetch GET 200 https://registry.npmjs.org/@shikijs/engine-oniguruma/-/engine-oniguruma-3.23.0.tgz 6116ms (cache miss)
3379 http fetch GET 200 https://registry.npmjs.org/regex/-/regex-6.1.0.tgz 6123ms (cache miss)
3380 http fetch GET 200 https://registry.npmjs.org/retext-latin/-/retext-latin-4.0.0.tgz 6130ms (cache miss)
3381 http fetch GET 200 https://registry.npmjs.org/@types/nlcst/-/nlcst-2.0.3.tgz 6323ms (cache miss)
3382 http fetch GET 200 https://registry.npmjs.org/retext/-/retext-9.0.0.tgz 6403ms (cache miss)
3383 http fetch GET 200 https://registry.npmjs.org/micromark-extension-gfm-tagfilter/-/micromark-extension-gfm-tagfilter-2.0.0.tgz 6405ms (cache miss)
3384 http fetch GET 200 https://registry.npmjs.org/micromark-extension-gfm-table/-/micromark-extension-gfm-table-2.1.1.tgz 6431ms (cache miss)
3385 http fetch GET 200 https://registry.npmjs.org/micromark-extension-gfm-strikethrough/-/micromark-extension-gfm-strikethrough-2.1.0.tgz 6448ms (cache miss)
3386 http fetch GET 200 https://registry.npmjs.org/micromark-extension-gfm-footnote/-/micromark-extension-gfm-footnote-2.1.0.tgz 6468ms (cache miss)
3387 http fetch GET 200 https://registry.npmjs.org/retext-smartypants/-/retext-smartypants-6.2.0.tgz 6482ms (cache miss)
3388 http fetch GET 200 https://registry.npmjs.org/unist-util-modify-children/-/unist-util-modify-children-4.0.0.tgz 6494ms (cache miss)
3389 http fetch GET 200 https://registry.npmjs.org/micromark-util-html-tag-name/-/micromark-util-html-tag-name-2.0.1.tgz 6500ms (cache miss)
3390 http fetch GET 200 https://registry.npmjs.org/micromark-extension-gfm-autolink-literal/-/micromark-extension-gfm-autolink-literal-2.1.0.tgz 6506ms (cache miss)
3391 http fetch GET 200 https://registry.npmjs.org/micromark-factory-whitespace/-/micromark-factory-whitespace-2.0.1.tgz 6521ms (cache miss)
3392 http fetch GET 200 https://registry.npmjs.org/micromark-factory-title/-/micromark-factory-title-2.0.1.tgz 6524ms (cache miss)
3393 http fetch GET 200 https://registry.npmjs.org/micromark-factory-label/-/micromark-factory-label-2.0.1.tgz 6539ms (cache miss)
3394 http fetch GET 200 https://registry.npmjs.org/micromark-util-resolve-all/-/micromark-util-resolve-all-2.0.1.tgz 6571ms (cache miss)
3395 http fetch GET 200 https://registry.npmjs.org/nlcst-to-string/-/nlcst-to-string-4.0.0.tgz 6609ms (cache miss)
3396 http fetch GET 200 https://registry.npmjs.org/micromark-util-chunked/-/micromark-util-chunked-2.0.1.tgz 6604ms (cache miss)
3397 http fetch GET 200 https://registry.npmjs.org/micromark-util-subtokenize/-/micromark-util-subtokenize-2.1.0.tgz 6610ms (cache miss)
3398 http fetch GET 200 https://registry.npmjs.org/micromark-factory-destination/-/micromark-factory-destination-2.0.1.tgz 6799ms (cache miss)
3399 http fetch GET 200 https://registry.npmjs.org/@types/debug/-/debug-4.1.13.tgz 6855ms (cache miss)
3400 http fetch GET 200 https://registry.npmjs.org/@types/ms/-/ms-2.1.0.tgz 6878ms (cache miss)
3401 http fetch GET 200 https://registry.npmjs.org/@shikijs/themes/-/themes-3.23.0.tgz 6993ms (cache miss)
3402 http fetch GET 200 https://registry.npmjs.org/longest-streak/-/longest-streak-3.1.0.tgz 6996ms (cache miss)
3403 http fetch GET 200 https://registry.npmjs.org/markdown-table/-/markdown-table-3.0.4.tgz 7002ms (cache miss)
3404 http fetch GET 200 https://registry.npmjs.org/mdast-util-find-and-replace/-/mdast-util-find-and-replace-3.0.2.tgz 7038ms (cache miss)
3405 http fetch GET 200 https://registry.npmjs.org/prettier/-/prettier-3.9.6.tgz 7083ms (cache miss)
3406 http fetch GET 200 https://registry.npmjs.org/escape-string-regexp/-/escape-string-regexp-5.0.0.tgz 7065ms (cache miss)
3407 http fetch GET 200 https://registry.npmjs.org/micromark-util-classify-character/-/micromark-util-classify-character-2.0.1.tgz 7080ms (cache miss)
3408 http fetch GET 200 https://registry.npmjs.org/unist-util-stringify-position/-/unist-util-stringify-position-4.0.0.tgz 7096ms (cache miss)
3409 http fetch GET 200 https://registry.npmjs.org/mdast-util-phrasing/-/mdast-util-phrasing-4.1.0.tgz 7141ms (cache miss)
3410 http fetch GET 200 https://registry.npmjs.org/micromark-util-normalize-identifier/-/micromark-util-normalize-identifier-2.0.1.tgz 7144ms (cache miss)
3411 http fetch GET 200 https://registry.npmjs.org/micromark-util-decode-string/-/micromark-util-decode-string-2.0.1.tgz 7175ms (cache miss)
3412 http fetch GET 200 https://registry.npmjs.org/unist-util-is/-/unist-util-is-6.0.1.tgz 7245ms (cache miss)
3413 http fetch GET 200 https://registry.npmjs.org/character-entities/-/character-entities-2.0.2.tgz 7275ms (cache miss)
3414 http fetch GET 200 https://registry.npmjs.org/decode-named-character-reference/-/decode-named-character-reference-1.3.0.tgz 7334ms (cache miss)
3415 http fetch GET 200 https://registry.npmjs.org/micromark-factory-space/-/micromark-factory-space-2.0.1.tgz 7345ms (cache miss)
3416 http fetch GET 200 https://registry.npmjs.org/mdast-util-to-string/-/mdast-util-to-string-4.0.0.tgz 7344ms (cache miss)
3417 http fetch GET 200 https://registry.npmjs.org/micromark/-/micromark-4.0.2.tgz 7369ms (cache miss)
3418 http fetch GET 200 https://registry.npmjs.org/mdast-util-gfm-autolink-literal/-/mdast-util-gfm-autolink-literal-2.0.1.tgz 7372ms (cache miss)
3419 http fetch GET 200 https://registry.npmjs.org/micromark-util-combine-extensions/-/micromark-util-combine-extensions-2.0.1.tgz 7396ms (cache miss)
3420 http fetch GET 200 https://registry.npmjs.org/mdast-util-gfm-task-list-item/-/mdast-util-gfm-task-list-item-2.0.0.tgz 7439ms (cache miss)
3421 http fetch GET 200 https://registry.npmjs.org/mdast-util-gfm-strikethrough/-/mdast-util-gfm-strikethrough-2.0.0.tgz 7457ms (cache miss)
3422 http fetch GET 200 https://registry.npmjs.org/mdast-util-from-markdown/-/mdast-util-from-markdown-2.0.3.tgz 7507ms (cache miss)
3423 http fetch GET 200 https://registry.npmjs.org/remark-stringify/-/remark-stringify-11.0.0.tgz 7519ms (cache miss)
3424 http fetch GET 200 https://registry.npmjs.org/mdast-util-to-markdown/-/mdast-util-to-markdown-2.1.2.tgz 7527ms (cache miss)
3425 http fetch GET 200 https://registry.npmjs.org/micromark-util-decode-numeric-character-reference/-/micromark-util-decode-numeric-character-reference-2.0.2.tgz 7534ms (cache miss)
3426 http fetch GET 200 https://registry.npmjs.org/mdast-util-gfm-footnote/-/mdast-util-gfm-footnote-2.1.0.tgz 7551ms (cache miss)
3427 http fetch GET 200 https://registry.npmjs.org/ccount/-/ccount-2.0.1.tgz 7566ms (cache miss)
3428 http fetch GET 200 https://registry.npmjs.org/hast-util-whitespace/-/hast-util-whitespace-3.0.0.tgz 7589ms (cache miss)
3429 http fetch GET 200 https://registry.npmjs.org/stringify-entities/-/stringify-entities-4.0.4.tgz 7591ms (cache miss)
3430 http fetch GET 200 https://registry.npmjs.org/micromark-util-types/-/micromark-util-types-2.0.2.tgz 7611ms (cache miss)
3431 http fetch GET 200 https://registry.npmjs.org/micromark-util-encode/-/micromark-util-encode-2.0.1.tgz 7618ms (cache miss)
3432 http fetch GET 200 https://registry.npmjs.org/micromark-util-character/-/micromark-util-character-2.1.1.tgz 7624ms (cache miss)
3433 http fetch GET 200 https://registry.npmjs.org/micromark-util-sanitize-uri/-/micromark-util-sanitize-uri-2.0.1.tgz 7643ms (cache miss)
3434 http fetch GET 200 https://registry.npmjs.org/zwitch/-/zwitch-2.0.4.tgz 7657ms (cache miss)
3435 http fetch GET 200 https://registry.npmjs.org/hast-util-to-html/-/hast-util-to-html-9.0.5.tgz 7664ms (cache miss)
3436 http fetch GET 200 https://registry.npmjs.org/micromark-core-commonmark/-/micromark-core-commonmark-2.0.3.tgz 7690ms (cache miss)
3437 http fetch GET 200 https://registry.npmjs.org/unist-util-position/-/unist-util-position-5.0.0.tgz 7674ms (cache miss)
3438 http fetch GET 200 https://registry.npmjs.org/html-void-elements/-/html-void-elements-3.0.0.tgz 7686ms (cache miss)
3439 http fetch GET 200 https://registry.npmjs.org/hast-util-to-parse5/-/hast-util-to-parse5-8.0.1.tgz 7719ms (cache miss)
3440 http fetch GET 200 https://registry.npmjs.org/micromark-extension-gfm/-/micromark-extension-gfm-3.0.0.tgz 7747ms (cache miss)
3441 http fetch GET 200 https://registry.npmjs.org/hast-util-raw/-/hast-util-raw-9.1.0.tgz 7765ms (cache miss)
3442 http fetch GET 200 https://registry.npmjs.org/rehype-parse/-/rehype-parse-9.0.1.tgz 7779ms (cache miss)
3443 http fetch GET 200 https://registry.npmjs.org/sisteransi/-/sisteransi-1.0.5.tgz 7792ms (cache miss)
3444 http fetch GET 200 https://registry.npmjs.org/mdast-util-to-hast/-/mdast-util-to-hast-13.2.1.tgz 7815ms (cache miss)
3445 http fetch GET 200 https://registry.npmjs.org/@shikijs/langs/-/langs-3.23.0.tgz 7853ms (cache miss)
3446 http fetch GET 200 https://registry.npmjs.org/p-timeout/-/p-timeout-6.1.4.tgz 7823ms (cache miss)
3447 http fetch GET 200 https://registry.npmjs.org/mdast-util-gfm/-/mdast-util-gfm-3.1.0.tgz 7857ms (cache miss)
3448 http fetch GET 200 https://registry.npmjs.org/micromark-util-symbol/-/micromark-util-symbol-2.0.1.tgz 7880ms (cache miss)
3449 http fetch GET 200 https://registry.npmjs.org/trim-lines/-/trim-lines-3.0.1.tgz 7892ms (cache miss)
3450 http fetch GET 200 https://registry.npmjs.org/@babel/helper-validator-identifier/-/helper-validator-identifier-7.29.7.tgz 7887ms (cache miss)
3451 http fetch GET 200 https://registry.npmjs.org/yocto-queue/-/yocto-queue-1.2.2.tgz 7912ms (cache miss)
3452 http fetch GET 200 https://registry.npmjs.org/@babel/helper-string-parser/-/helper-string-parser-7.29.7.tgz 8069ms (cache miss)
3453 http fetch GET 200 https://registry.npmjs.org/@types/mdast/-/mdast-4.0.4.tgz 8090ms (cache miss)
3454 http fetch GET 200 https://registry.npmjs.org/source-map-js/-/source-map-js-1.2.1.tgz 8092ms (cache miss)
3455 http fetch GET 200 https://registry.npmjs.org/mdast-util-gfm-table/-/mdast-util-gfm-table-2.0.0.tgz 8163ms (cache miss)
3456 http fetch GET 200 https://registry.npmjs.org/is-inside-container/-/is-inside-container-1.0.0.tgz 8174ms (cache miss)
3457 http fetch GET 200 https://registry.npmjs.org/hast-util-parse-selector/-/hast-util-parse-selector-4.0.0.tgz 8202ms (cache miss)
3458 http fetch GET 200 https://registry.npmjs.org/argparse/-/argparse-2.0.1.tgz 8239ms (cache miss)
3459 http fetch GET 200 https://registry.npmjs.org/space-separated-tokens/-/space-separated-tokens-2.0.2.tgz 8260ms (cache miss)
3460 http fetch GET 200 https://registry.npmjs.org/eventemitter3/-/eventemitter3-5.0.4.tgz 8274ms (cache miss)
3461 http fetch GET 200 https://registry.npmjs.org/comma-separated-tokens/-/comma-separated-tokens-2.0.3.tgz 8281ms (cache miss)
3462 http fetch GET 200 https://registry.npmjs.org/unist-util-find-after/-/unist-util-find-after-5.0.0.tgz 8312ms (cache miss)
3463 http fetch GET 200 https://registry.npmjs.org/hast-util-is-element/-/hast-util-is-element-3.0.0.tgz 8344ms (cache miss)
3464 http fetch GET 200 https://registry.npmjs.org/dequal/-/dequal-2.0.3.tgz 8395ms (cache miss)
3465 http fetch GET 200 https://registry.npmjs.org/defu/-/defu-6.1.7.tgz 8473ms (cache miss)
3466 http fetch GET 200 https://registry.npmjs.org/vfile-message/-/vfile-message-4.0.3.tgz 8459ms (cache miss)
3467 http fetch GET 200 https://registry.npmjs.org/@ungap/structured-clone/-/structured-clone-1.4.0.tgz 8473ms (cache miss)
3468 http fetch GET 200 https://registry.npmjs.org/web-namespaces/-/web-namespaces-2.0.1.tgz 8598ms (cache miss)
3469 http fetch GET 200 https://registry.npmjs.org/@types/unist/-/unist-3.0.3.tgz 8649ms (cache miss)
3470 http fetch GET 200 https://registry.npmjs.org/@types/hast/-/hast-3.0.5.tgz 8651ms (cache miss)
3471 http fetch GET 200 https://registry.npmjs.org/@babel/types/-/types-7.29.8.tgz 8677ms (cache miss)
3472 http fetch GET 200 https://registry.npmjs.org/parse5/-/parse5-7.3.0.tgz 8676ms (cache miss)
3473 http fetch GET 200 https://registry.npmjs.org/base-64/-/base-64-1.0.0.tgz 8717ms (cache miss)
3474 http fetch GET 200 https://registry.npmjs.org/entities/-/entities-6.0.1.tgz 8745ms (cache miss)
3475 http fetch GET 200 https://registry.npmjs.org/devlop/-/devlop-1.1.0.tgz 8750ms (cache miss)
3476 http fetch GET 200 https://registry.npmjs.org/hastscript/-/hastscript-9.0.1.tgz 8758ms (cache miss)
3477 http fetch GET 200 https://registry.npmjs.org/ms/-/ms-2.1.3.tgz 8758ms (cache miss)
3478 http fetch GET 200 https://registry.npmjs.org/readdirp/-/readdirp-4.1.2.tgz 8765ms (cache miss)
3479 http fetch GET 200 https://registry.npmjs.org/hast-util-from-parse5/-/hast-util-from-parse5-8.0.3.tgz 8783ms (cache miss)
3480 http fetch GET 200 https://registry.npmjs.org/wrap-ansi/-/wrap-ansi-9.0.2.tgz 8796ms (cache miss)
3481 http fetch GET 200 https://registry.npmjs.org/widest-line/-/widest-line-5.0.0.tgz 8802ms (cache miss)
3482 http fetch GET 200 https://registry.npmjs.org/string-width/-/string-width-7.2.0.tgz 8803ms (cache miss)
3483 http fetch GET 200 https://registry.npmjs.org/cli-boxes/-/cli-boxes-3.0.0.tgz 8859ms (cache miss)
3484 http fetch GET 200 https://registry.npmjs.org/chalk/-/chalk-5.6.2.tgz 8876ms (cache miss)
3485 http fetch GET 200 https://registry.npmjs.org/camelcase/-/camelcase-8.0.0.tgz 8878ms (cache miss)
3486 http fetch GET 200 https://registry.npmjs.org/property-information/-/property-information-7.2.0.tgz 8914ms (cache miss)
3487 http fetch GET 200 https://registry.npmjs.org/vfile-location/-/vfile-location-5.0.3.tgz 8909ms (cache miss)
3488 http fetch GET 200 https://registry.npmjs.org/which-pm-runs/-/which-pm-runs-1.1.0.tgz 8936ms (cache miss)
3489 http fetch GET 200 https://registry.npmjs.org/is-wsl/-/is-wsl-3.1.1.tgz 8942ms (cache miss)
3490 http fetch GET 200 https://registry.npmjs.org/@babel/parser/-/parser-7.29.8.tgz 8977ms (cache miss)
3491 http fetch GET 200 https://registry.npmjs.org/@types/estree/-/estree-1.0.9.tgz 8989ms (cache miss)
3492 http fetch GET 200 https://registry.npmjs.org/unist-util-remove-position/-/unist-util-remove-position-5.0.0.tgz 9000ms (cache miss)
3493 http fetch GET 200 https://registry.npmjs.org/unist-util-visit-parents/-/unist-util-visit-parents-6.0.2.tgz 9023ms (cache miss)
3494 http fetch GET 200 https://registry.npmjs.org/remark-smartypants/-/remark-smartypants-3.0.3.tgz 9030ms (cache miss)
3495 http fetch GET 200 https://registry.npmjs.org/remark-gfm/-/remark-gfm-4.0.1.tgz 9059ms (cache miss)
3496 http fetch GET 200 https://registry.npmjs.org/type-fest/-/type-fest-4.41.0.tgz 9216ms (cache miss)
3497 http fetch GET 200 https://registry.npmjs.org/unified/-/unified-11.0.5.tgz 9215ms (cache miss)
3498 http fetch GET 200 https://registry.npmjs.org/rehype-raw/-/rehype-raw-7.0.0.tgz 9257ms (cache miss)
3499 http fetch GET 200 https://registry.npmjs.org/is-docker/-/is-docker-3.0.0.tgz 9267ms (cache miss)
3500 http fetch GET 200 https://registry.npmjs.org/remark-rehype/-/remark-rehype-11.1.2.tgz 9294ms (cache miss)
3501 http fetch GET 200 https://registry.npmjs.org/ansi-align/-/ansi-align-3.0.1.tgz 9336ms (cache miss)
3502 http fetch GET 200 https://registry.npmjs.org/rehype-stringify/-/rehype-stringify-10.0.1.tgz 9337ms (cache miss)
3503 http fetch GET 200 https://registry.npmjs.org/remark-parse/-/remark-parse-11.0.0.tgz 9394ms (cache miss)
3504 http fetch GET 200 https://registry.npmjs.org/zod-to-ts/-/zod-to-ts-1.2.0.tgz 9425ms (cache miss)
3505 http fetch GET 200 https://registry.npmjs.org/tiny-inflate/-/tiny-inflate-1.0.3.tgz 9486ms (cache miss)
3506 http fetch GET 200 https://registry.npmjs.org/hast-util-to-text/-/hast-util-to-text-4.0.2.tgz 9562ms (cache miss)
3507 http fetch GET 200 https://registry.npmjs.org/mdast-util-definitions/-/mdast-util-definitions-6.0.0.tgz 9655ms (cache miss)
3508 http fetch GET 200 https://registry.npmjs.org/hast-util-from-html/-/hast-util-from-html-2.0.3.tgz 9654ms (cache miss)
3509 http fetch GET 200 https://registry.npmjs.org/yargs-parser/-/yargs-parser-21.1.1.tgz 9757ms (cache miss)
3510 http fetch GET 200 https://registry.npmjs.org/yocto-spinner/-/yocto-spinner-0.2.3.tgz 9775ms (cache miss)
3511 http fetch GET 200 https://registry.npmjs.org/sax/-/sax-1.6.1.tgz 9858ms (cache miss)
3512 http fetch GET 200 https://registry.npmjs.org/xxhash-wasm/-/xxhash-wasm-1.1.0.tgz 9803ms (cache miss)
3513 http fetch GET 200 https://registry.npmjs.org/vitefu/-/vitefu-1.1.3.tgz 9838ms (cache miss)
3514 http fetch GET 200 https://registry.npmjs.org/unist-util-visit/-/unist-util-visit-5.1.0.tgz 10114ms (cache miss)
3515 http fetch GET 200 https://registry.npmjs.org/zod-to-json-schema/-/zod-to-json-schema-3.25.2.tgz 10152ms (cache miss)
3516 http fetch GET 200 https://registry.npmjs.org/unifont/-/unifont-0.7.5.tgz 10232ms (cache miss)
3517 http fetch GET 200 https://registry.npmjs.org/vfile/-/vfile-6.0.3.tgz 10234ms (cache miss)
3518 http fetch GET 200 https://registry.npmjs.org/fontkitten/-/fontkitten-1.0.3.tgz 10325ms (cache miss)
3519 http fetch GET 200 https://registry.npmjs.org/unstorage/-/unstorage-1.17.5.tgz 10449ms (cache miss)
3520 http fetch GET 200 https://registry.npmjs.org/tinyexec/-/tinyexec-1.3.1.tgz 10557ms (cache miss)
3521 http fetch GET 200 https://registry.npmjs.org/commander/-/commander-11.1.0.tgz 10635ms (cache miss)
3522 http fetch GET 200 https://registry.npmjs.org/@astrojs/prism/-/prism-3.3.0.tgz 10641ms (cache miss)
3523 http fetch GET 200 https://registry.npmjs.org/smol-toml/-/smol-toml-1.8.0.tgz 10644ms (cache miss)
3524 http fetch GET 200 https://registry.npmjs.org/rehype/-/rehype-13.0.2.tgz 10717ms (cache miss)
3525 http fetch GET 200 https://registry.npmjs.org/prismjs/-/prismjs-1.30.0.tgz 10763ms (cache miss)
3526 http fetch GET 200 https://registry.npmjs.org/zod/-/zod-3.25.76.tgz 10936ms (cache miss)
3527 http fetch GET 200 https://registry.npmjs.org/package-manager-detector/-/package-manager-detector-1.8.0.tgz 10948ms (cache miss)
3528 http fetch GET 200 https://registry.npmjs.org/p-limit/-/p-limit-6.2.0.tgz 10979ms (cache miss)
3529 http fetch GET 200 https://registry.npmjs.org/sharp/-/sharp-0.34.5.tgz 11162ms (cache miss)
3530 http fetch GET 200 https://registry.npmjs.org/prompts/-/prompts-2.4.2.tgz 11217ms (cache miss)
3531 http fetch GET 200 https://registry.npmjs.org/neotraverse/-/neotraverse-0.6.18.tgz 11318ms (cache miss)
3532 http fetch GET 200 https://registry.npmjs.org/piccolore/-/piccolore-0.1.3.tgz 11465ms (cache miss)
3533 http fetch GET 200 https://registry.npmjs.org/mrmime/-/mrmime-2.0.1.tgz 11533ms (cache miss)
3534 http fetch GET 200 https://registry.npmjs.org/micromark-extension-gfm-task-list-item/-/micromark-extension-gfm-task-list-item-2.1.0.tgz 11623ms (cache miss)
3535 http fetch GET 200 https://registry.npmjs.org/picomatch/-/picomatch-4.0.7.tgz 11597ms (cache miss)
3536 http fetch GET 200 https://registry.npmjs.org/semver/-/semver-7.8.5.tgz 11637ms (cache miss)
3537 http fetch GET 200 https://registry.npmjs.org/fontace/-/fontace-0.4.1.tgz 11650ms (cache miss)
3538 http fetch GET 200 https://registry.npmjs.org/svgo/-/svgo-4.1.0.tgz 11780ms (cache miss)
3539 http fetch GET 200 https://registry.npmjs.org/vite/-/vite-6.4.3.tgz 11810ms (cache miss)
3540 http fetch GET 200 https://registry.npmjs.org/p-queue/-/p-queue-8.1.1.tgz 11843ms (cache miss)
3541 http fetch GET 200 https://registry.npmjs.org/flattie/-/flattie-1.1.1.tgz 11910ms (cache miss)
3542 http fetch GET 200 https://registry.npmjs.org/estree-walker/-/estree-walker-3.0.3.tgz 11948ms (cache miss)
3543 http fetch GET 200 https://registry.npmjs.org/github-slugger/-/github-slugger-2.0.0.tgz 11950ms (cache miss)
3544 http fetch GET 200 https://registry.npmjs.org/es-module-lexer/-/es-module-lexer-1.7.0.tgz 12053ms (cache miss)
3545 http fetch GET 200 https://registry.npmjs.org/dset/-/dset-3.1.4.tgz 12090ms (cache miss)
3546 http fetch GET 200 https://registry.npmjs.org/http-cache-semantics/-/http-cache-semantics-4.2.0.tgz 12122ms (cache miss)
3547 http fetch GET 200 https://registry.npmjs.org/esbuild/-/esbuild-0.27.7.tgz 12141ms (cache miss)
3548 http fetch GET 200 https://registry.npmjs.org/magic-string/-/magic-string-0.30.21.tgz 12217ms (cache miss)
3549 http fetch GET 200 https://registry.npmjs.org/devalue/-/devalue-5.9.2.tgz 12267ms (cache miss)
3550 http fetch GET 200 https://registry.npmjs.org/deterministic-object-hash/-/deterministic-object-hash-2.0.2.tgz 12276ms (cache miss)
3551 http fetch GET 200 https://registry.npmjs.org/debug/-/debug-4.4.3.tgz 12360ms (cache miss)
3552 http fetch GET 200 https://registry.npmjs.org/ultrahtml/-/ultrahtml-1.7.0.tgz 12419ms (cache miss)
3553 http fetch GET 200 https://registry.npmjs.org/clsx/-/clsx-2.1.1.tgz 12439ms (cache miss)
3554 http fetch GET 200 https://registry.npmjs.org/dlv/-/dlv-1.1.3.tgz 12470ms (cache miss)
3555 http fetch GET 200 https://registry.npmjs.org/import-meta-resolve/-/import-meta-resolve-4.2.0.tgz 12476ms (cache miss)
3556 http fetch GET 200 https://registry.npmjs.org/diff/-/diff-8.0.4.tgz 12524ms (cache miss)
3557 http fetch GET 200 https://registry.npmjs.org/js-yaml/-/js-yaml-4.3.2.tgz 12542ms (cache miss)
3558 http fetch GET 200 https://registry.npmjs.org/common-ancestor-path/-/common-ancestor-path-1.0.1.tgz 12534ms (cache miss)
3559 http fetch GET 200 https://registry.npmjs.org/ci-info/-/ci-info-4.4.0.tgz 12549ms (cache miss)
3560 http fetch GET 200 https://registry.npmjs.org/boxen/-/boxen-8.0.1.tgz 12550ms (cache miss)
3561 http fetch GET 200 https://registry.npmjs.org/axobject-query/-/axobject-query-4.1.0.tgz 12644ms (cache miss)
3562 http fetch GET 200 https://registry.npmjs.org/cssesc/-/cssesc-3.0.0.tgz 12648ms (cache miss)
3563 http fetch GET 200 https://registry.npmjs.org/html-escaper/-/html-escaper-3.0.3.tgz 12664ms (cache miss)
3564 http fetch GET 200 https://registry.npmjs.org/shiki/-/shiki-3.23.0.tgz 12757ms (cache miss)
3565 http fetch GET 200 https://registry.npmjs.org/vscode-languageserver-protocol/-/vscode-languageserver-protocol-3.18.3.tgz 12821ms (cache miss)
3566 http fetch GET 200 https://registry.npmjs.org/aria-query/-/aria-query-5.3.2.tgz 12838ms (cache miss)
3567 http fetch GET 200 https://registry.npmjs.org/vscode-languageserver/-/vscode-languageserver-9.0.1.tgz 12863ms (cache miss)
3568 http fetch GET 200 https://registry.npmjs.org/request-light/-/request-light-0.7.0.tgz 12873ms (cache miss)
3569 http fetch GET 200 https://registry.npmjs.org/acorn/-/acorn-8.18.0.tgz 13023ms (cache miss)
3570 http fetch GET 200 https://registry.npmjs.org/vscode-languageserver-textdocument/-/vscode-languageserver-textdocument-1.0.14.tgz 13058ms (cache miss)
3571 http fetch GET 200 https://registry.npmjs.org/@rollup/pluginutils/-/pluginutils-5.4.0.tgz 13099ms (cache miss)
3572 http fetch GET 200 https://registry.npmjs.org/@capsizecss/unpack/-/unpack-4.0.1.tgz 13151ms (cache miss)
3573 http fetch GET 200 https://registry.npmjs.org/path-browserify/-/path-browserify-1.0.1.tgz 13179ms (cache miss)
3574 http fetch GET 200 https://registry.npmjs.org/typesafe-path/-/typesafe-path-0.2.2.tgz 13195ms (cache miss)
3575 http fetch GET 200 https://registry.npmjs.org/magicast/-/magicast-0.5.4.tgz 13244ms (cache miss)
3576 http fetch GET 200 https://registry.npmjs.org/@astrojs/markdown-remark/-/markdown-remark-6.3.11.tgz 13304ms (cache miss)
3577 http fetch GET 200 https://registry.npmjs.org/@oslojs/encoding/-/encoding-1.1.0.tgz 13362ms (cache miss)
3578 http fetch GET 200 https://registry.npmjs.org/@astrojs/internal-helpers/-/internal-helpers-0.7.6.tgz 13359ms (cache miss)
3579 http fetch GET 200 https://registry.npmjs.org/@volar/source-map/-/source-map-2.4.28.tgz 13364ms (cache miss)
3580 http fetch GET 200 https://registry.npmjs.org/volar-service-prettier/-/volar-service-prettier-0.0.71.tgz 13396ms (cache miss)
3581 http fetch GET 200 https://registry.npmjs.org/vscode-uri/-/vscode-uri-3.2.0.tgz 13430ms (cache miss)
3582 http fetch GET 200 https://registry.npmjs.org/volar-service-emmet/-/volar-service-emmet-0.0.71.tgz 13438ms (cache miss)
3583 http fetch GET 200 https://registry.npmjs.org/volar-service-css/-/volar-service-css-0.0.71.tgz 13476ms (cache miss)
3584 http fetch GET 200 https://registry.npmjs.org/tinyglobby/-/tinyglobby-0.2.17.tgz 13477ms (cache miss)
3585 http fetch GET 200 https://registry.npmjs.org/muggle-string/-/muggle-string-0.4.1.tgz 13505ms (cache miss)
3586 http fetch GET 200 https://registry.npmjs.org/volar-service-typescript/-/volar-service-typescript-0.0.71.tgz 13521ms (cache miss)
3587 http fetch GET 200 https://registry.npmjs.org/@shikijs/engine-javascript/-/engine-javascript-3.23.0.tgz 13614ms (cache miss)
3588 http fetch GET 200 https://registry.npmjs.org/volar-service-typescript-twoslash-queries/-/volar-service-typescript-twoslash-queries-0.0.71.tgz 13529ms (cache miss)
3589 http fetch GET 200 https://registry.npmjs.org/volar-service-yaml/-/volar-service-yaml-0.0.71.tgz 13540ms (cache miss)
3590 http fetch GET 200 https://registry.npmjs.org/yaml/-/yaml-2.9.0.tgz 13616ms (cache miss)
3591 http fetch GET 200 https://registry.npmjs.org/tsconfck/-/tsconfck-3.1.6.tgz 13687ms (cache miss)
3592 warn deprecated tsconfck@3.1.6: unmaintained
3593 http fetch GET 200 https://registry.npmjs.org/volar-service-html/-/volar-service-html-0.0.71.tgz 13677ms (cache miss)
3594 http fetch GET 200 https://registry.npmjs.org/@volar/typescript/-/typescript-2.4.28.tgz 13706ms (cache miss)
3595 http fetch GET 200 https://registry.npmjs.org/yargs/-/yargs-18.1.0.tgz 13764ms (cache miss)
3596 http fetch GET 200 https://registry.npmjs.org/@jridgewell/sourcemap-codec/-/sourcemap-codec-1.6.0.tgz 13866ms (cache miss)
3597 http fetch GET 200 https://registry.npmjs.org/kleur/-/kleur-4.1.5.tgz 13879ms (cache miss)
3598 http fetch GET 200 https://registry.npmjs.org/cookie/-/cookie-1.1.1.tgz 14011ms (cache miss)
3599 http fetch GET 200 https://registry.npmjs.org/chokidar/-/chokidar-4.0.3.tgz 13999ms (cache miss)
3600 http fetch GET 200 https://registry.npmjs.org/@astrojs/telemetry/-/telemetry-3.3.0.tgz 14038ms (cache miss)
3601 http fetch GET 200 https://registry.npmjs.org/@volar/kit/-/kit-2.4.28.tgz 14039ms (cache miss)
3602 http fetch GET 200 https://registry.npmjs.org/@volar/language-service/-/language-service-2.4.28.tgz 14101ms (cache miss)
3603 http fetch GET 200 https://registry.npmjs.org/@volar/language-server/-/language-server-2.4.28.tgz 14116ms (cache miss)
3604 http fetch GET 200 https://registry.npmjs.org/@volar/language-core/-/language-core-2.4.28.tgz 14124ms (cache miss)
3605 http fetch GET 200 https://registry.npmjs.org/jsonc-parser/-/jsonc-parser-3.3.1.tgz 14374ms (cache miss)
3606 http fetch GET 200 https://registry.npmjs.org/@astrojs/check/-/check-0.9.10.tgz 14430ms (cache miss)
3607 http fetch GET 200 https://registry.npmjs.org/@astrojs/yaml2ts/-/yaml2ts-0.2.4.tgz 14461ms (cache miss)
3608 http fetch GET 200 https://registry.npmjs.org/strip-ansi/-/strip-ansi-6.0.1.tgz 14661ms (cache miss)
3609 http fetch GET 200 https://registry.npmjs.org/yaml/-/yaml-2.8.3.tgz 14670ms (cache miss)
3610 http fetch GET 200 https://registry.npmjs.org/entities/-/entities-4.5.0.tgz 14709ms (cache miss)
3611 http fetch GET 200 https://registry.npmjs.org/emoji-regex/-/emoji-regex-8.0.0.tgz 14723ms (cache miss)
3612 http fetch GET 200 https://registry.npmjs.org/ansi-regex/-/ansi-regex-5.0.1.tgz 14729ms (cache miss)
3613 http fetch GET 200 https://registry.npmjs.org/vscode-languageserver-types/-/vscode-languageserver-types-3.17.5.tgz 14839ms (cache miss)
3614 http fetch GET 200 https://registry.npmjs.org/picomatch/-/picomatch-2.3.2.tgz 14853ms (cache miss)
3615 http fetch GET 200 https://registry.npmjs.org/mdn-data/-/mdn-data-2.0.28.tgz 14874ms (cache miss)
3616 http fetch GET 200 https://registry.npmjs.org/kleur/-/kleur-3.0.3.tgz 14884ms (cache miss)
3617 http fetch GET 200 https://registry.npmjs.org/@astrojs/language-server/-/language-server-2.16.16.tgz 14998ms (cache miss)
3618 http fetch GET 200 https://registry.npmjs.org/chokidar/-/chokidar-5.0.0.tgz 15048ms (cache miss)
3619 http fetch GET 200 https://registry.npmjs.org/vscode-languageserver-types/-/vscode-languageserver-types-3.18.3.tgz 15180ms (cache miss)
3620 http fetch GET 200 https://registry.npmjs.org/estree-walker/-/estree-walker-2.0.2.tgz 15111ms (cache miss)
3621 http fetch GET 200 https://registry.npmjs.org/string-width/-/string-width-8.2.2.tgz 15151ms (cache miss)
3622 http fetch GET 200 https://registry.npmjs.org/vscode-languageserver-types/-/vscode-languageserver-types-3.17.5.tgz 15438ms (cache miss)
3623 http fetch GET 200 https://registry.npmjs.org/readdirp/-/readdirp-5.1.1.tgz 15484ms (cache miss)
3624 http fetch GET 200 https://registry.npmjs.org/vscode-languageserver-protocol/-/vscode-languageserver-protocol-3.17.5.tgz 15659ms (cache miss)
3625 http fetch GET 200 https://registry.npmjs.org/esbuild/-/esbuild-0.25.12.tgz 15885ms (cache miss)
3626 http fetch GET 200 https://registry.npmjs.org/sharp 15830ms (cache miss)
3627 silly packumentCache corgi:https://registry.npmjs.org/sharp set size:undefined disposed:false
3628 http fetch GET 200 https://registry.npmjs.org/yargs-parser/-/yargs-parser-22.0.0.tgz 15951ms (cache miss)
3629 http fetch GET 200 https://registry.npmjs.org/request-light/-/request-light-0.5.8.tgz 16056ms (cache miss)
3630 http fetch GET 200 https://registry.npmjs.org/string-width/-/string-width-4.2.3.tgz 16408ms (cache miss)
3631 http fetch GET 200 https://registry.npmjs.org/css-tree/-/css-tree-2.2.1.tgz 16486ms (cache miss)
3632 http fetch GET 200 https://registry.npmjs.org/vscode-jsonrpc/-/vscode-jsonrpc-8.2.0.tgz 16938ms (cache miss)
3633 http fetch GET 200 https://registry.npmjs.org/@astrojs/compiler/-/compiler-2.13.1.tgz 17499ms (cache miss)
3634 http fetch GET 200 https://registry.npmjs.org/astro/-/astro-5.18.2.tgz 17960ms (cache miss)
3635 http fetch GET 200 https://registry.npmjs.org/esbuild 18509ms (cache miss)
3636 silly packumentCache corgi:https://registry.npmjs.org/esbuild set size:undefined disposed:false
3637 http fetch GET 200 https://registry.npmjs.org/vscode-html-languageservice/-/vscode-html-languageservice-5.6.2.tgz 20220ms (cache miss)
3638 http fetch GET 200 https://registry.npmjs.org/@img/sharp-win32-x64/-/sharp-win32-x64-0.34.5.tgz 20486ms (cache miss)
3639 http fetch GET 200 https://registry.npmjs.org/@esbuild/win32-x64/-/win32-x64-0.25.12.tgz 23071ms (cache miss)
3640 http fetch GET 200 https://registry.npmjs.org/astro 22959ms (cache miss)
3641 silly packumentCache corgi:https://registry.npmjs.org/astro set size:undefined disposed:false
3642 http fetch GET 200 https://registry.npmjs.org/typescript/-/typescript-5.9.3.tgz 24753ms (cache miss)
3643 http fetch GET 200 https://registry.npmjs.org/@esbuild/win32-x64/-/win32-x64-0.27.7.tgz 26613ms (cache miss)
3644 info run sharp@0.34.5 install node_modules/sharp node install/check.js || npm run build
3645 info run sharp@0.34.5 install { code: 0, signal: null }
3646 info run esbuild@0.27.7 postinstall node_modules/esbuild node install.js
3647 info run esbuild@0.25.12 postinstall node_modules/vite/node_modules/esbuild node install.js
3648 info run esbuild@0.27.7 postinstall { code: 1, signal: null }
3649 verbose stack Error: command failed
3649 verbose stack     at promiseSpawn (C:\Users\USER\AppData\Roaming\npm\node_modules\npm\node_modules\@npmcli\promise-spawn\lib\index.js:22:22)
3649 verbose stack     at spawnWithShell (C:\Users\USER\AppData\Roaming\npm\node_modules\npm\node_modules\@npmcli\promise-spawn\lib\index.js:124:10)
3649 verbose stack     at promiseSpawn (C:\Users\USER\AppData\Roaming\npm\node_modules\npm\node_modules\@npmcli\promise-spawn\lib\index.js:12:12)
3649 verbose stack     at runScriptPkg (C:\Users\USER\AppData\Roaming\npm\node_modules\npm\node_modules\@npmcli\run-script\lib\run-script-pkg.js:79:13)
3649 verbose stack     at runScript (C:\Users\USER\AppData\Roaming\npm\node_modules\npm\node_modules\@npmcli\run-script\lib\run-script.js:9:12)
3649 verbose stack     at C:\Users\USER\AppData\Roaming\npm\node_modules\npm\node_modules\@npmcli\arborist\lib\arborist\rebuild.js:328:17
3649 verbose stack     at run (C:\Users\USER\AppData\Roaming\npm\node_modules\npm\node_modules\promise-call-limit\dist\commonjs\index.js:67:22)
3649 verbose stack     at C:\Users\USER\AppData\Roaming\npm\node_modules\npm\node_modules\promise-call-limit\dist\commonjs\index.js:84:9
3649 verbose stack     at new Promise (<anonymous>)
3649 verbose stack     at callLimit (C:\Users\USER\AppData\Roaming\npm\node_modules\npm\node_modules\promise-call-limit\dist\commonjs\index.js:35:69)
3650 verbose pkgid esbuild@0.27.7
3651 error code 1
3652 error path E:\chappy\e-integrator\existing folder\node_modules\esbuild
3653 error command failed
3654 error command C:\WINDOWS\system32\cmd.exe /d /s /c node install.js
3655 error node:internal/errors:985
3655 error   const err = new Error(message);
3655 error               ^
3655 error
3655 error Error: Command failed: D:\node.exe E:\chappy\e-integrator\existing folder\node_modules\esbuild\bin\esbuild --version
3655 error node:child_process:964
3655 error     throw err;
3655 error     ^
3655 error 
3655 error <ref *1> Error: spawnSync E:\chappy\e-integrator\existing folder\node_modules\@esbuild\win32-x64\esbuild.exe EBUSY
3655 error     at Object.spawnSync (node:internal/child_process:1119:20)
3655 error     at spawnSync (node:child_process:911:24)
3655 error     at Object.execFileSync (node:child_process:954:15)
3655 error     at Object.<anonymous> (E:\chappy\e-integrator\existing folder\node_modules\esbuild\bin\esbuild:222:28)
3655 error     at Module._compile (node:internal/modules/cjs/loader:1812:14)
3655 error     at Object..js (node:internal/modules/cjs/loader:1943:10)
3655 error     at Module.load (node:internal/modules/cjs/loader:1533:32)
3655 error     at Module._load (node:internal/modules/cjs/loader:1335:12)
3655 error     at wrapModuleLoad (node:internal/modules/cjs/loader:255:19)
3655 error     at Module.executeUserEntryPoint [as runMain] (node:internal/modules/run_main:154:5) {
3655 error   errno: -4082,
3655 error   code: 'EBUSY',
3655 error   syscall: 'spawnSync E:\\chappy\\e-integrator\\existing folder\\node_modules\\@esbuild\\win32-x64\\esbuild.exe',
3655 error   path: 'E:\\chappy\\e-integrator\\existing folder\\node_modules\\@esbuild\\win32-x64\\esbuild.exe',
3655 error   spawnargs: [ '--version' ],
3655 error   error: [Circular *1],
3655 error   status: null,
3655 error   signal: null,
3655 error   output: null,
3655 error   pid: 0,
3655 error   stdout: undefined,
3655 error   stderr: undefined
3655 error }
3655 error 
3655 error Node.js v24.14.0
3655 error
3655 error     at genericNodeError (node:internal/errors:985:15)
3655 error     at wrappedFn (node:internal/errors:539:14)
3655 error     at checkExecSyncError (node:child_process:925:11)
3655 error     at Object.execFileSync (node:child_process:961:15)
3655 error     at validateBinaryVersion (E:\chappy\e-integrator\existing folder\node_modules\esbuild\install.js:102:28)
3655 error     at E:\chappy\e-integrator\existing folder\node_modules\esbuild\install.js:285:5 {
3655 error   status: 1,
3655 error   signal: null,
3655 error   output: [
3655 error     null,
3655 error     Buffer(0) [Uint8Array] [],
3655 error     Buffer(1286) [Uint8Array] [
3655 error       110, 111, 100, 101,  58,  99, 104, 105, 108, 100,  95, 112,
3655 error       114, 111,  99, 101, 115, 115,  58,  57,  54,  52,  13,  10,
3655 error        32,  32,  32,  32, 116, 104, 114, 111, 119,  32, 101, 114,
3655 error       114,  59,  13,  10,  32,  32,  32,  32,  94,  13,  10,  13,
3655 error        10,  60, 114, 101, 102,  32,  42,  49,  62,  32,  69, 114,
3655 error       114, 111, 114,  58,  32, 115, 112,  97, 119, 110,  83, 121,
3655 error       110,  99,  32,  69,  58,  92,  99, 104,  97, 112, 112, 121,
3655 error        92, 101,  45, 105, 110, 116, 101, 103, 114,  97, 116, 111,
3655 error       114,  92, 101, 120,
3655 error       ... 1186 more items
3655 error     ]
3655 error   ],
3655 error   pid: 27652,
3655 error   stdout: Buffer(0) [Uint8Array] [],
3655 error   stderr: Buffer(1286) [Uint8Array] [
3655 error     110, 111, 100, 101,  58,  99, 104, 105, 108, 100,  95, 112,
3655 error     114, 111,  99, 101, 115, 115,  58,  57,  54,  52,  13,  10,
3655 error      32,  32,  32,  32, 116, 104, 114, 111, 119,  32, 101, 114,
3655 error     114,  59,  13,  10,  32,  32,  32,  32,  94,  13,  10,  13,
3655 error      10,  60, 114, 101, 102,  32,  42,  49,  62,  32,  69, 114,
3655 error     114, 111, 114,  58,  32, 115, 112,  97, 119, 110,  83, 121,
3655 error     110,  99,  32,  69,  58,  92,  99, 104,  97, 112, 112, 121,
3655 error      92, 101,  45, 105, 110, 116, 101, 103, 114,  97, 116, 111,
3655 error     114,  92, 101, 120,
3655 error     ... 1186 more items
3655 error   ]
3655 error }
3655 error
3655 error Node.js v24.14.0
3656 silly unfinished npm timer reify 1788682599940
3657 silly unfinished npm timer reify:build 1788682685152
3658 silly unfinished npm timer build 1788682685153
3659 silly unfinished npm timer build:deps 1788682685153
3660 silly unfinished npm timer build:run:postinstall 1788682685497
3661 silly unfinished npm timer build:run:postinstall:node_modules/esbuild 1788682685497
3662 silly unfinished npm timer build:run:postinstall:node_modules/vite/node_modules/esbuild 1788682685508
3663 verbose cwd E:\chappy\e-integrator\existing folder
3664 verbose os Windows_NT 10.0.26200
3665 verbose node v24.14.0
3666 verbose npm  v11.12.0
3667 notice
3667 notice New minor version of npm available! 11.12.0 -> 11.19.1
3667 notice Changelog: https://github.com/npm/cli/releases/tag/v11.19.1
3667 notice To update run: npm install -g npm@11.19.1
3667 notice  { force: true, Symbol(proc-log.meta): true }
3668 verbose exit 1
3669 verbose code 1
3670 error A complete log of this run can be found in: E:\chappy\e-integrator\existing folder\.npm-cache\_logs\2026-09-06T08_16_34_322Z-debug-0.log
