0 verbose cli D:\node.exe C:\Users\USER\AppData\Roaming\npm\node_modules\npm\bin\npm-cli.js
1 info using npm@11.12.0
2 info using node@v24.14.0
3 silly config load:file:C:\Users\USER\AppData\Roaming\npm\node_modules\npm\npmrc
4 silly config load:file:E:\chappy\e-integrator\existing folder\.npmrc
5 silly config load:file:C:\Users\USER\.npmrc
6 silly config load:file:C:\Users\USER\AppData\Roaming\npm\etc\npmrc
7 verbose title npm install
8 verbose argv "install" "--cache" ".npm-cache" "--loglevel" "verbose"
9 verbose logfile logs-max:10 dir:E:\chappy\e-integrator\existing folder\.npm-cache\_logs\2026-09-06T08_17_20_279Z-
10 verbose logfile E:\chappy\e-integrator\existing folder\.npm-cache\_logs\2026-09-06T08_17_20_279Z-debug-0.log
11 silly logfile done cleaning log files
12 silly packumentCache heap:4496293888 maxSize:1124073472 maxEntrySize:562036736
13 silly idealTree buildDeps
14 silly fetch manifest @astrojs/check@^0.9.4
15 silly packumentCache full:https://registry.npmjs.org/@astrojs%2fcheck cache-miss
16 http cache https://registry.npmjs.org/@astrojs%2fcheck 8ms (cache hit)
17 silly packumentCache full:https://registry.npmjs.org/@astrojs%2fcheck set size:92753 disposed:false
18 silly fetch manifest typescript@^5.8.3
19 silly packumentCache full:https://registry.npmjs.org/typescript cache-miss
20 http cache https://registry.npmjs.org/typescript 24ms (cache hit)
21 silly packumentCache full:https://registry.npmjs.org/typescript set size:15639539 disposed:false
22 silly fetch manifest astro@^5.13.0
23 silly packumentCache full:https://registry.npmjs.org/astro cache-miss
24 http cache https://registry.npmjs.org/astro 16ms (cache hit)
25 silly packumentCache full:https://registry.npmjs.org/astro set size:9488266 disposed:false
26 silly placeDep ROOT @astrojs/check@0.9.10 OK for: design-co-astro@1.0.0 want: ^0.9.4
27 silly placeDep ROOT typescript@5.9.3 OK for: @astrojs/check@0.9.10 want: ^5.0.0 || ^6.0.0
28 silly placeDep ROOT astro@5.18.2 OK for: design-co-astro@1.0.0 want: ^5.13.0
29 silly fetch manifest kleur@^4.1.5
30 silly packumentCache full:https://registry.npmjs.org/kleur cache-miss
31 silly fetch manifest yargs@^18.0.0
32 silly packumentCache full:https://registry.npmjs.org/yargs cache-miss
33 silly fetch manifest chokidar@^4.0.3
34 silly packumentCache full:https://registry.npmjs.org/chokidar cache-miss
35 silly fetch manifest @astrojs/language-server@^2.16.7
36 silly packumentCache full:https://registry.npmjs.org/@astrojs%2flanguage-server cache-miss
37 silly fetch manifest dlv@^1.1.3
38 silly packumentCache full:https://registry.npmjs.org/dlv cache-miss
39 silly fetch manifest zod@^3.25.76
40 silly packumentCache full:https://registry.npmjs.org/zod cache-miss
41 silly fetch manifest clsx@^2.1.1
42 silly packumentCache full:https://registry.npmjs.org/clsx cache-miss
43 silly fetch manifest diff@^8.0.3
44 silly packumentCache full:https://registry.npmjs.org/diff cache-miss
45 silly fetch manifest dset@^3.1.4
46 silly packumentCache full:https://registry.npmjs.org/dset cache-miss
47 silly fetch manifest svgo@^4.0.0
48 silly packumentCache full:https://registry.npmjs.org/svgo cache-miss
49 silly fetch manifest vite@^6.4.1
50 silly packumentCache full:https://registry.npmjs.org/vite cache-miss
51 http cache https://registry.npmjs.org/yargs 20ms (cache hit)
52 silly packumentCache full:https://registry.npmjs.org/yargs set size:759965 disposed:false
53 silly fetch manifest acorn@^8.15.0
54 silly packumentCache full:https://registry.npmjs.org/acorn cache-miss
55 http cache https://registry.npmjs.org/kleur 27ms (cache hit)
56 silly packumentCache full:https://registry.npmjs.org/kleur set size:61853 disposed:false
57 silly fetch manifest boxen@8.0.1
58 silly packumentCache full:https://registry.npmjs.org/boxen cache-miss
59 http cache https://registry.npmjs.org/clsx 26ms (cache hit)
60 silly packumentCache full:https://registry.npmjs.org/clsx set size:42506 disposed:false
61 silly fetch manifest debug@^4.4.3
62 silly packumentCache full:https://registry.npmjs.org/debug cache-miss
63 http cache https://registry.npmjs.org/diff 27ms (cache hit)
64 silly packumentCache full:https://registry.npmjs.org/diff set size:154400 disposed:false
65 silly fetch manifest shiki@^3.21.0
66 silly packumentCache full:https://registry.npmjs.org/shiki cache-miss
67 http cache https://registry.npmjs.org/chokidar 31ms (cache hit)
68 silly packumentCache full:https://registry.npmjs.org/chokidar set size:255902 disposed:false
69 silly fetch manifest vfile@^6.0.3
70 silly packumentCache full:https://registry.npmjs.org/vfile cache-miss
71 http cache https://registry.npmjs.org/zod 38ms (cache hit)
72 silly packumentCache full:https://registry.npmjs.org/zod set size:4147901 disposed:false
73 silly fetch manifest cookie@^1.1.1
74 silly packumentCache full:https://registry.npmjs.org/cookie cache-miss
75 http cache https://registry.npmjs.org/dlv 56ms (cache hit)
76 silly packumentCache full:https://registry.npmjs.org/dlv set size:16709 disposed:false
77 silly fetch manifest cssesc@^3.0.0
78 silly packumentCache full:https://registry.npmjs.org/cssesc cache-miss
79 http cache https://registry.npmjs.org/dset 56ms (cache hit)
80 silly packumentCache full:https://registry.npmjs.org/dset set size:33440 disposed:false
81 silly fetch manifest mrmime@^2.0.1
82 silly packumentCache full:https://registry.npmjs.org/mrmime cache-miss
83 http cache https://registry.npmjs.org/@astrojs%2flanguage-server 60ms (cache hit)
84 silly packumentCache full:https://registry.npmjs.org/@astrojs%2flanguage-server set size:569577 disposed:false
85 silly fetch manifest rehype@^13.0.2
86 silly packumentCache full:https://registry.npmjs.org/rehype cache-miss
87 http cache https://registry.npmjs.org/svgo 74ms (cache hit)
88 silly packumentCache full:https://registry.npmjs.org/svgo set size:329744 disposed:false
89 silly fetch manifest semver@^7.7.3
90 silly packumentCache full:https://registry.npmjs.org/semver cache-miss
91 http cache https://registry.npmjs.org/vite 110ms (cache hit)
92 silly packumentCache full:https://registry.npmjs.org/vite set size:38933730 disposed:false
93 silly fetch manifest vitefu@^1.1.1
94 silly packumentCache full:https://registry.npmjs.org/vitefu cache-miss
95 http cache https://registry.npmjs.org/acorn 181ms (cache hit)
96 silly packumentCache full:https://registry.npmjs.org/acorn set size:383439 disposed:false
97 silly fetch manifest ci-info@^4.3.1
98 silly packumentCache full:https://registry.npmjs.org/ci-info cache-miss
99 http cache https://registry.npmjs.org/debug 182ms (cache hit)
100 silly packumentCache full:https://registry.npmjs.org/debug set size:195840 disposed:false
101 silly fetch manifest devalue@^5.6.2
102 silly packumentCache full:https://registry.npmjs.org/devalue cache-miss
103 http cache https://registry.npmjs.org/boxen 185ms (cache hit)
104 silly packumentCache full:https://registry.npmjs.org/boxen set size:96237 disposed:false
105 silly fetch manifest esbuild@^0.27.3
106 silly packumentCache full:https://registry.npmjs.org/esbuild cache-miss
107 http cache https://registry.npmjs.org/cssesc 156ms (cache hit)
108 silly packumentCache full:https://registry.npmjs.org/cssesc set size:18815 disposed:false
109 silly fetch manifest flattie@^1.1.1
110 silly packumentCache full:https://registry.npmjs.org/flattie cache-miss
111 http cache https://registry.npmjs.org/shiki 185ms (cache hit)
112 silly packumentCache full:https://registry.npmjs.org/shiki set size:632790 disposed:false
113 silly fetch manifest fontace@~0.4.0
114 silly packumentCache full:https://registry.npmjs.org/fontace cache-miss
115 http cache https://registry.npmjs.org/cookie 162ms (cache hit)
116 silly packumentCache full:https://registry.npmjs.org/cookie set size:78274 disposed:false
117 silly fetch manifest js-yaml@^4.1.1
118 silly packumentCache full:https://registry.npmjs.org/js-yaml cache-miss
119 http cache https://registry.npmjs.org/mrmime 161ms (cache hit)
120 silly packumentCache full:https://registry.npmjs.org/mrmime set size:17044 disposed:false
121 silly fetch manifest p-limit@^6.2.0
122 silly packumentCache full:https://registry.npmjs.org/p-limit cache-miss
123 http cache https://registry.npmjs.org/vfile 186ms (cache hit)
124 silly packumentCache full:https://registry.npmjs.org/vfile set size:172678 disposed:false
125 silly fetch manifest p-queue@^8.1.1
126 silly packumentCache full:https://registry.npmjs.org/p-queue cache-miss
127 http cache https://registry.npmjs.org/rehype 156ms (cache hit)
128 silly packumentCache full:https://registry.npmjs.org/rehype set size:50923 disposed:false
129 silly fetch manifest prompts@^2.4.2
130 silly packumentCache full:https://registry.npmjs.org/prompts cache-miss
131 http cache https://registry.npmjs.org/vitefu 23ms (cache hit)
132 silly packumentCache full:https://registry.npmjs.org/vitefu set size:46970 disposed:false
133 silly fetch manifest unifont@~0.7.3
134 silly packumentCache full:https://registry.npmjs.org/unifont cache-miss
135 http cache https://registry.npmjs.org/semver 144ms (cache hit)
136 silly packumentCache full:https://registry.npmjs.org/semver set size:246069 disposed:false
137 silly fetch manifest magicast@^0.5.1
138 silly packumentCache full:https://registry.npmjs.org/magicast cache-miss
139 http cache https://registry.npmjs.org/devalue 20ms (cache hit)
140 silly packumentCache full:https://registry.npmjs.org/devalue set size:123988 disposed:false
141 silly fetch manifest tinyexec@^1.0.2
142 silly packumentCache full:https://registry.npmjs.org/tinyexec cache-miss
143 http cache https://registry.npmjs.org/ci-info 25ms (cache hit)
144 silly packumentCache full:https://registry.npmjs.org/ci-info set size:91363 disposed:false
145 silly fetch manifest tsconfck@^3.1.6
146 silly packumentCache full:https://registry.npmjs.org/tsconfck cache-miss
147 http cache https://registry.npmjs.org/flattie 21ms (cache hit)
148 silly packumentCache full:https://registry.npmjs.org/flattie set size:13792 disposed:false
149 silly fetch manifest piccolore@^0.1.3
150 silly packumentCache full:https://registry.npmjs.org/piccolore cache-miss
151 http cache https://registry.npmjs.org/esbuild 24ms (cache hit)
152 silly packumentCache full:https://registry.npmjs.org/esbuild set size:1264676 disposed:false
153 silly fetch manifest picomatch@^4.0.3
154 silly packumentCache full:https://registry.npmjs.org/picomatch cache-miss
155 http cache https://registry.npmjs.org/fontace 24ms (cache hit)
156 silly packumentCache full:https://registry.npmjs.org/fontace set size:23186 disposed:false
157 silly fetch manifest smol-toml@^1.6.0
158 silly packumentCache full:https://registry.npmjs.org/smol-toml cache-miss
159 http cache https://registry.npmjs.org/js-yaml 24ms (cache hit)
160 silly packumentCache full:https://registry.npmjs.org/js-yaml set size:193945 disposed:false
161 silly fetch manifest ultrahtml@^1.6.0
162 silly packumentCache full:https://registry.npmjs.org/ultrahtml cache-miss
163 http cache https://registry.npmjs.org/p-limit 25ms (cache hit)
164 silly packumentCache full:https://registry.npmjs.org/p-limit set size:66276 disposed:false
165 silly fetch manifest unstorage@^1.17.4
166 silly packumentCache full:https://registry.npmjs.org/unstorage cache-miss
167 http cache https://registry.npmjs.org/p-queue 24ms (cache hit)
168 silly packumentCache full:https://registry.npmjs.org/p-queue set size:187782 disposed:false
169 silly fetch manifest zod-to-ts@^1.2.0
170 silly packumentCache full:https://registry.npmjs.org/zod-to-ts cache-miss
171 http cache https://registry.npmjs.org/prompts 25ms (cache hit)
172 silly packumentCache full:https://registry.npmjs.org/prompts set size:115896 disposed:false
173 silly fetch manifest aria-query@^5.3.2
174 silly packumentCache full:https://registry.npmjs.org/aria-query cache-miss
175 http cache https://registry.npmjs.org/unifont 25ms (cache hit)
176 silly packumentCache full:https://registry.npmjs.org/unifont set size:89055 disposed:false
177 silly fetch manifest tinyglobby@^0.2.15
178 silly packumentCache full:https://registry.npmjs.org/tinyglobby cache-miss
179 http cache https://registry.npmjs.org/magicast 25ms (cache hit)
180 silly packumentCache full:https://registry.npmjs.org/magicast set size:87467 disposed:false
181 silly fetch manifest neotraverse@^0.6.18
182 silly packumentCache full:https://registry.npmjs.org/neotraverse cache-miss
183 http cache https://registry.npmjs.org/tsconfck 33ms (cache hit)
184 silly packumentCache full:https://registry.npmjs.org/tsconfck set size:173073 disposed:false
185 silly fetch manifest xxhash-wasm@^1.1.0
186 silly packumentCache full:https://registry.npmjs.org/xxhash-wasm cache-miss
187 http cache https://registry.npmjs.org/piccolore 36ms (cache hit)
188 silly packumentCache full:https://registry.npmjs.org/piccolore set size:8640 disposed:false
189 silly fetch manifest html-escaper@3.0.3
190 silly packumentCache full:https://registry.npmjs.org/html-escaper cache-miss
191 http cache https://registry.npmjs.org/picomatch 31ms (cache hit)
192 silly packumentCache full:https://registry.npmjs.org/picomatch set size:134451 disposed:false
193 silly fetch manifest magic-string@^0.30.21
194 silly packumentCache full:https://registry.npmjs.org/magic-string cache-miss
195 http cache https://registry.npmjs.org/tinyexec 40ms (cache hit)
196 silly packumentCache full:https://registry.npmjs.org/tinyexec set size:68252 disposed:false
197 silly fetch manifest yargs-parser@^21.1.1
198 silly packumentCache full:https://registry.npmjs.org/yargs-parser cache-miss
199 http cache https://registry.npmjs.org/smol-toml 32ms (cache hit)
200 silly packumentCache full:https://registry.npmjs.org/smol-toml set size:87994 disposed:false
201 silly fetch manifest estree-walker@^3.0.3
202 silly packumentCache full:https://registry.npmjs.org/estree-walker cache-miss
203 http cache https://registry.npmjs.org/ultrahtml 31ms (cache hit)
204 silly packumentCache full:https://registry.npmjs.org/ultrahtml set size:122052 disposed:false
205 silly fetch manifest yocto-spinner@^0.2.3
206 silly packumentCache full:https://registry.npmjs.org/yocto-spinner cache-miss
207 http cache https://registry.npmjs.org/unstorage 31ms (cache hit)
208 silly packumentCache full:https://registry.npmjs.org/unstorage set size:362113 disposed:false
209 silly fetch manifest axobject-query@^4.1.0
210 silly packumentCache full:https://registry.npmjs.org/axobject-query cache-miss
211 http cache https://registry.npmjs.org/aria-query 31ms (cache hit)
212 silly packumentCache full:https://registry.npmjs.org/aria-query set size:98864 disposed:false
213 silly fetch manifest github-slugger@^2.0.0
214 silly packumentCache full:https://registry.npmjs.org/github-slugger cache-miss
215 http cache https://registry.npmjs.org/zod-to-ts 34ms (cache hit)
216 silly packumentCache full:https://registry.npmjs.org/zod-to-ts set size:51567 disposed:false
217 silly fetch manifest es-module-lexer@^1.7.0
218 silly packumentCache full:https://registry.npmjs.org/es-module-lexer cache-miss
219 http cache https://registry.npmjs.org/tinyglobby 33ms (cache hit)
220 silly packumentCache full:https://registry.npmjs.org/tinyglobby set size:54291 disposed:false
221 silly fetch manifest @oslojs/encoding@^1.1.0
222 silly packumentCache full:https://registry.npmjs.org/@oslojs%2fencoding cache-miss
223 http cache https://registry.npmjs.org/neotraverse 32ms (cache hit)
224 silly packumentCache full:https://registry.npmjs.org/neotraverse set size:63175 disposed:false
225 silly fetch manifest unist-util-visit@^5.0.0
226 silly packumentCache full:https://registry.npmjs.org/unist-util-visit cache-miss
227 http cache https://registry.npmjs.org/magic-string 19ms (cache hit)
228 silly packumentCache full:https://registry.npmjs.org/magic-string set size:352504 disposed:false
229 silly fetch manifest @astrojs/compiler@^2.13.0
230 silly packumentCache full:https://registry.npmjs.org/@astrojs%2fcompiler cache-miss
231 http cache https://registry.npmjs.org/html-escaper 25ms (cache hit)
232 silly packumentCache full:https://registry.npmjs.org/html-escaper set size:29853 disposed:false
233 silly fetch manifest @astrojs/telemetry@3.3.0
234 silly packumentCache full:https://registry.npmjs.org/@astrojs%2ftelemetry cache-miss
235 http cache https://registry.npmjs.org/xxhash-wasm 28ms (cache hit)
236 silly packumentCache full:https://registry.npmjs.org/xxhash-wasm set size:49853 disposed:false
237 silly fetch manifest @capsizecss/unpack@^4.0.0
238 silly packumentCache full:https://registry.npmjs.org/@capsizecss%2funpack cache-miss
239 http cache https://registry.npmjs.org/estree-walker 25ms (cache hit)
240 silly packumentCache full:https://registry.npmjs.org/estree-walker set size:60887 disposed:false
241 silly fetch manifest zod-to-json-schema@^3.25.1
242 silly packumentCache full:https://registry.npmjs.org/zod-to-json-schema cache-miss
243 http cache https://registry.npmjs.org/yargs-parser 28ms (cache hit)
244 silly packumentCache full:https://registry.npmjs.org/yargs-parser set size:238681 disposed:false
245 silly fetch manifest @rollup/pluginutils@^5.3.0
246 silly packumentCache full:https://registry.npmjs.org/@rollup%2fpluginutils cache-miss
247 http cache https://registry.npmjs.org/axobject-query 26ms (cache hit)
248 silly packumentCache full:https://registry.npmjs.org/axobject-query set size:75032 disposed:false
249 silly fetch manifest import-meta-resolve@^4.2.0
250 silly packumentCache full:https://registry.npmjs.org/import-meta-resolve cache-miss
251 http cache https://registry.npmjs.org/yocto-spinner 32ms (cache hit)
252 silly packumentCache full:https://registry.npmjs.org/yocto-spinner set size:30326 disposed:false
253 silly fetch manifest common-ancestor-path@^1.0.1
254 silly packumentCache full:https://registry.npmjs.org/common-ancestor-path cache-miss
255 http cache https://registry.npmjs.org/github-slugger 29ms (cache hit)
256 silly packumentCache full:https://registry.npmjs.org/github-slugger set size:31752 disposed:false
257 silly fetch manifest http-cache-semantics@^4.2.0
258 silly packumentCache full:https://registry.npmjs.org/http-cache-semantics cache-miss
259 http cache https://registry.npmjs.org/es-module-lexer 29ms (cache hit)
260 silly packumentCache full:https://registry.npmjs.org/es-module-lexer set size:214894 disposed:false
261 silly fetch manifest @astrojs/markdown-remark@6.3.11
262 silly packumentCache full:https://registry.npmjs.org/@astrojs%2fmarkdown-remark cache-miss
263 http cache https://registry.npmjs.org/@oslojs%2fencoding 29ms (cache hit)
264 silly packumentCache full:https://registry.npmjs.org/@oslojs%2fencoding set size:16136 disposed:false
265 silly fetch manifest package-manager-detector@^1.6.0
266 silly packumentCache full:https://registry.npmjs.org/package-manager-detector cache-miss
267 http cache https://registry.npmjs.org/unist-util-visit 28ms (cache hit)
268 silly packumentCache full:https://registry.npmjs.org/unist-util-visit set size:90557 disposed:false
269 silly fetch manifest @astrojs/internal-helpers@0.7.6
270 silly packumentCache full:https://registry.npmjs.org/@astrojs%2finternal-helpers cache-miss
271 http cache https://registry.npmjs.org/@astrojs%2ftelemetry 25ms (cache hit)
272 silly packumentCache full:https://registry.npmjs.org/@astrojs%2ftelemetry set size:141001 disposed:false
273 silly fetch manifest deterministic-object-hash@^2.0.2
274 silly packumentCache full:https://registry.npmjs.org/deterministic-object-hash cache-miss
275 http cache https://registry.npmjs.org/@capsizecss%2funpack 24ms (cache hit)
276 silly packumentCache full:https://registry.npmjs.org/@capsizecss%2funpack set size:113289 disposed:false
277 silly fetch manifest sharp@^0.34.0
278 silly packumentCache full:https://registry.npmjs.org/sharp cache-miss
279 http cache https://registry.npmjs.org/@astrojs%2fcompiler 30ms (cache hit)
280 silly packumentCache full:https://registry.npmjs.org/@astrojs%2fcompiler set size:972037 disposed:false
281 http cache https://registry.npmjs.org/@rollup%2fpluginutils 25ms (cache hit)
282 silly packumentCache full:https://registry.npmjs.org/@rollup%2fpluginutils set size:121958 disposed:false
283 http cache https://registry.npmjs.org/zod-to-json-schema 31ms (cache hit)
284 silly packumentCache full:https://registry.npmjs.org/zod-to-json-schema set size:309584 disposed:false
285 http cache https://registry.npmjs.org/import-meta-resolve 25ms (cache hit)
286 silly packumentCache full:https://registry.npmjs.org/import-meta-resolve set size:81231 disposed:false
287 http cache https://registry.npmjs.org/common-ancestor-path 26ms (cache hit)
288 silly packumentCache full:https://registry.npmjs.org/common-ancestor-path set size:8954 disposed:false
289 http cache https://registry.npmjs.org/http-cache-semantics 24ms (cache hit)
290 silly packumentCache full:https://registry.npmjs.org/http-cache-semantics set size:66288 disposed:false
291 http cache https://registry.npmjs.org/@astrojs%2fmarkdown-remark 24ms (cache hit)
292 silly packumentCache full:https://registry.npmjs.org/@astrojs%2fmarkdown-remark set size:612191 disposed:false
293 http cache https://registry.npmjs.org/package-manager-detector 26ms (cache hit)
294 silly packumentCache full:https://registry.npmjs.org/package-manager-detector set size:71217 disposed:false
295 http cache https://registry.npmjs.org/@astrojs%2finternal-helpers 25ms (cache hit)
296 silly packumentCache full:https://registry.npmjs.org/@astrojs%2finternal-helpers set size:97382 disposed:false
297 http cache https://registry.npmjs.org/deterministic-object-hash 20ms (cache hit)
298 silly packumentCache full:https://registry.npmjs.org/deterministic-object-hash set size:26336 disposed:false
299 http cache https://registry.npmjs.org/sharp 21ms (cache hit)
300 silly packumentCache full:https://registry.npmjs.org/sharp set size:1221057 disposed:false
301 silly fetch manifest prettier@^3.0.0
302 silly packumentCache full:https://registry.npmjs.org/prettier cache-miss
303 http cache https://registry.npmjs.org/prettier 2ms (cache hit)
304 silly packumentCache full:https://registry.npmjs.org/prettier set size:716664 disposed:false
305 silly fetch manifest prettier-plugin-astro@>=0.11.0
306 silly packumentCache full:https://registry.npmjs.org/prettier-plugin-astro cache-miss
307 http cache https://registry.npmjs.org/prettier-plugin-astro 2ms (cache hit)
308 silly packumentCache full:https://registry.npmjs.org/prettier-plugin-astro set size:147843 disposed:false
309 silly placeDep ROOT @astrojs/language-server@2.16.16 OK for: @astrojs/check@0.9.10 want: ^2.16.7
310 silly placeDep ROOT chokidar@4.0.3 OK for: @astrojs/check@0.9.10 want: ^4.0.3
311 silly placeDep ROOT kleur@4.1.5 OK for: @astrojs/check@0.9.10 want: ^4.1.5
312 silly placeDep ROOT yargs@18.1.0 OK for: @astrojs/check@0.9.10 want: ^18.0.0
313 silly fetch manifest @volar/kit@~2.4.28
314 silly packumentCache full:https://registry.npmjs.org/@volar%2fkit cache-miss
315 silly fetch manifest tinyglobby@^0.2.16
316 silly packumentCache full:https://registry.npmjs.org/tinyglobby cache-hit
317 silly fetch manifest vscode-uri@^3.1.0
318 silly packumentCache full:https://registry.npmjs.org/vscode-uri cache-miss
319 silly fetch manifest muggle-string@^0.4.1
320 silly packumentCache full:https://registry.npmjs.org/muggle-string cache-miss
321 silly fetch manifest @astrojs/yaml2ts@^0.2.4
322 silly packumentCache full:https://registry.npmjs.org/@astrojs%2fyaml2ts cache-miss
323 silly fetch manifest @astrojs/compiler@^2.13.1
324 silly packumentCache full:https://registry.npmjs.org/@astrojs%2fcompiler cache-hit
325 silly fetch manifest volar-service-css@0.0.71
326 silly packumentCache full:https://registry.npmjs.org/volar-service-css cache-miss
327 silly fetch manifest volar-service-html@0.0.71
328 silly packumentCache full:https://registry.npmjs.org/volar-service-html cache-miss
329 silly fetch manifest volar-service-yaml@0.0.71
330 silly packumentCache full:https://registry.npmjs.org/volar-service-yaml cache-miss
331 silly fetch manifest volar-service-emmet@0.0.71
332 silly packumentCache full:https://registry.npmjs.org/volar-service-emmet cache-miss
333 silly fetch manifest @volar/language-core@~2.4.28
334 silly packumentCache full:https://registry.npmjs.org/@volar%2flanguage-core cache-miss
335 silly fetch manifest @volar/language-server@~2.4.28
336 silly packumentCache full:https://registry.npmjs.org/@volar%2flanguage-server cache-miss
337 silly fetch manifest volar-service-prettier@0.0.71
338 silly packumentCache full:https://registry.npmjs.org/volar-service-prettier cache-miss
339 http cache https://registry.npmjs.org/volar-service-css 33ms (cache hit)
340 silly packumentCache full:https://registry.npmjs.org/volar-service-css set size:133427 disposed:false
341 silly fetch manifest @volar/language-service@~2.4.28
342 silly packumentCache full:https://registry.npmjs.org/@volar%2flanguage-service cache-miss
343 http cache https://registry.npmjs.org/@volar%2fkit 37ms (cache hit)
344 silly packumentCache full:https://registry.npmjs.org/@volar%2fkit set size:368364 disposed:false
345 silly fetch manifest volar-service-typescript@0.0.71
346 silly packumentCache full:https://registry.npmjs.org/volar-service-typescript cache-miss
347 http cache https://registry.npmjs.org/volar-service-html 40ms (cache hit)
348 silly packumentCache full:https://registry.npmjs.org/volar-service-html set size:134664 disposed:false
349 silly fetch manifest @jridgewell/sourcemap-codec@^1.5.5
350 silly packumentCache full:https://registry.npmjs.org/@jridgewell%2fsourcemap-codec cache-miss
351 http cache https://registry.npmjs.org/muggle-string 42ms (cache hit)
352 silly packumentCache full:https://registry.npmjs.org/muggle-string set size:19006 disposed:false
353 silly fetch manifest vscode-html-languageservice@^5.6.2
354 silly packumentCache full:https://registry.npmjs.org/vscode-html-languageservice cache-miss
355 http cache https://registry.npmjs.org/@volar%2flanguage-core 42ms (cache hit)
356 silly packumentCache full:https://registry.npmjs.org/@volar%2flanguage-core set size:443157 disposed:false
357 silly fetch manifest volar-service-typescript-twoslash-queries@0.0.71
358 silly packumentCache full:https://registry.npmjs.org/volar-service-typescript-twoslash-queries cache-miss
359 http cache https://registry.npmjs.org/@astrojs%2fyaml2ts 44ms (cache hit)
360 silly packumentCache full:https://registry.npmjs.org/@astrojs%2fyaml2ts set size:9572 disposed:false
361 silly fetch manifest readdirp@^4.0.1
362 silly packumentCache full:https://registry.npmjs.org/readdirp cache-miss
363 http cache https://registry.npmjs.org/volar-service-yaml 45ms (cache hit)
364 silly packumentCache full:https://registry.npmjs.org/volar-service-yaml set size:110533 disposed:false
365 silly fetch manifest y18n@^5.0.5
366 silly packumentCache full:https://registry.npmjs.org/y18n cache-miss
367 http cache https://registry.npmjs.org/vscode-uri 47ms (cache hit)
368 silly packumentCache full:https://registry.npmjs.org/vscode-uri set size:81109 disposed:false
369 silly fetch manifest cliui@^9.0.1
370 silly packumentCache full:https://registry.npmjs.org/cliui cache-miss
371 http cache https://registry.npmjs.org/@volar%2flanguage-server 45ms (cache hit)
372 silly packumentCache full:https://registry.npmjs.org/@volar%2flanguage-server set size:531195 disposed:false
373 silly fetch manifest escalade@^3.1.1
374 silly packumentCache full:https://registry.npmjs.org/escalade cache-miss
375 http cache https://registry.npmjs.org/volar-service-emmet 48ms (cache hit)
376 silly packumentCache full:https://registry.npmjs.org/volar-service-emmet set size:137923 disposed:false
377 silly fetch manifest string-width@^8.2.1
378 silly packumentCache full:https://registry.npmjs.org/string-width cache-miss
379 http cache https://registry.npmjs.org/volar-service-prettier 48ms (cache hit)
380 silly packumentCache full:https://registry.npmjs.org/volar-service-prettier set size:138826 disposed:false
381 silly fetch manifest yargs-parser@^22.0.0
382 silly packumentCache full:https://registry.npmjs.org/yargs-parser cache-hit
383 silly fetch manifest get-caller-file@^2.0.5
384 silly packumentCache full:https://registry.npmjs.org/get-caller-file cache-miss
385 http cache https://registry.npmjs.org/volar-service-typescript 18ms (cache hit)
386 silly packumentCache full:https://registry.npmjs.org/volar-service-typescript set size:152887 disposed:false
387 http cache https://registry.npmjs.org/@volar%2flanguage-service 26ms (cache hit)
388 silly packumentCache full:https://registry.npmjs.org/@volar%2flanguage-service set size:493688 disposed:false
389 http cache https://registry.npmjs.org/vscode-html-languageservice 20ms (cache hit)
390 silly packumentCache full:https://registry.npmjs.org/vscode-html-languageservice set size:522784 disposed:false
391 http cache https://registry.npmjs.org/@jridgewell%2fsourcemap-codec 23ms (cache hit)
392 silly packumentCache full:https://registry.npmjs.org/@jridgewell%2fsourcemap-codec set size:65255 disposed:false
393 http cache https://registry.npmjs.org/readdirp 20ms (cache hit)
394 silly packumentCache full:https://registry.npmjs.org/readdirp set size:110119 disposed:false
395 http cache https://registry.npmjs.org/volar-service-typescript-twoslash-queries 22ms (cache hit)
396 silly packumentCache full:https://registry.npmjs.org/volar-service-typescript-twoslash-queries set size:137411 disposed:false
397 http cache https://registry.npmjs.org/cliui 19ms (cache hit)
398 silly packumentCache full:https://registry.npmjs.org/cliui set size:69089 disposed:false
399 http cache https://registry.npmjs.org/escalade 18ms (cache hit)
400 silly packumentCache full:https://registry.npmjs.org/escalade set size:33724 disposed:false
401 http cache https://registry.npmjs.org/y18n 22ms (cache hit)
402 silly packumentCache full:https://registry.npmjs.org/y18n set size:76206 disposed:false
403 http cache https://registry.npmjs.org/get-caller-file 17ms (cache hit)
404 silly packumentCache full:https://registry.npmjs.org/get-caller-file set size:26456 disposed:false
405 http cache https://registry.npmjs.org/string-width 19ms (cache hit)
406 silly packumentCache full:https://registry.npmjs.org/string-width set size:72458 disposed:false
407 silly fetch manifest typescript@*
408 silly packumentCache full:https://registry.npmjs.org/typescript cache-miss
409 http cache https://registry.npmjs.org/typescript 20ms (cache hit)
410 silly packumentCache full:https://registry.npmjs.org/typescript set size:15639539 disposed:false
411 silly placeDep ROOT @astrojs/compiler@2.13.1 OK for: @astrojs/language-server@2.16.16 want: ^2.13.1
412 silly placeDep ROOT @astrojs/yaml2ts@0.2.4 OK for: @astrojs/language-server@2.16.16 want: ^0.2.4
413 silly placeDep ROOT @jridgewell/sourcemap-codec@1.6.0 OK for: @astrojs/language-server@2.16.16 want: ^1.5.5
414 silly placeDep ROOT @volar/kit@2.4.28 OK for: @astrojs/language-server@2.16.16 want: ~2.4.28
415 silly placeDep ROOT @volar/language-core@2.4.28 OK for: @astrojs/language-server@2.16.16 want: ~2.4.28
416 silly placeDep ROOT @volar/language-server@2.4.28 OK for: @astrojs/language-server@2.16.16 want: ~2.4.28
417 silly placeDep ROOT @volar/language-service@2.4.28 OK for: @astrojs/language-server@2.16.16 want: ~2.4.28
418 silly placeDep ROOT muggle-string@0.4.1 OK for: @astrojs/language-server@2.16.16 want: ^0.4.1
419 silly placeDep ROOT tinyglobby@0.2.17 OK for: @astrojs/language-server@2.16.16 want: ^0.2.16
420 silly placeDep ROOT volar-service-css@0.0.71 OK for: @astrojs/language-server@2.16.16 want: 0.0.71
421 silly placeDep ROOT volar-service-emmet@0.0.71 OK for: @astrojs/language-server@2.16.16 want: 0.0.71
422 silly placeDep ROOT volar-service-html@0.0.71 OK for: @astrojs/language-server@2.16.16 want: 0.0.71
423 silly placeDep ROOT volar-service-prettier@0.0.71 OK for: @astrojs/language-server@2.16.16 want: 0.0.71
424 silly placeDep ROOT volar-service-typescript@0.0.71 OK for: @astrojs/language-server@2.16.16 want: 0.0.71
425 silly placeDep ROOT volar-service-typescript-twoslash-queries@0.0.71 OK for: @astrojs/language-server@2.16.16 want: 0.0.71
426 silly placeDep ROOT volar-service-yaml@0.0.71 OK for: @astrojs/language-server@2.16.16 want: 0.0.71
427 silly placeDep ROOT vscode-html-languageservice@5.6.2 OK for: @astrojs/language-server@2.16.16 want: ^5.6.2
428 silly placeDep ROOT vscode-uri@3.2.0 OK for: @astrojs/language-server@2.16.16 want: ^3.1.0
429 silly fetch manifest yaml@^2.8.3
430 silly packumentCache full:https://registry.npmjs.org/yaml cache-miss
431 silly fetch manifest @volar/language-service@2.4.28
432 silly packumentCache full:https://registry.npmjs.org/@volar%2flanguage-service cache-hit
433 silly fetch manifest @volar/typescript@2.4.28
434 silly packumentCache full:https://registry.npmjs.org/@volar%2ftypescript cache-miss
435 silly fetch manifest typesafe-path@^0.2.2
436 silly packumentCache full:https://registry.npmjs.org/typesafe-path cache-miss
437 silly fetch manifest vscode-languageserver-textdocument@^1.0.11
438 silly packumentCache full:https://registry.npmjs.org/vscode-languageserver-textdocument cache-miss
439 silly fetch manifest vscode-uri@^3.0.8
440 silly packumentCache full:https://registry.npmjs.org/vscode-uri cache-hit
441 silly fetch manifest @volar/source-map@2.4.28
442 silly packumentCache full:https://registry.npmjs.org/@volar%2fsource-map cache-miss
443 silly fetch manifest @volar/language-service@2.4.28
444 silly packumentCache full:https://registry.npmjs.org/@volar%2flanguage-service cache-hit
445 silly fetch manifest @volar/typescript@2.4.28
446 silly packumentCache full:https://registry.npmjs.org/@volar%2ftypescript cache-miss
447 silly fetch manifest path-browserify@^1.0.1
448 silly packumentCache full:https://registry.npmjs.org/path-browserify cache-miss
449 silly fetch manifest request-light@^0.7.0
450 silly packumentCache full:https://registry.npmjs.org/request-light cache-miss
451 silly fetch manifest vscode-languageserver@^9.0.1
452 silly packumentCache full:https://registry.npmjs.org/vscode-languageserver cache-miss
453 silly fetch manifest vscode-languageserver-protocol@^3.17.5
454 silly packumentCache full:https://registry.npmjs.org/vscode-languageserver-protocol cache-miss
455 silly fetch manifest vscode-languageserver-textdocument@^1.0.11
456 silly packumentCache full:https://registry.npmjs.org/vscode-languageserver-textdocument cache-miss
457 http cache https://registry.npmjs.org/request-light 7ms (cache hit)
458 silly packumentCache full:https://registry.npmjs.org/request-light set size:72869 disposed:false
459 silly fetch manifest vscode-languageserver-protocol@^3.17.5
460 silly packumentCache full:https://registry.npmjs.org/vscode-languageserver-protocol cache-miss
461 http cache https://registry.npmjs.org/typesafe-path 10ms (cache hit)
462 silly packumentCache full:https://registry.npmjs.org/typesafe-path set size:11602 disposed:false
463 silly fetch manifest vscode-languageserver-textdocument@^1.0.11
464 silly packumentCache full:https://registry.npmjs.org/vscode-languageserver-textdocument cache-miss
465 http cache https://registry.npmjs.org/yaml 11ms (cache hit)
466 silly packumentCache full:https://registry.npmjs.org/yaml set size:385754 disposed:false
467 silly fetch manifest fdir@^6.5.0
468 silly packumentCache full:https://registry.npmjs.org/fdir cache-miss
469 http cache https://registry.npmjs.org/path-browserify 13ms (cache hit)
470 silly packumentCache full:https://registry.npmjs.org/path-browserify set size:17399 disposed:false
471 silly fetch manifest picomatch@^4.0.4
472 silly packumentCache full:https://registry.npmjs.org/picomatch cache-hit
473 silly fetch manifest vscode-css-languageservice@^6.3.0
474 silly packumentCache full:https://registry.npmjs.org/vscode-css-languageservice cache-miss
475 http cache https://registry.npmjs.org/@volar%2fsource-map 15ms (cache hit)
476 silly packumentCache full:https://registry.npmjs.org/@volar%2fsource-map set size:790040 disposed:false
477 silly fetch manifest vscode-languageserver-textdocument@^1.0.11
478 silly packumentCache full:https://registry.npmjs.org/vscode-languageserver-textdocument cache-miss
479 http cache https://registry.npmjs.org/vscode-languageserver-protocol 16ms (cache hit)
480 silly packumentCache full:https://registry.npmjs.org/vscode-languageserver-protocol set size:515001 disposed:false
481 silly fetch manifest @emmetio/css-parser@^0.4.1
482 silly packumentCache full:https://registry.npmjs.org/@emmetio%2fcss-parser cache-miss
483 http cache https://registry.npmjs.org/vscode-languageserver 19ms (cache hit)
484 silly packumentCache full:https://registry.npmjs.org/vscode-languageserver set size:733052 disposed:false
485 silly fetch manifest @emmetio/html-matcher@^1.3.0
486 silly packumentCache full:https://registry.npmjs.org/@emmetio%2fhtml-matcher cache-miss
487 http cache https://registry.npmjs.org/vscode-languageserver-textdocument 24ms (cache hit)
488 silly packumentCache full:https://registry.npmjs.org/vscode-languageserver-textdocument set size:73016 disposed:false
489 silly fetch manifest @vscode/emmet-helper@^2.9.3
490 silly packumentCache full:https://registry.npmjs.org/@vscode%2femmet-helper cache-miss
491 http cache https://registry.npmjs.org/vscode-languageserver-textdocument 24ms (cache hit)
492 silly packumentCache full:https://registry.npmjs.org/vscode-languageserver-textdocument set size:73016 disposed:false
493 silly packumentCache full:https://registry.npmjs.org/vscode-languageserver-textdocument dispose
494 silly fetch manifest vscode-html-languageservice@^5.3.0
495 silly packumentCache full:https://registry.npmjs.org/vscode-html-languageservice cache-hit
496 silly fetch manifest semver@^7.6.2
497 silly packumentCache full:https://registry.npmjs.org/semver cache-hit
498 silly fetch manifest typescript-auto-import-cache@^0.3.5
499 silly packumentCache full:https://registry.npmjs.org/typescript-auto-import-cache cache-miss
500 http cache https://registry.npmjs.org/@volar%2ftypescript 27ms (cache hit)
501 silly packumentCache full:https://registry.npmjs.org/@volar%2ftypescript set size:422945 disposed:false
502 silly fetch manifest vscode-nls@^5.2.0
503 silly packumentCache full:https://registry.npmjs.org/vscode-nls cache-miss
504 http cache https://registry.npmjs.org/@volar%2ftypescript 30ms (cache hit)
505 silly packumentCache full:https://registry.npmjs.org/@volar%2ftypescript set size:422945 disposed:false
506 silly packumentCache full:https://registry.npmjs.org/@volar%2ftypescript dispose
507 silly fetch manifest yaml-language-server@~1.23.0
508 silly packumentCache full:https://registry.npmjs.org/yaml-language-server cache-miss
509 http cache https://registry.npmjs.org/vscode-languageserver-textdocument 26ms (cache hit)
510 silly packumentCache full:https://registry.npmjs.org/vscode-languageserver-textdocument set size:73016 disposed:true
511 silly packumentCache full:https://registry.npmjs.org/vscode-languageserver-textdocument dispose
512 silly fetch manifest @vscode/l10n@^0.0.18
513 silly packumentCache full:https://registry.npmjs.org/@vscode%2fl10n cache-miss
514 http cache https://registry.npmjs.org/vscode-languageserver-textdocument 20ms (cache hit)
515 silly packumentCache full:https://registry.npmjs.org/vscode-languageserver-textdocument set size:73016 disposed:true
516 silly packumentCache full:https://registry.npmjs.org/vscode-languageserver-textdocument dispose
517 silly fetch manifest vscode-languageserver-types@^3.17.5
518 silly packumentCache full:https://registry.npmjs.org/vscode-languageserver-types cache-miss
519 http cache https://registry.npmjs.org/vscode-languageserver-protocol 30ms (cache hit)
520 silly packumentCache full:https://registry.npmjs.org/vscode-languageserver-protocol set size:515001 disposed:false
521 silly packumentCache full:https://registry.npmjs.org/vscode-languageserver-protocol dispose
522 silly fetch manifest vscode-languageserver-textdocument@^1.0.12
523 silly packumentCache full:https://registry.npmjs.org/vscode-languageserver-textdocument cache-hit
524 http cache https://registry.npmjs.org/fdir 28ms (cache hit)
525 silly packumentCache full:https://registry.npmjs.org/fdir set size:136182 disposed:false
526 http cache https://registry.npmjs.org/vscode-css-languageservice 28ms (cache hit)
527 silly packumentCache full:https://registry.npmjs.org/vscode-css-languageservice set size:687343 disposed:false
528 http cache https://registry.npmjs.org/@emmetio%2fcss-parser 25ms (cache hit)
529 silly packumentCache full:https://registry.npmjs.org/@emmetio%2fcss-parser set size:10007 disposed:false
530 http cache https://registry.npmjs.org/@emmetio%2fhtml-matcher 22ms (cache hit)
531 silly packumentCache full:https://registry.npmjs.org/@emmetio%2fhtml-matcher set size:40469 disposed:false
532 http cache https://registry.npmjs.org/@vscode%2femmet-helper 22ms (cache hit)
533 silly packumentCache full:https://registry.npmjs.org/@vscode%2femmet-helper set size:53895 disposed:false
534 http cache https://registry.npmjs.org/typescript-auto-import-cache 21ms (cache hit)
535 silly packumentCache full:https://registry.npmjs.org/typescript-auto-import-cache set size:20069 disposed:false
536 http cache https://registry.npmjs.org/vscode-nls 19ms (cache hit)
537 silly packumentCache full:https://registry.npmjs.org/vscode-nls set size:99835 disposed:false
538 http cache https://registry.npmjs.org/yaml-language-server 21ms (cache hit)
539 silly packumentCache full:https://registry.npmjs.org/yaml-language-server set size:2922268 disposed:false
540 http cache https://registry.npmjs.org/@vscode%2fl10n 40ms (cache hit)
541 silly packumentCache full:https://registry.npmjs.org/@vscode%2fl10n set size:58287 disposed:false
542 http cache https://registry.npmjs.org/vscode-languageserver-types 41ms (cache hit)
543 silly packumentCache full:https://registry.npmjs.org/vscode-languageserver-types set size:318170 disposed:false
544 silly placeDep ROOT yaml@2.9.0 OK for: @astrojs/yaml2ts@0.2.4 want: ^2.8.3
545 silly placeDep ROOT @volar/typescript@2.4.28 OK for: @volar/kit@2.4.28 want: 2.4.28
546 silly placeDep ROOT typesafe-path@0.2.2 OK for: @volar/kit@2.4.28 want: ^0.2.2
547 silly placeDep ROOT vscode-languageserver-textdocument@1.0.14 OK for: @volar/kit@2.4.28 want: ^1.0.11
548 silly placeDep ROOT @volar/source-map@2.4.28 OK for: @volar/language-core@2.4.28 want: 2.4.28
549 silly placeDep ROOT path-browserify@1.0.1 OK for: @volar/language-server@2.4.28 want: ^1.0.1
550 silly placeDep ROOT request-light@0.7.0 OK for: @volar/language-server@2.4.28 want: ^0.7.0
551 silly placeDep ROOT vscode-languageserver@9.0.1 OK for: @volar/language-server@2.4.28 want: ^9.0.1
552 silly placeDep ROOT vscode-languageserver-protocol@3.18.3 OK for: @volar/language-server@2.4.28 want: ^3.17.5
553 silly fetch manifest vscode-languageserver-protocol@3.17.5
554 silly packumentCache full:https://registry.npmjs.org/vscode-languageserver-protocol cache-hit
555 silly fetch manifest vscode-jsonrpc@9.0.2
556 silly packumentCache full:https://registry.npmjs.org/vscode-jsonrpc cache-miss
557 silly fetch manifest vscode-languageserver-types@3.18.3
558 silly packumentCache full:https://registry.npmjs.org/vscode-languageserver-types cache-hit
559 http cache https://registry.npmjs.org/vscode-jsonrpc 4ms (cache hit)
560 silly packumentCache full:https://registry.npmjs.org/vscode-jsonrpc set size:400356 disposed:false
561 silly fetch manifest @types/node@^18.0.0 || ^20.0.0 || >=22.0.0
562 silly packumentCache full:https://registry.npmjs.org/@types%2fnode cache-miss
563 http cache https://registry.npmjs.org/@types%2fnode 16ms (cache hit)
564 silly packumentCache full:https://registry.npmjs.org/@types%2fnode set size:11100097 disposed:false
565 silly fetch manifest jiti@>=1.21.0
566 silly packumentCache full:https://registry.npmjs.org/jiti cache-miss
567 http cache https://registry.npmjs.org/jiti 3ms (cache hit)
568 silly packumentCache full:https://registry.npmjs.org/jiti set size:387989 disposed:false
569 silly fetch manifest less@*
570 silly packumentCache full:https://registry.npmjs.org/less cache-miss
571 http cache https://registry.npmjs.org/less 3ms (cache hit)
572 silly packumentCache full:https://registry.npmjs.org/less set size:522100 disposed:false
573 silly fetch manifest lightningcss@^1.21.0
574 silly packumentCache full:https://registry.npmjs.org/lightningcss cache-miss
575 http cache https://registry.npmjs.org/lightningcss 3ms (cache hit)
576 silly packumentCache full:https://registry.npmjs.org/lightningcss set size:191065 disposed:false
577 silly fetch manifest sass@*
578 silly packumentCache full:https://registry.npmjs.org/sass cache-miss
579 http cache https://registry.npmjs.org/sass 3ms (cache hit)
580 silly packumentCache full:https://registry.npmjs.org/sass set size:750020 disposed:false
581 silly fetch manifest sass-embedded@*
582 silly packumentCache full:https://registry.npmjs.org/sass-embedded cache-miss
583 http cache https://registry.npmjs.org/sass-embedded 2ms (cache hit)
584 silly packumentCache full:https://registry.npmjs.org/sass-embedded set size:432743 disposed:false
585 silly fetch manifest stylus@*
586 silly packumentCache full:https://registry.npmjs.org/stylus cache-miss
587 http cache https://registry.npmjs.org/stylus 2ms (cache hit)
588 silly packumentCache full:https://registry.npmjs.org/stylus set size:286766 disposed:false
589 silly fetch manifest sugarss@*
590 silly packumentCache full:https://registry.npmjs.org/sugarss cache-miss
591 http cache https://registry.npmjs.org/sugarss 2ms (cache hit)
592 silly packumentCache full:https://registry.npmjs.org/sugarss set size:44975 disposed:false
593 silly fetch manifest postcss@^8.3.3
594 silly packumentCache full:https://registry.npmjs.org/postcss cache-miss
595 http cache https://registry.npmjs.org/postcss 2ms (cache hit)
596 silly packumentCache full:https://registry.npmjs.org/postcss set size:766699 disposed:false
597 silly fetch manifest terser@^5.16.0
598 silly packumentCache full:https://registry.npmjs.org/terser cache-miss
599 http cache https://registry.npmjs.org/terser 2ms (cache hit)
600 silly packumentCache full:https://registry.npmjs.org/terser set size:827672 disposed:false
601 silly fetch manifest tsx@^4.8.1
602 silly packumentCache full:https://registry.npmjs.org/tsx cache-miss
603 http cache https://registry.npmjs.org/tsx 3ms (cache hit)
604 silly packumentCache full:https://registry.npmjs.org/tsx set size:344351 disposed:false
605 silly fetch manifest yaml@^2.4.2
606 silly packumentCache full:https://registry.npmjs.org/yaml cache-hit
607 silly fetch manifest typescript@^5.0.0
608 silly packumentCache full:https://registry.npmjs.org/typescript cache-miss
609 http cache https://registry.npmjs.org/typescript 21ms (cache hit)
610 silly packumentCache full:https://registry.npmjs.org/typescript set size:15639539 disposed:false
611 silly fetch manifest @azure/app-configuration@^1.8.0
612 silly packumentCache full:https://registry.npmjs.org/@azure%2fapp-configuration cache-miss
613 http cache https://registry.npmjs.org/@azure%2fapp-configuration 7ms (cache hit)
614 silly packumentCache full:https://registry.npmjs.org/@azure%2fapp-configuration set size:4264111 disposed:false
615 silly fetch manifest @azure/cosmos@^4.2.0
616 silly packumentCache full:https://registry.npmjs.org/@azure%2fcosmos cache-miss
617 http cache https://registry.npmjs.org/@azure%2fcosmos 10ms (cache hit)
618 silly packumentCache full:https://registry.npmjs.org/@azure%2fcosmos set size:6950654 disposed:false
619 silly fetch manifest @azure/data-tables@^13.3.0
620 silly packumentCache full:https://registry.npmjs.org/@azure%2fdata-tables cache-miss
621 http cache https://registry.npmjs.org/@azure%2fdata-tables 6ms (cache hit)
622 silly packumentCache full:https://registry.npmjs.org/@azure%2fdata-tables set size:3655328 disposed:false
623 silly fetch manifest @azure/identity@^4.6.0
624 silly packumentCache full:https://registry.npmjs.org/@azure%2fidentity cache-miss
625 http cache https://registry.npmjs.org/@azure%2fidentity 9ms (cache hit)
626 silly packumentCache full:https://registry.npmjs.org/@azure%2fidentity set size:6097700 disposed:false
627 silly fetch manifest @azure/keyvault-secrets@^4.9.0
628 silly packumentCache full:https://registry.npmjs.org/@azure%2fkeyvault-secrets cache-miss
629 http cache https://registry.npmjs.org/@azure%2fkeyvault-secrets 16ms (cache hit)
630 silly packumentCache full:https://registry.npmjs.org/@azure%2fkeyvault-secrets set size:4226133 disposed:false
631 silly fetch manifest @azure/storage-blob@^12.26.0
632 silly packumentCache full:https://registry.npmjs.org/@azure%2fstorage-blob cache-miss
633 http cache https://registry.npmjs.org/@azure%2fstorage-blob 7ms (cache hit)
634 silly packumentCache full:https://registry.npmjs.org/@azure%2fstorage-blob set size:4730988 disposed:false
635 silly fetch manifest @capacitor/preferences@^6 || ^7 || ^8
636 silly packumentCache full:https://registry.npmjs.org/@capacitor%2fpreferences cache-miss
637 http cache https://registry.npmjs.org/@capacitor%2fpreferences 8ms (cache hit)
638 silly packumentCache full:https://registry.npmjs.org/@capacitor%2fpreferences set size:4879871 disposed:false
639 silly fetch manifest @capacitor/core@>=8.0.0
640 silly packumentCache full:https://registry.npmjs.org/@capacitor%2fcore cache-miss
641 http cache https://registry.npmjs.org/@capacitor%2fcore 8ms (cache hit)
642 silly packumentCache full:https://registry.npmjs.org/@capacitor%2fcore set size:4795077 disposed:false
643 silly fetch manifest @deno/kv@>=0.9.0
644 silly packumentCache full:https://registry.npmjs.org/@deno%2fkv cache-miss
645 http cache https://registry.npmjs.org/@deno%2fkv 2ms (cache hit)
646 silly packumentCache full:https://registry.npmjs.org/@deno%2fkv set size:37246 disposed:false
647 silly fetch manifest @netlify/blobs@^6.5.0 || ^7.0.0 || ^8.1.0 || ^9.0.0 || ^10.0.0
648 silly packumentCache full:https://registry.npmjs.org/@netlify%2fblobs cache-miss
649 http cache https://registry.npmjs.org/@netlify%2fblobs 2ms (cache hit)
650 silly packumentCache full:https://registry.npmjs.org/@netlify%2fblobs set size:444020 disposed:false
651 silly fetch manifest @planetscale/database@^1.19.0
652 silly packumentCache full:https://registry.npmjs.org/@planetscale%2fdatabase cache-miss
653 http cache https://registry.npmjs.org/@planetscale%2fdatabase 2ms (cache hit)
654 silly packumentCache full:https://registry.npmjs.org/@planetscale%2fdatabase set size:131439 disposed:false
655 silly fetch manifest @upstash/redis@^1.34.3
656 silly packumentCache full:https://registry.npmjs.org/@upstash%2fredis cache-miss
657 http cache https://registry.npmjs.org/@upstash%2fredis 7ms (cache hit)
658 silly packumentCache full:https://registry.npmjs.org/@upstash%2fredis set size:3944174 disposed:false
659 silly fetch manifest @vercel/blob@>=0.27.1
660 silly packumentCache full:https://registry.npmjs.org/@vercel%2fblob cache-miss
661 http cache https://registry.npmjs.org/@vercel%2fblob 7ms (cache hit)
662 silly packumentCache full:https://registry.npmjs.org/@vercel%2fblob set size:1054009 disposed:false
663 silly fetch manifest @vercel/functions@^2.2.12 || ^3.0.0
664 silly packumentCache full:https://registry.npmjs.org/@vercel%2ffunctions cache-miss
665 http cache https://registry.npmjs.org/@vercel%2ffunctions 2ms (cache hit)
666 silly packumentCache full:https://registry.npmjs.org/@vercel%2ffunctions set size:245457 disposed:false
667 silly fetch manifest @aws-sdk/credential-provider-web-identity@*
668 silly packumentCache full:https://registry.npmjs.org/@aws-sdk%2fcredential-provider-web-identity cache-miss
669 http cache https://registry.npmjs.org/@aws-sdk%2fcredential-provider-web-identity 3ms (cache hit)
670 silly packumentCache full:https://registry.npmjs.org/@aws-sdk%2fcredential-provider-web-identity set size:1058699 disposed:false
671 silly fetch manifest ws@>=8
672 silly packumentCache full:https://registry.npmjs.org/ws cache-miss
673 http cache https://registry.npmjs.org/ws 2ms (cache hit)
674 silly packumentCache full:https://registry.npmjs.org/ws set size:447661 disposed:false
675 silly fetch manifest bufferutil@^4.0.1
676 silly packumentCache full:https://registry.npmjs.org/bufferutil cache-miss
677 http cache https://registry.npmjs.org/bufferutil 2ms (cache hit)
678 silly packumentCache full:https://registry.npmjs.org/bufferutil set size:52668 disposed:false
679 silly fetch manifest utf-8-validate@>=5.0.2
680 silly packumentCache full:https://registry.npmjs.org/utf-8-validate cache-miss
681 http cache https://registry.npmjs.org/utf-8-validate 1ms (cache hit)
682 silly packumentCache full:https://registry.npmjs.org/utf-8-validate set size:77012 disposed:false
683 silly fetch manifest @vercel/kv@^1 || ^2 || ^3
684 silly packumentCache full:https://registry.npmjs.org/@vercel%2fkv cache-miss
685 http cache https://registry.npmjs.org/@vercel%2fkv 1ms (cache hit)
686 silly packumentCache full:https://registry.npmjs.org/@vercel%2fkv set size:112611 disposed:false
687 silly fetch manifest aws4fetch@^1.0.20
688 silly packumentCache full:https://registry.npmjs.org/aws4fetch cache-miss
689 http cache https://registry.npmjs.org/aws4fetch 2ms (cache hit)
690 silly packumentCache full:https://registry.npmjs.org/aws4fetch set size:75112 disposed:false
691 silly fetch manifest db0@>=0.2.1
692 silly packumentCache full:https://registry.npmjs.org/db0 cache-miss
693 http cache https://registry.npmjs.org/db0 1ms (cache hit)
694 silly packumentCache full:https://registry.npmjs.org/db0 set size:77956 disposed:false
695 silly fetch manifest idb-keyval@^6.2.1
696 silly packumentCache full:https://registry.npmjs.org/idb-keyval cache-miss
697 http cache https://registry.npmjs.org/idb-keyval 2ms (cache hit)
698 silly packumentCache full:https://registry.npmjs.org/idb-keyval set size:140904 disposed:false
699 silly fetch manifest ioredis@^5.4.2
700 silly packumentCache full:https://registry.npmjs.org/ioredis cache-miss
701 http cache https://registry.npmjs.org/ioredis 2ms (cache hit)
702 silly packumentCache full:https://registry.npmjs.org/ioredis set size:859203 disposed:false
703 silly fetch manifest uploadthing@^7.4.4
704 silly packumentCache full:https://registry.npmjs.org/uploadthing cache-miss
705 http cache https://registry.npmjs.org/uploadthing 3ms (cache hit)
706 silly packumentCache full:https://registry.npmjs.org/uploadthing set size:1017149 disposed:false
707 silly fetch manifest express@*
708 silly packumentCache full:https://registry.npmjs.org/express cache-miss
709 http cache https://registry.npmjs.org/express 3ms (cache hit)
710 silly packumentCache full:https://registry.npmjs.org/express set size:804975 disposed:false
711 silly fetch manifest h3@*
712 silly packumentCache full:https://registry.npmjs.org/h3 cache-miss
713 http cache https://registry.npmjs.org/h3 2ms (cache hit)
714 silly packumentCache full:https://registry.npmjs.org/h3 set size:487506 disposed:false
715 silly fetch manifest crossws@^0.4.12
716 silly packumentCache full:https://registry.npmjs.org/crossws cache-miss
717 http cache https://registry.npmjs.org/crossws 2ms (cache hit)
718 silly packumentCache full:https://registry.npmjs.org/crossws set size:120040 disposed:false
719 silly fetch manifest srvx@>=0.11.5
720 silly packumentCache full:https://registry.npmjs.org/srvx cache-miss
721 http cache https://registry.npmjs.org/srvx 2ms (cache hit)
722 silly packumentCache full:https://registry.npmjs.org/srvx set size:319691 disposed:false
723 silly fetch manifest ocache@>=0.3.0
724 silly packumentCache full:https://registry.npmjs.org/ocache cache-miss
725 http cache https://registry.npmjs.org/ocache 2ms (cache hit)
726 silly packumentCache full:https://registry.npmjs.org/ocache set size:27860 disposed:false
727 silly fetch manifest tailwindcss@^3.0.0 || ^4.0.0-beta.0
728 silly packumentCache full:https://registry.npmjs.org/tailwindcss cache-miss
729 http cache https://registry.npmjs.org/tailwindcss 14ms (cache hit)
730 silly packumentCache full:https://registry.npmjs.org/tailwindcss set size:10875803 disposed:false
731 silly fetch manifest typescript@^4.9.4 || ^5.0.2
732 silly packumentCache full:https://registry.npmjs.org/typescript cache-miss
733 http cache https://registry.npmjs.org/typescript 20ms (cache hit)
734 silly packumentCache full:https://registry.npmjs.org/typescript set size:15639539 disposed:false
735 silly fetch manifest rollup@^1.20.0||^2.0.0||^3.0.0||^4.0.0
736 silly packumentCache full:https://registry.npmjs.org/rollup cache-miss
737 http cache https://registry.npmjs.org/rollup 9ms (cache hit)
738 silly packumentCache full:https://registry.npmjs.org/rollup set size:6315915 disposed:false
739 silly placeDep ROOT @astrojs/internal-helpers@0.7.6 OK for: astro@5.18.2 want: 0.7.6
740 silly placeDep ROOT @astrojs/markdown-remark@6.3.11 OK for: astro@5.18.2 want: 6.3.11
741 silly placeDep ROOT @astrojs/telemetry@3.3.0 OK for: astro@5.18.2 want: 3.3.0
742 silly placeDep ROOT @capsizecss/unpack@4.0.1 OK for: astro@5.18.2 want: ^4.0.0
743 silly placeDep ROOT @oslojs/encoding@1.1.0 OK for: astro@5.18.2 want: ^1.1.0
744 silly placeDep ROOT @rollup/pluginutils@5.4.0 OK for: astro@5.18.2 want: ^5.3.0
745 silly placeDep ROOT acorn@8.18.0 OK for: astro@5.18.2 want: ^8.15.0
746 silly placeDep ROOT aria-query@5.3.2 OK for: astro@5.18.2 want: ^5.3.2
747 silly placeDep ROOT axobject-query@4.1.0 OK for: astro@5.18.2 want: ^4.1.0
748 silly placeDep ROOT boxen@8.0.1 OK for: astro@5.18.2 want: 8.0.1
749 silly placeDep ROOT ci-info@4.4.0 OK for: astro@5.18.2 want: ^4.3.1
750 silly placeDep ROOT clsx@2.1.1 OK for: astro@5.18.2 want: ^2.1.1
751 silly placeDep ROOT common-ancestor-path@1.0.1 OK for: astro@5.18.2 want: ^1.0.1
752 silly placeDep ROOT cookie@1.1.1 OK for: astro@5.18.2 want: ^1.1.1
753 silly placeDep ROOT cssesc@3.0.0 OK for: astro@5.18.2 want: ^3.0.0
754 silly placeDep ROOT debug@4.4.3 OK for: astro@5.18.2 want: ^4.4.3
755 silly placeDep ROOT deterministic-object-hash@2.0.2 OK for: astro@5.18.2 want: ^2.0.2
756 silly placeDep ROOT devalue@5.9.2 OK for: astro@5.18.2 want: ^5.6.2
757 silly placeDep ROOT diff@8.0.4 OK for: astro@5.18.2 want: ^8.0.3
758 silly placeDep ROOT dlv@1.1.3 OK for: astro@5.18.2 want: ^1.1.3
759 silly placeDep ROOT dset@3.1.4 OK for: astro@5.18.2 want: ^3.1.4
760 silly placeDep ROOT es-module-lexer@1.7.0 OK for: astro@5.18.2 want: ^1.7.0
761 silly placeDep ROOT esbuild@0.27.7 OK for: astro@5.18.2 want: ^0.27.3
762 silly placeDep ROOT estree-walker@3.0.3 OK for: astro@5.18.2 want: ^3.0.3
763 silly placeDep ROOT flattie@1.1.1 OK for: astro@5.18.2 want: ^1.1.1
764 silly placeDep ROOT fontace@0.4.1 OK for: astro@5.18.2 want: ~0.4.0
765 silly placeDep ROOT github-slugger@2.0.0 OK for: astro@5.18.2 want: ^2.0.0
766 silly placeDep ROOT html-escaper@3.0.3 OK for: astro@5.18.2 want: 3.0.3
767 silly placeDep ROOT http-cache-semantics@4.2.0 OK for: astro@5.18.2 want: ^4.2.0
768 silly placeDep ROOT import-meta-resolve@4.2.0 OK for: astro@5.18.2 want: ^4.2.0
769 silly placeDep ROOT js-yaml@4.3.2 OK for: astro@5.18.2 want: ^4.1.1
770 silly placeDep ROOT magic-string@0.30.21 OK for: astro@5.18.2 want: ^0.30.21
771 silly placeDep ROOT magicast@0.5.4 OK for: astro@5.18.2 want: ^0.5.1
772 silly placeDep ROOT mrmime@2.0.1 OK for: astro@5.18.2 want: ^2.0.1
773 silly placeDep ROOT neotraverse@0.6.18 OK for: astro@5.18.2 want: ^0.6.18
774 silly placeDep ROOT p-limit@6.2.0 OK for: astro@5.18.2 want: ^6.2.0
775 silly placeDep ROOT p-queue@8.1.1 OK for: astro@5.18.2 want: ^8.1.1
776 silly placeDep ROOT package-manager-detector@1.8.0 OK for: astro@5.18.2 want: ^1.6.0
777 silly placeDep ROOT piccolore@0.1.3 OK for: astro@5.18.2 want: ^0.1.3
778 silly placeDep ROOT picomatch@4.0.7 OK for: astro@5.18.2 want: ^4.0.3
779 silly placeDep ROOT prompts@2.4.2 OK for: astro@5.18.2 want: ^2.4.2
780 silly placeDep ROOT rehype@13.0.2 OK for: astro@5.18.2 want: ^13.0.2
781 silly placeDep ROOT semver@7.8.5 OK for: astro@5.18.2 want: ^7.7.3
782 silly placeDep ROOT sharp@0.34.5 OK for: astro@5.18.2 want: ^0.34.0
783 silly placeDep ROOT shiki@3.23.0 OK for: astro@5.18.2 want: ^3.21.0
784 silly placeDep ROOT smol-toml@1.8.0 OK for: astro@5.18.2 want: ^1.6.0
785 silly placeDep ROOT svgo@4.1.0 OK for: astro@5.18.2 want: ^4.0.0
786 silly placeDep ROOT tinyexec@1.3.1 OK for: astro@5.18.2 want: ^1.0.2
787 silly placeDep ROOT tsconfck@3.1.6 OK for: astro@5.18.2 want: ^3.1.6
788 silly placeDep ROOT ultrahtml@1.7.0 OK for: astro@5.18.2 want: ^1.6.0
789 silly placeDep ROOT unifont@0.7.5 OK for: astro@5.18.2 want: ~0.7.3
790 silly placeDep ROOT unist-util-visit@5.1.0 OK for: astro@5.18.2 want: ^5.0.0
791 silly placeDep ROOT unstorage@1.17.5 OK for: astro@5.18.2 want: ^1.17.4
792 silly placeDep ROOT vfile@6.0.3 OK for: astro@5.18.2 want: ^6.0.3
793 silly placeDep ROOT vite@6.4.3 OK for: astro@5.18.2 want: ^6.4.1
794 silly placeDep ROOT vitefu@1.1.3 OK for: astro@5.18.2 want: ^1.1.1
795 silly placeDep ROOT xxhash-wasm@1.1.0 OK for: astro@5.18.2 want: ^1.1.0
796 silly placeDep ROOT yargs-parser@21.1.1 OK for: astro@5.18.2 want: ^21.1.1
797 silly placeDep ROOT yocto-spinner@0.2.3 OK for: astro@5.18.2 want: ^0.2.3
798 silly placeDep ROOT zod@3.25.76 OK for: astro@5.18.2 want: ^3.25.76
799 silly placeDep ROOT zod-to-json-schema@3.25.2 OK for: astro@5.18.2 want: ^3.25.1
800 silly placeDep ROOT zod-to-ts@1.2.0 OK for: astro@5.18.2 want: ^1.2.0
801 silly fetch manifest unified@^11.0.5
802 silly packumentCache full:https://registry.npmjs.org/unified cache-miss
803 silly fetch manifest rehype-raw@^7.0.0
804 silly packumentCache full:https://registry.npmjs.org/rehype-raw cache-miss
805 silly fetch manifest remark-gfm@^4.0.1
806 silly packumentCache full:https://registry.npmjs.org/remark-gfm cache-miss
807 silly fetch manifest remark-parse@^11.0.0
808 silly packumentCache full:https://registry.npmjs.org/remark-parse cache-miss
809 silly fetch manifest remark-rehype@^11.1.2
810 silly packumentCache full:https://registry.npmjs.org/remark-rehype cache-miss
811 silly fetch manifest @astrojs/prism@3.3.0
812 silly packumentCache full:https://registry.npmjs.org/@astrojs%2fprism cache-miss
813 silly fetch manifest rehype-stringify@^10.0.1
814 silly packumentCache full:https://registry.npmjs.org/rehype-stringify cache-miss
815 silly fetch manifest hast-util-to-text@^4.0.2
816 silly packumentCache full:https://registry.npmjs.org/hast-util-to-text cache-miss
817 silly fetch manifest remark-smartypants@^3.0.2
818 silly packumentCache full:https://registry.npmjs.org/remark-smartypants cache-miss
819 silly fetch manifest hast-util-from-html@^2.0.3
820 silly packumentCache full:https://registry.npmjs.org/hast-util-from-html cache-miss
821 silly fetch manifest mdast-util-definitions@^6.0.0
822 silly packumentCache full:https://registry.npmjs.org/mdast-util-definitions cache-miss
823 http cache https://registry.npmjs.org/remark-parse 9ms (cache hit)
824 silly packumentCache full:https://registry.npmjs.org/remark-parse set size:109831 disposed:false
825 silly fetch manifest unist-util-visit-parents@^6.0.2
826 silly packumentCache full:https://registry.npmjs.org/unist-util-visit-parents cache-miss
827 http cache https://registry.npmjs.org/unified 10ms (cache hit)
828 silly packumentCache full:https://registry.npmjs.org/unified set size:321787 disposed:false
829 silly fetch manifest unist-util-remove-position@^5.0.0
830 silly packumentCache full:https://registry.npmjs.org/unist-util-remove-position cache-miss
831 http cache https://registry.npmjs.org/rehype-raw 12ms (cache hit)
832 silly packumentCache full:https://registry.npmjs.org/rehype-raw set size:48927 disposed:false
833 silly fetch manifest debug@^4.4.0
834 silly packumentCache full:https://registry.npmjs.org/debug cache-hit
835 silly fetch manifest is-wsl@^3.1.0
836 silly packumentCache full:https://registry.npmjs.org/is-wsl cache-miss
837 http cache https://registry.npmjs.org/@astrojs%2fprism 13ms (cache hit)
838 silly packumentCache full:https://registry.npmjs.org/@astrojs%2fprism set size:112205 disposed:false
839 silly fetch manifest ci-info@^4.2.0
840 silly packumentCache full:https://registry.npmjs.org/ci-info cache-hit
841 silly fetch manifest is-docker@^3.0.0
842 silly packumentCache full:https://registry.npmjs.org/is-docker cache-miss
843 http cache https://registry.npmjs.org/rehype-stringify 14ms (cache hit)
844 silly packumentCache full:https://registry.npmjs.org/rehype-stringify set size:58160 disposed:false
845 silly fetch manifest which-pm-runs@^1.1.0
846 silly packumentCache full:https://registry.npmjs.org/which-pm-runs cache-miss
847 http cache https://registry.npmjs.org/remark-rehype 16ms (cache hit)
848 silly packumentCache full:https://registry.npmjs.org/remark-rehype set size:110976 disposed:false
849 silly fetch manifest fontkitten@^1.0.3
850 silly packumentCache full:https://registry.npmjs.org/fontkitten cache-miss
851 http cache https://registry.npmjs.org/remark-gfm 17ms (cache hit)
852 silly packumentCache full:https://registry.npmjs.org/remark-gfm set size:38012 disposed:false
853 silly fetch manifest @types/estree@^1.0.0
854 silly packumentCache full:https://registry.npmjs.org/@types%2festree cache-miss
855 http cache https://registry.npmjs.org/hast-util-to-text 17ms (cache hit)
856 silly packumentCache full:https://registry.npmjs.org/hast-util-to-text set size:48340 disposed:false
857 silly fetch manifest estree-walker@^2.0.2
858 silly packumentCache full:https://registry.npmjs.org/estree-walker cache-hit
859 silly fetch manifest picomatch@^4.0.2
860 silly packumentCache full:https://registry.npmjs.org/picomatch cache-hit
861 silly fetch manifest ansi-align@^3.0.1
862 silly packumentCache full:https://registry.npmjs.org/ansi-align cache-miss
863 http cache https://registry.npmjs.org/remark-smartypants 18ms (cache hit)
864 silly packumentCache full:https://registry.npmjs.org/remark-smartypants set size:15829 disposed:false
865 silly fetch manifest camelcase@^8.0.0
866 silly packumentCache full:https://registry.npmjs.org/camelcase cache-miss
867 http cache https://registry.npmjs.org/hast-util-from-html 18ms (cache hit)
868 silly packumentCache full:https://registry.npmjs.org/hast-util-from-html set size:57892 disposed:false
869 silly fetch manifest chalk@^5.3.0
870 silly packumentCache full:https://registry.npmjs.org/chalk cache-miss
871 http cache https://registry.npmjs.org/mdast-util-definitions 19ms (cache hit)
872 silly packumentCache full:https://registry.npmjs.org/mdast-util-definitions set size:71090 disposed:false
873 silly fetch manifest cli-boxes@^3.0.0
874 silly packumentCache full:https://registry.npmjs.org/cli-boxes cache-miss
875 http cache https://registry.npmjs.org/unist-util-visit-parents 17ms (cache hit)
876 silly packumentCache full:https://registry.npmjs.org/unist-util-visit-parents set size:103476 disposed:false
877 silly fetch manifest string-width@^7.2.0
878 silly packumentCache full:https://registry.npmjs.org/string-width cache-hit
879 silly fetch manifest type-fest@^4.21.0
880 silly packumentCache full:https://registry.npmjs.org/type-fest cache-miss
881 http cache https://registry.npmjs.org/fontkitten 11ms (cache hit)
882 silly packumentCache full:https://registry.npmjs.org/fontkitten set size:43549 disposed:false
883 silly fetch manifest widest-line@^5.0.0
884 silly packumentCache full:https://registry.npmjs.org/widest-line cache-miss
885 http cache https://registry.npmjs.org/unist-util-remove-position 17ms (cache hit)
886 silly packumentCache full:https://registry.npmjs.org/unist-util-remove-position set size:52307 disposed:false
887 silly fetch manifest wrap-ansi@^9.0.0
888 silly packumentCache full:https://registry.npmjs.org/wrap-ansi cache-miss
889 http cache https://registry.npmjs.org/is-wsl 17ms (cache hit)
890 silly packumentCache full:https://registry.npmjs.org/is-wsl set size:20683 disposed:false
891 silly fetch manifest ms@^2.1.3
892 silly packumentCache full:https://registry.npmjs.org/ms cache-miss
893 http cache https://registry.npmjs.org/which-pm-runs 16ms (cache hit)
894 silly packumentCache full:https://registry.npmjs.org/which-pm-runs set size:6553 disposed:false
895 silly fetch manifest base-64@^1.0.0
896 silly packumentCache full:https://registry.npmjs.org/base-64 cache-miss
897 http cache https://registry.npmjs.org/@types%2festree 15ms (cache hit)
898 silly packumentCache full:https://registry.npmjs.org/@types%2festree set size:76072 disposed:false
899 silly fetch manifest @esbuild/aix-ppc64@0.27.7
900 silly packumentCache full:https://registry.npmjs.org/@esbuild%2faix-ppc64 cache-miss
901 http cache https://registry.npmjs.org/is-docker 18ms (cache hit)
902 silly packumentCache full:https://registry.npmjs.org/is-docker set size:23690 disposed:false
903 silly fetch manifest @esbuild/linux-arm@0.27.7
904 silly packumentCache full:https://registry.npmjs.org/@esbuild%2flinux-arm cache-miss
905 http cache https://registry.npmjs.org/chalk 13ms (cache hit)
906 silly packumentCache full:https://registry.npmjs.org/chalk set size:134775 disposed:false
907 silly fetch manifest @esbuild/linux-x64@0.27.7
908 silly packumentCache full:https://registry.npmjs.org/@esbuild%2flinux-x64 cache-miss
909 http cache https://registry.npmjs.org/ansi-align 16ms (cache hit)
910 silly packumentCache full:https://registry.npmjs.org/ansi-align set size:13890 disposed:false
911 silly fetch manifest @esbuild/sunos-x64@0.27.7
912 silly packumentCache full:https://registry.npmjs.org/@esbuild%2fsunos-x64 cache-miss
913 http cache https://registry.npmjs.org/camelcase 17ms (cache hit)
914 silly packumentCache full:https://registry.npmjs.org/camelcase set size:60255 disposed:false
915 silly fetch manifest @esbuild/win32-x64@0.27.7
916 silly packumentCache full:https://registry.npmjs.org/@esbuild%2fwin32-x64 cache-miss
917 http cache https://registry.npmjs.org/cli-boxes 16ms (cache hit)
918 silly packumentCache full:https://registry.npmjs.org/cli-boxes set size:19853 disposed:false
919 silly fetch manifest @esbuild/darwin-x64@0.27.7
920 silly packumentCache full:https://registry.npmjs.org/@esbuild%2fdarwin-x64 cache-miss
921 http cache https://registry.npmjs.org/type-fest 15ms (cache hit)
922 silly packumentCache full:https://registry.npmjs.org/type-fest set size:568986 disposed:false
923 silly fetch manifest @esbuild/linux-ia32@0.27.7
924 silly packumentCache full:https://registry.npmjs.org/@esbuild%2flinux-ia32 cache-miss
925 http cache https://registry.npmjs.org/widest-line 18ms (cache hit)
926 silly packumentCache full:https://registry.npmjs.org/widest-line set size:23158 disposed:false
927 silly fetch manifest @esbuild/netbsd-x64@0.27.7
928 silly packumentCache full:https://registry.npmjs.org/@esbuild%2fnetbsd-x64 cache-miss
929 http cache https://registry.npmjs.org/base-64 16ms (cache hit)
930 silly packumentCache full:https://registry.npmjs.org/base-64 set size:9298 disposed:false
931 silly fetch manifest @esbuild/win32-ia32@0.27.7
932 silly packumentCache full:https://registry.npmjs.org/@esbuild%2fwin32-ia32 cache-miss
933 http cache https://registry.npmjs.org/ms 18ms (cache hit)
934 silly packumentCache full:https://registry.npmjs.org/ms set size:92208 disposed:false
935 silly fetch manifest @esbuild/android-arm@0.27.7
936 silly packumentCache full:https://registry.npmjs.org/@esbuild%2fandroid-arm cache-miss
937 http cache https://registry.npmjs.org/wrap-ansi 20ms (cache hit)
938 silly packumentCache full:https://registry.npmjs.org/wrap-ansi set size:57461 disposed:false
939 silly fetch manifest @esbuild/android-x64@0.27.7
940 silly packumentCache full:https://registry.npmjs.org/@esbuild%2fandroid-x64 cache-miss
941 http cache https://registry.npmjs.org/@esbuild%2faix-ppc64 17ms (cache hit)
942 silly packumentCache full:https://registry.npmjs.org/@esbuild%2faix-ppc64 set size:67797 disposed:false
943 silly fetch manifest @esbuild/freebsd-x64@0.27.7
944 silly packumentCache full:https://registry.npmjs.org/@esbuild%2ffreebsd-x64 cache-miss
945 http cache https://registry.npmjs.org/@esbuild%2flinux-x64 16ms (cache hit)
946 silly packumentCache full:https://registry.npmjs.org/@esbuild%2flinux-x64 set size:198942 disposed:false
947 silly fetch manifest @esbuild/linux-arm64@0.27.7
948 silly packumentCache full:https://registry.npmjs.org/@esbuild%2flinux-arm64 cache-miss
949 http cache https://registry.npmjs.org/@esbuild%2flinux-arm 20ms (cache hit)
950 silly packumentCache full:https://registry.npmjs.org/@esbuild%2flinux-arm set size:198596 disposed:false
951 silly fetch manifest @esbuild/linux-ppc64@0.27.7
952 silly packumentCache full:https://registry.npmjs.org/@esbuild%2flinux-ppc64 cache-miss
953 http cache https://registry.npmjs.org/@esbuild%2fwin32-x64 17ms (cache hit)
954 silly packumentCache full:https://registry.npmjs.org/@esbuild%2fwin32-x64 set size:197540 disposed:false
955 silly fetch manifest @esbuild/linux-s390x@0.27.7
956 silly packumentCache full:https://registry.npmjs.org/@esbuild%2flinux-s390x cache-miss
957 http cache https://registry.npmjs.org/@esbuild%2fsunos-x64 22ms (cache hit)
958 silly packumentCache full:https://registry.npmjs.org/@esbuild%2fsunos-x64 set size:199187 disposed:false
959 silly fetch manifest @esbuild/openbsd-x64@0.27.7
960 silly packumentCache full:https://registry.npmjs.org/@esbuild%2fopenbsd-x64 cache-miss
961 http cache https://registry.npmjs.org/@esbuild%2fdarwin-x64 22ms (cache hit)
962 silly packumentCache full:https://registry.npmjs.org/@esbuild%2fdarwin-x64 set size:199670 disposed:false
963 silly fetch manifest @esbuild/win32-arm64@0.27.7
964 silly packumentCache full:https://registry.npmjs.org/@esbuild%2fwin32-arm64 cache-miss
965 http cache https://registry.npmjs.org/@esbuild%2flinux-ia32 19ms (cache hit)
966 silly packumentCache full:https://registry.npmjs.org/@esbuild%2flinux-ia32 set size:199625 disposed:false
967 silly fetch manifest @esbuild/darwin-arm64@0.27.7
968 silly packumentCache full:https://registry.npmjs.org/@esbuild%2fdarwin-arm64 cache-miss
969 http cache https://registry.npmjs.org/@esbuild%2ffreebsd-x64 16ms (cache hit)
970 silly packumentCache full:https://registry.npmjs.org/@esbuild%2ffreebsd-x64 set size:200565 disposed:false
971 silly fetch manifest @esbuild/netbsd-arm64@0.27.7
972 silly packumentCache full:https://registry.npmjs.org/@esbuild%2fnetbsd-arm64 cache-miss
973 http cache https://registry.npmjs.org/@esbuild%2fnetbsd-x64 20ms (cache hit)
974 silly packumentCache full:https://registry.npmjs.org/@esbuild%2fnetbsd-x64 set size:197314 disposed:false
975 silly fetch manifest @esbuild/android-arm64@0.27.7
976 silly packumentCache full:https://registry.npmjs.org/@esbuild%2fandroid-arm64 cache-miss
977 http cache https://registry.npmjs.org/@esbuild%2flinux-arm64 18ms (cache hit)
978 silly packumentCache full:https://registry.npmjs.org/@esbuild%2flinux-arm64 set size:200773 disposed:false
979 silly fetch manifest @esbuild/freebsd-arm64@0.27.7
980 silly packumentCache full:https://registry.npmjs.org/@esbuild%2ffreebsd-arm64 cache-miss
981 http cache https://registry.npmjs.org/@esbuild%2fwin32-ia32 23ms (cache hit)
982 silly packumentCache full:https://registry.npmjs.org/@esbuild%2fwin32-ia32 set size:199854 disposed:false
983 silly fetch manifest @esbuild/linux-loong64@0.27.7
984 silly packumentCache full:https://registry.npmjs.org/@esbuild%2flinux-loong64 cache-miss
985 http cache https://registry.npmjs.org/@esbuild%2fandroid-arm 23ms (cache hit)
986 silly packumentCache full:https://registry.npmjs.org/@esbuild%2fandroid-arm set size:225217 disposed:false
987 silly fetch manifest @esbuild/linux-riscv64@0.27.7
988 silly packumentCache full:https://registry.npmjs.org/@esbuild%2flinux-riscv64 cache-miss
989 http cache https://registry.npmjs.org/@esbuild%2flinux-ppc64 19ms (cache hit)
990 silly packumentCache full:https://registry.npmjs.org/@esbuild%2flinux-ppc64 set size:202845 disposed:false
991 silly fetch manifest @esbuild/openbsd-arm64@0.27.7
992 silly packumentCache full:https://registry.npmjs.org/@esbuild%2fopenbsd-arm64 cache-miss
993 http cache https://registry.npmjs.org/@esbuild%2flinux-s390x 20ms (cache hit)
994 silly packumentCache full:https://registry.npmjs.org/@esbuild%2flinux-s390x set size:202310 disposed:false
995 silly fetch manifest @esbuild/linux-mips64el@0.27.7
996 silly packumentCache full:https://registry.npmjs.org/@esbuild%2flinux-mips64el cache-miss
997 http cache https://registry.npmjs.org/@esbuild%2fwin32-arm64 16ms (cache hit)
998 silly packumentCache full:https://registry.npmjs.org/@esbuild%2fwin32-arm64 set size:201005 disposed:false
999 silly fetch manifest @esbuild/openharmony-arm64@0.27.7
1000 silly packumentCache full:https://registry.npmjs.org/@esbuild%2fopenharmony-arm64 cache-miss
1001 http cache https://registry.npmjs.org/@esbuild%2fopenbsd-x64 18ms (cache hit)
1002 silly packumentCache full:https://registry.npmjs.org/@esbuild%2fopenbsd-x64 set size:200576 disposed:false
1003 silly fetch manifest fontkitten@^1.0.2
1004 silly packumentCache full:https://registry.npmjs.org/fontkitten cache-hit
1005 silly fetch manifest argparse@^2.0.1
1006 silly packumentCache full:https://registry.npmjs.org/argparse cache-miss
1007 http cache https://registry.npmjs.org/@esbuild%2fandroid-x64 28ms (cache hit)
1008 silly packumentCache full:https://registry.npmjs.org/@esbuild%2fandroid-x64 set size:199017 disposed:false
1009 silly fetch manifest @babel/types@^7.29.7
1010 silly packumentCache full:https://registry.npmjs.org/@babel%2ftypes cache-miss
1011 http cache https://registry.npmjs.org/@esbuild%2fnetbsd-arm64 16ms (cache hit)
1012 silly packumentCache full:https://registry.npmjs.org/@esbuild%2fnetbsd-arm64 set size:44308 disposed:false
1013 silly fetch manifest @babel/parser@^7.29.7
1014 silly packumentCache full:https://registry.npmjs.org/@babel%2fparser cache-miss
1015 http cache https://registry.npmjs.org/@esbuild%2fdarwin-arm64 19ms (cache hit)
1016 silly packumentCache full:https://registry.npmjs.org/@esbuild%2fdarwin-arm64 set size:201471 disposed:false
1017 silly fetch manifest source-map-js@^1.2.1
1018 silly packumentCache full:https://registry.npmjs.org/source-map-js cache-miss
1019 http cache https://registry.npmjs.org/@esbuild%2flinux-loong64 14ms (cache hit)
1020 silly packumentCache full:https://registry.npmjs.org/@esbuild%2flinux-loong64 set size:255749 disposed:false
1021 silly fetch manifest yocto-queue@^1.1.1
1022 silly packumentCache full:https://registry.npmjs.org/yocto-queue cache-miss
1023 http cache https://registry.npmjs.org/@esbuild%2ffreebsd-arm64 17ms (cache hit)
1024 silly packumentCache full:https://registry.npmjs.org/@esbuild%2ffreebsd-arm64 set size:202383 disposed:false
1025 silly fetch manifest p-timeout@^6.1.2
1026 silly packumentCache full:https://registry.npmjs.org/p-timeout cache-miss
1027 http cache https://registry.npmjs.org/@esbuild%2fandroid-arm64 20ms (cache hit)
1028 silly packumentCache full:https://registry.npmjs.org/@esbuild%2fandroid-arm64 set size:204216 disposed:false
1029 silly fetch manifest eventemitter3@^5.0.1
1030 silly packumentCache full:https://registry.npmjs.org/eventemitter3 cache-miss
1031 http cache https://registry.npmjs.org/@esbuild%2flinux-riscv64 17ms (cache hit)
1032 silly packumentCache full:https://registry.npmjs.org/@esbuild%2flinux-riscv64 set size:202512 disposed:false
1033 silly fetch manifest kleur@^3.0.3
1034 silly packumentCache full:https://registry.npmjs.org/kleur cache-hit
1035 silly fetch manifest sisteransi@^1.0.5
1036 silly packumentCache full:https://registry.npmjs.org/sisteransi cache-miss
1037 http cache https://registry.npmjs.org/@esbuild%2fopenbsd-arm64 17ms (cache hit)
1038 silly packumentCache full:https://registry.npmjs.org/@esbuild%2fopenbsd-arm64 set size:49642 disposed:false
1039 silly fetch manifest @types/hast@^3.0.0
1040 silly packumentCache full:https://registry.npmjs.org/@types%2fhast cache-miss
1041 http cache https://registry.npmjs.org/@esbuild%2flinux-mips64el 17ms (cache hit)
1042 silly packumentCache full:https://registry.npmjs.org/@esbuild%2flinux-mips64el set size:204633 disposed:false
1043 silly fetch manifest rehype-parse@^9.0.0
1044 silly packumentCache full:https://registry.npmjs.org/rehype-parse cache-miss
1045 http cache https://registry.npmjs.org/@esbuild%2fopenharmony-arm64 16ms (cache hit)
1046 silly packumentCache full:https://registry.npmjs.org/@esbuild%2fopenharmony-arm64 set size:33054 disposed:false
1047 silly fetch manifest rehype-stringify@^10.0.0
1048 silly packumentCache full:https://registry.npmjs.org/rehype-stringify cache-hit
1049 silly fetch manifest unified@^11.0.0
1050 silly packumentCache full:https://registry.npmjs.org/unified cache-hit
1051 silly fetch manifest @img/colour@^1.0.0
1052 silly packumentCache full:https://registry.npmjs.org/@img%2fcolour cache-miss
1053 http cache https://registry.npmjs.org/@babel%2ftypes 16ms (cache hit)
1054 silly packumentCache full:https://registry.npmjs.org/@babel%2ftypes set size:502938 disposed:false
1055 silly fetch manifest detect-libc@^2.1.2
1056 silly packumentCache full:https://registry.npmjs.org/detect-libc cache-miss
1057 http cache https://registry.npmjs.org/argparse 19ms (cache hit)
1058 silly packumentCache full:https://registry.npmjs.org/argparse set size:53174 disposed:false
1059 silly fetch manifest @img/sharp-wasm32@0.34.5
1060 silly packumentCache full:https://registry.npmjs.org/@img%2fsharp-wasm32 cache-miss
1061 http cache https://registry.npmjs.org/p-timeout 14ms (cache hit)
1062 silly packumentCache full:https://registry.npmjs.org/p-timeout set size:60739 disposed:false
1063 silly fetch manifest @img/sharp-linux-arm@0.34.5
1064 silly packumentCache full:https://registry.npmjs.org/@img%2fsharp-linux-arm cache-miss
1065 http cache https://registry.npmjs.org/yocto-queue 18ms (cache hit)
1066 silly packumentCache full:https://registry.npmjs.org/yocto-queue set size:20256 disposed:false
1067 silly fetch manifest @img/sharp-linux-x64@0.34.5
1068 silly packumentCache full:https://registry.npmjs.org/@img%2fsharp-linux-x64 cache-miss
1069 http cache https://registry.npmjs.org/@babel%2fparser 22ms (cache hit)
1070 silly packumentCache full:https://registry.npmjs.org/@babel%2fparser set size:737961 disposed:false
1071 silly fetch manifest @img/sharp-win32-x64@0.34.5
1072 silly packumentCache full:https://registry.npmjs.org/@img%2fsharp-win32-x64 cache-miss
1073 http cache https://registry.npmjs.org/eventemitter3 20ms (cache hit)
1074 silly packumentCache full:https://registry.npmjs.org/eventemitter3 set size:92292 disposed:false
1075 silly fetch manifest @img/sharp-darwin-x64@0.34.5
1076 silly packumentCache full:https://registry.npmjs.org/@img%2fsharp-darwin-x64 cache-miss
1077 http cache https://registry.npmjs.org/rehype-parse 18ms (cache hit)
1078 silly packumentCache full:https://registry.npmjs.org/rehype-parse set size:67533 disposed:false
1079 silly fetch manifest @img/sharp-win32-ia32@0.34.5
1080 silly packumentCache full:https://registry.npmjs.org/@img%2fsharp-win32-ia32 cache-miss
1081 http cache https://registry.npmjs.org/source-map-js 26ms (cache hit)
1082 silly packumentCache full:https://registry.npmjs.org/source-map-js set size:62640 disposed:false
1083 silly fetch manifest @img/sharp-linux-arm64@0.34.5
1084 silly packumentCache full:https://registry.npmjs.org/@img%2fsharp-linux-arm64 cache-miss
1085 http cache https://registry.npmjs.org/sisteransi 21ms (cache hit)
1086 silly packumentCache full:https://registry.npmjs.org/sisteransi set size:25723 disposed:false
1087 silly fetch manifest @img/sharp-linux-ppc64@0.34.5
1088 silly packumentCache full:https://registry.npmjs.org/@img%2fsharp-linux-ppc64 cache-miss
1089 http cache https://registry.npmjs.org/@img%2fcolour 19ms (cache hit)
1090 silly packumentCache full:https://registry.npmjs.org/@img%2fcolour set size:9701 disposed:false
1091 silly fetch manifest @img/sharp-linux-s390x@0.34.5
1092 silly packumentCache full:https://registry.npmjs.org/@img%2fsharp-linux-s390x cache-miss
1093 http cache https://registry.npmjs.org/detect-libc 17ms (cache hit)
1094 silly packumentCache full:https://registry.npmjs.org/detect-libc set size:47861 disposed:false
1095 silly fetch manifest @img/sharp-win32-arm64@0.34.5
1096 silly packumentCache full:https://registry.npmjs.org/@img%2fsharp-win32-arm64 cache-miss
1097 http cache https://registry.npmjs.org/@types%2fhast 22ms (cache hit)
1098 silly packumentCache full:https://registry.npmjs.org/@types%2fhast set size:35254 disposed:false
1099 silly fetch manifest @img/sharp-darwin-arm64@0.34.5
1100 silly packumentCache full:https://registry.npmjs.org/@img%2fsharp-darwin-arm64 cache-miss
1101 http cache https://registry.npmjs.org/@img%2fsharp-wasm32 17ms (cache hit)
1102 silly packumentCache full:https://registry.npmjs.org/@img%2fsharp-wasm32 set size:103630 disposed:false
1103 silly fetch manifest @img/sharp-linux-riscv64@0.34.5
1104 silly packumentCache full:https://registry.npmjs.org/@img%2fsharp-linux-riscv64 cache-miss
1105 http cache https://registry.npmjs.org/@img%2fsharp-linux-arm 18ms (cache hit)
1106 silly packumentCache full:https://registry.npmjs.org/@img%2fsharp-linux-arm set size:107173 disposed:false
1107 silly fetch manifest @img/sharp-linuxmusl-x64@0.34.5
1108 silly packumentCache full:https://registry.npmjs.org/@img%2fsharp-linuxmusl-x64 cache-miss
1109 http cache https://registry.npmjs.org/@img%2fsharp-win32-x64 14ms (cache hit)
1110 silly packumentCache full:https://registry.npmjs.org/@img%2fsharp-win32-x64 set size:107829 disposed:false
1111 silly fetch manifest @img/sharp-linuxmusl-arm64@0.34.5
1112 silly packumentCache full:https://registry.npmjs.org/@img%2fsharp-linuxmusl-arm64 cache-miss
1113 http cache https://registry.npmjs.org/@img%2fsharp-linux-x64 20ms (cache hit)
1114 silly packumentCache full:https://registry.npmjs.org/@img%2fsharp-linux-x64 set size:106660 disposed:false
1115 silly fetch manifest @img/sharp-libvips-linux-arm@1.2.4
1116 silly packumentCache full:https://registry.npmjs.org/@img%2fsharp-libvips-linux-arm cache-miss
1117 http cache https://registry.npmjs.org/@img%2fsharp-win32-arm64 12ms (cache hit)
1118 silly packumentCache full:https://registry.npmjs.org/@img%2fsharp-win32-arm64 set size:67825 disposed:false
1119 silly fetch manifest @img/sharp-libvips-linux-x64@1.2.4
1120 silly packumentCache full:https://registry.npmjs.org/@img%2fsharp-libvips-linux-x64 cache-miss
1121 http cache https://registry.npmjs.org/@img%2fsharp-darwin-x64 16ms (cache hit)
1122 silly packumentCache full:https://registry.npmjs.org/@img%2fsharp-darwin-x64 set size:108820 disposed:false
1123 silly fetch manifest @img/sharp-libvips-darwin-x64@1.2.4
1124 silly packumentCache full:https://registry.npmjs.org/@img%2fsharp-libvips-darwin-x64 cache-miss
1125 http cache https://registry.npmjs.org/@img%2fsharp-linux-arm64 16ms (cache hit)
1126 silly packumentCache full:https://registry.npmjs.org/@img%2fsharp-linux-arm64 set size:108045 disposed:false
1127 silly fetch manifest @img/sharp-libvips-linux-arm64@1.2.4
1128 silly packumentCache full:https://registry.npmjs.org/@img%2fsharp-libvips-linux-arm64 cache-miss
1129 http cache https://registry.npmjs.org/@img%2fsharp-linux-ppc64 16ms (cache hit)
1130 silly packumentCache full:https://registry.npmjs.org/@img%2fsharp-linux-ppc64 set size:72651 disposed:false
1131 silly fetch manifest @img/sharp-libvips-linux-ppc64@1.2.4
1132 silly packumentCache full:https://registry.npmjs.org/@img%2fsharp-libvips-linux-ppc64 cache-miss
1133 http cache https://registry.npmjs.org/@img%2fsharp-win32-ia32 18ms (cache hit)
1134 silly packumentCache full:https://registry.npmjs.org/@img%2fsharp-win32-ia32 set size:108835 disposed:false
1135 silly fetch manifest @img/sharp-libvips-linux-s390x@1.2.4
1136 silly packumentCache full:https://registry.npmjs.org/@img%2fsharp-libvips-linux-s390x cache-miss
1137 http cache https://registry.npmjs.org/@img%2fsharp-linux-s390x 16ms (cache hit)
1138 silly packumentCache full:https://registry.npmjs.org/@img%2fsharp-linux-s390x set size:105911 disposed:false
1139 silly fetch manifest @img/sharp-libvips-darwin-arm64@1.2.4
1140 silly packumentCache full:https://registry.npmjs.org/@img%2fsharp-libvips-darwin-arm64 cache-miss
1141 http cache https://registry.npmjs.org/@img%2fsharp-linux-riscv64 15ms (cache hit)
1142 silly packumentCache full:https://registry.npmjs.org/@img%2fsharp-linux-riscv64 set size:50215 disposed:false
1143 silly fetch manifest @img/sharp-libvips-linux-riscv64@1.2.4
1144 silly packumentCache full:https://registry.npmjs.org/@img%2fsharp-libvips-linux-riscv64 cache-miss
1145 http cache https://registry.npmjs.org/@img%2fsharp-darwin-arm64 17ms (cache hit)
1146 silly packumentCache full:https://registry.npmjs.org/@img%2fsharp-darwin-arm64 set size:110251 disposed:false
1147 silly fetch manifest @img/sharp-libvips-linuxmusl-x64@1.2.4
1148 silly packumentCache full:https://registry.npmjs.org/@img%2fsharp-libvips-linuxmusl-x64 cache-miss
1149 http cache https://registry.npmjs.org/@img%2fsharp-linuxmusl-x64 16ms (cache hit)
1150 silly packumentCache full:https://registry.npmjs.org/@img%2fsharp-linuxmusl-x64 set size:108319 disposed:false
1151 silly fetch manifest @img/sharp-libvips-linuxmusl-arm64@1.2.4
1152 silly packumentCache full:https://registry.npmjs.org/@img%2fsharp-libvips-linuxmusl-arm64 cache-miss
1153 http cache https://registry.npmjs.org/@img%2fsharp-linuxmusl-arm64 15ms (cache hit)
1154 silly packumentCache full:https://registry.npmjs.org/@img%2fsharp-linuxmusl-arm64 set size:109709 disposed:false
1155 silly fetch manifest @types/hast@^3.0.4
1156 silly packumentCache full:https://registry.npmjs.org/@types%2fhast cache-hit
1157 silly fetch manifest @shikijs/core@3.23.0
1158 silly packumentCache full:https://registry.npmjs.org/@shikijs%2fcore cache-miss
1159 http cache https://registry.npmjs.org/@img%2fsharp-libvips-linux-arm 16ms (cache hit)
1160 silly packumentCache full:https://registry.npmjs.org/@img%2fsharp-libvips-linux-arm set size:95067 disposed:false
1161 silly fetch manifest @shikijs/langs@3.23.0
1162 silly packumentCache full:https://registry.npmjs.org/@shikijs%2flangs cache-miss
1163 http cache https://registry.npmjs.org/@img%2fsharp-libvips-darwin-x64 15ms (cache hit)
1164 silly packumentCache full:https://registry.npmjs.org/@img%2fsharp-libvips-darwin-x64 set size:87586 disposed:false
1165 silly fetch manifest @shikijs/types@3.23.0
1166 silly packumentCache full:https://registry.npmjs.org/@shikijs%2ftypes cache-miss
1167 http cache https://registry.npmjs.org/@img%2fsharp-libvips-linux-x64 17ms (cache hit)
1168 silly packumentCache full:https://registry.npmjs.org/@img%2fsharp-libvips-linux-x64 set size:90900 disposed:false
1169 silly fetch manifest @shikijs/themes@3.23.0
1170 silly packumentCache full:https://registry.npmjs.org/@shikijs%2fthemes cache-miss
1171 http cache https://registry.npmjs.org/@img%2fsharp-libvips-linux-arm64 16ms (cache hit)
1172 silly packumentCache full:https://registry.npmjs.org/@img%2fsharp-libvips-linux-arm64 set size:92171 disposed:false
1173 silly fetch manifest @shikijs/vscode-textmate@^10.0.2
1174 silly packumentCache full:https://registry.npmjs.org/@shikijs%2fvscode-textmate cache-miss
1175 http cache https://registry.npmjs.org/@img%2fsharp-libvips-darwin-arm64 15ms (cache hit)
1176 silly packumentCache full:https://registry.npmjs.org/@img%2fsharp-libvips-darwin-arm64 set size:88531 disposed:false
1177 silly fetch manifest @shikijs/engine-oniguruma@3.23.0
1178 silly packumentCache full:https://registry.npmjs.org/@shikijs%2fengine-oniguruma cache-miss
1179 http cache https://registry.npmjs.org/@img%2fsharp-libvips-linux-s390x 16ms (cache hit)
1180 silly packumentCache full:https://registry.npmjs.org/@img%2fsharp-libvips-linux-s390x set size:86174 disposed:false
1181 silly fetch manifest @shikijs/engine-javascript@3.23.0
1182 silly packumentCache full:https://registry.npmjs.org/@shikijs%2fengine-javascript cache-miss
1183 http cache https://registry.npmjs.org/@img%2fsharp-libvips-linux-riscv64 15ms (cache hit)
1184 silly packumentCache full:https://registry.npmjs.org/@img%2fsharp-libvips-linux-riscv64 set size:63460 disposed:false
1185 silly fetch manifest sax@1.6.1
1186 silly packumentCache full:https://registry.npmjs.org/sax cache-miss
1187 http cache https://registry.npmjs.org/@img%2fsharp-libvips-linux-ppc64 19ms (cache hit)
1188 silly packumentCache full:https://registry.npmjs.org/@img%2fsharp-libvips-linux-ppc64 set size:77213 disposed:false
1189 silly fetch manifest csso@^5.0.5
1190 silly packumentCache full:https://registry.npmjs.org/csso cache-miss
1191 http cache https://registry.npmjs.org/@img%2fsharp-libvips-linuxmusl-x64 15ms (cache hit)
1192 silly packumentCache full:https://registry.npmjs.org/@img%2fsharp-libvips-linuxmusl-x64 set size:88274 disposed:false
1193 silly fetch manifest css-tree@^3.0.1
1194 silly packumentCache full:https://registry.npmjs.org/css-tree cache-miss
1195 http cache https://registry.npmjs.org/@shikijs%2fcore 14ms (cache hit)
1196 silly packumentCache full:https://registry.npmjs.org/@shikijs%2fcore set size:364638 disposed:false
1197 silly fetch manifest css-what@^7.0.0
1198 silly packumentCache full:https://registry.npmjs.org/css-what cache-miss
1199 http cache https://registry.npmjs.org/@img%2fsharp-libvips-linuxmusl-arm64 18ms (cache hit)
1200 silly packumentCache full:https://registry.npmjs.org/@img%2fsharp-libvips-linuxmusl-arm64 set size:91390 disposed:false
1201 silly fetch manifest commander@^11.1.0
1202 silly packumentCache full:https://registry.npmjs.org/commander cache-miss
1203 http cache https://registry.npmjs.org/@shikijs%2flangs 17ms (cache hit)
1204 silly packumentCache full:https://registry.npmjs.org/@shikijs%2flangs set size:854506 disposed:false
1205 silly fetch manifest css-select@^6.0.0
1206 silly packumentCache full:https://registry.npmjs.org/css-select cache-miss
1207 http cache https://registry.npmjs.org/@shikijs%2ftypes 20ms (cache hit)
1208 silly packumentCache full:https://registry.npmjs.org/@shikijs%2ftypes set size:193623 disposed:false
1209 silly fetch manifest picocolors@^1.1.1
1210 silly packumentCache full:https://registry.npmjs.org/picocolors cache-miss
1211 http cache https://registry.npmjs.org/@shikijs%2fvscode-textmate 20ms (cache hit)
1212 silly packumentCache full:https://registry.npmjs.org/@shikijs%2fvscode-textmate set size:25645 disposed:false
1213 silly fetch manifest ohash@^2.0.11
1214 silly packumentCache full:https://registry.npmjs.org/ohash cache-miss
1215 http cache https://registry.npmjs.org/@shikijs%2fthemes 22ms (cache hit)
1216 silly packumentCache full:https://registry.npmjs.org/@shikijs%2fthemes set size:339923 disposed:false
1217 silly fetch manifest undici@^8.0.0
1218 silly packumentCache full:https://registry.npmjs.org/undici cache-miss
1219 http cache https://registry.npmjs.org/@shikijs%2fengine-oniguruma 22ms (cache hit)
1220 silly packumentCache full:https://registry.npmjs.org/@shikijs%2fengine-oniguruma set size:222210 disposed:false
1221 silly fetch manifest css-tree@^3.1.0
1222 silly packumentCache full:https://registry.npmjs.org/css-tree cache-miss
1223 http cache https://registry.npmjs.org/@shikijs%2fengine-javascript 22ms (cache hit)
1224 silly packumentCache full:https://registry.npmjs.org/@shikijs%2fengine-javascript set size:213032 disposed:false
1225 silly fetch manifest @types/unist@^3.0.0
1226 silly packumentCache full:https://registry.npmjs.org/@types%2funist cache-miss
1227 http cache https://registry.npmjs.org/sax 22ms (cache hit)
1228 silly packumentCache full:https://registry.npmjs.org/sax set size:92982 disposed:false
1229 silly fetch manifest unist-util-is@^6.0.0
1230 silly packumentCache full:https://registry.npmjs.org/unist-util-is cache-miss
1231 http cache https://registry.npmjs.org/csso 24ms (cache hit)
1232 silly packumentCache full:https://registry.npmjs.org/csso set size:202215 disposed:false
1233 silly fetch manifest unist-util-visit-parents@^6.0.0
1234 silly packumentCache full:https://registry.npmjs.org/unist-util-visit-parents cache-hit
1235 silly fetch manifest h3@^1.15.10
1236 silly packumentCache full:https://registry.npmjs.org/h3 cache-hit
1237 silly fetch manifest ufo@^1.6.3
1238 silly packumentCache full:https://registry.npmjs.org/ufo cache-miss
1239 http cache https://registry.npmjs.org/css-tree 25ms (cache hit)
1240 silly packumentCache full:https://registry.npmjs.org/css-tree set size:229638 disposed:false
1241 silly fetch manifest destr@^2.0.5
1242 silly packumentCache full:https://registry.npmjs.org/destr cache-miss
1243 http cache https://registry.npmjs.org/css-select 17ms (cache hit)
1244 silly packumentCache full:https://registry.npmjs.org/css-select set size:111202 disposed:false
1245 silly fetch manifest ofetch@^1.5.1
1246 silly packumentCache full:https://registry.npmjs.org/ofetch cache-miss
1247 http cache https://registry.npmjs.org/css-what 25ms (cache hit)
1248 silly packumentCache full:https://registry.npmjs.org/css-what set size:81721 disposed:false
1249 silly fetch manifest anymatch@^3.1.3
1250 silly packumentCache full:https://registry.npmjs.org/anymatch cache-miss
1251 http cache https://registry.npmjs.org/ohash 19ms (cache hit)
1252 silly packumentCache full:https://registry.npmjs.org/ohash set size:71846 disposed:false
1253 silly fetch manifest chokidar@^5.0.0
1254 silly packumentCache full:https://registry.npmjs.org/chokidar cache-hit
1255 silly fetch manifest lru-cache@^11.2.7
1256 silly packumentCache full:https://registry.npmjs.org/lru-cache cache-miss
1257 http cache https://registry.npmjs.org/commander 27ms (cache hit)
1258 silly packumentCache full:https://registry.npmjs.org/commander set size:353104 disposed:false
1259 silly fetch manifest node-fetch-native@^1.6.7
1260 silly packumentCache full:https://registry.npmjs.org/node-fetch-native cache-miss
1261 http cache https://registry.npmjs.org/picocolors 24ms (cache hit)
1262 silly packumentCache full:https://registry.npmjs.org/picocolors set size:16648 disposed:false
1263 silly fetch manifest @types/unist@^3.0.0
1264 silly packumentCache full:https://registry.npmjs.org/@types%2funist cache-miss
1265 http cache https://registry.npmjs.org/unist-util-is 26ms (cache hit)
1266 silly packumentCache full:https://registry.npmjs.org/unist-util-is set size:79350 disposed:false
1267 silly fetch manifest vfile-message@^4.0.0
1268 silly packumentCache full:https://registry.npmjs.org/vfile-message cache-miss
1269 http cache https://registry.npmjs.org/@types%2funist 29ms (cache hit)
1270 silly packumentCache full:https://registry.npmjs.org/@types%2funist set size:39215 disposed:false
1271 silly fetch manifest fdir@^6.4.4
1272 silly packumentCache full:https://registry.npmjs.org/fdir cache-hit
1273 silly fetch manifest rollup@^4.34.9
1274 silly packumentCache full:https://registry.npmjs.org/rollup cache-miss
1275 http cache https://registry.npmjs.org/css-tree 31ms (cache hit)
1276 silly packumentCache full:https://registry.npmjs.org/css-tree set size:229638 disposed:false
1277 silly packumentCache full:https://registry.npmjs.org/css-tree dispose
1278 silly fetch manifest esbuild@^0.25.0
1279 silly packumentCache full:https://registry.npmjs.org/esbuild cache-miss
1280 http cache https://registry.npmjs.org/destr 26ms (cache hit)
1281 silly packumentCache full:https://registry.npmjs.org/destr set size:65344 disposed:false
1282 silly fetch manifest postcss@^8.5.3
1283 silly packumentCache full:https://registry.npmjs.org/postcss cache-hit
1284 silly fetch manifest fsevents@~2.3.3
1285 silly packumentCache full:https://registry.npmjs.org/fsevents cache-miss
1286 http cache https://registry.npmjs.org/ufo 29ms (cache hit)
1287 silly packumentCache full:https://registry.npmjs.org/ufo set size:169119 disposed:false
1288 silly fetch manifest yoctocolors@^2.1.1
1289 silly packumentCache full:https://registry.npmjs.org/yoctocolors cache-miss
1290 http cache https://registry.npmjs.org/undici 38ms (cache hit)
1291 silly packumentCache full:https://registry.npmjs.org/undici set size:1524672 disposed:false
1292 http cache https://registry.npmjs.org/node-fetch-native 27ms (cache hit)
1293 silly packumentCache full:https://registry.npmjs.org/node-fetch-native set size:114626 disposed:false
1294 http cache https://registry.npmjs.org/anymatch 33ms (cache hit)
1295 silly packumentCache full:https://registry.npmjs.org/anymatch set size:42974 disposed:false
1296 http cache https://registry.npmjs.org/ofetch 35ms (cache hit)
1297 silly packumentCache full:https://registry.npmjs.org/ofetch set size:75280 disposed:false
1298 http cache https://registry.npmjs.org/lru-cache 33ms (cache hit)
1299 silly packumentCache full:https://registry.npmjs.org/lru-cache set size:460407 disposed:false
1300 http cache https://registry.npmjs.org/rollup 27ms (cache hit)
1301 silly packumentCache full:https://registry.npmjs.org/rollup set size:6315915 disposed:false
1302 http cache https://registry.npmjs.org/@types%2funist 55ms (cache hit)
1303 silly packumentCache full:https://registry.npmjs.org/@types%2funist set size:39215 disposed:false
1304 silly packumentCache full:https://registry.npmjs.org/@types%2funist dispose
1305 http cache https://registry.npmjs.org/vfile-message 46ms (cache hit)
1306 silly packumentCache full:https://registry.npmjs.org/vfile-message set size:81663 disposed:false
1307 http cache https://registry.npmjs.org/yoctocolors 42ms (cache hit)
1308 silly packumentCache full:https://registry.npmjs.org/yoctocolors set size:29077 disposed:false
1309 http cache https://registry.npmjs.org/esbuild 48ms (cache hit)
1310 silly packumentCache full:https://registry.npmjs.org/esbuild set size:1264676 disposed:false
1311 http cache https://registry.npmjs.org/fsevents 53ms (cache hit)
1312 silly packumentCache full:https://registry.npmjs.org/fsevents set size:182472 disposed:false
1313 silly placeDep ROOT @astrojs/prism@3.3.0 OK for: @astrojs/markdown-remark@6.3.11 want: 3.3.0
1314 silly placeDep ROOT hast-util-from-html@2.0.3 OK for: @astrojs/markdown-remark@6.3.11 want: ^2.0.3
1315 silly placeDep ROOT hast-util-to-text@4.0.2 OK for: @astrojs/markdown-remark@6.3.11 want: ^4.0.2
1316 silly placeDep ROOT mdast-util-definitions@6.0.0 OK for: @astrojs/markdown-remark@6.3.11 want: ^6.0.0
1317 silly placeDep ROOT rehype-raw@7.0.0 OK for: @astrojs/markdown-remark@6.3.11 want: ^7.0.0
1318 silly placeDep ROOT rehype-stringify@10.0.1 OK for: @astrojs/markdown-remark@6.3.11 want: ^10.0.1
1319 silly placeDep ROOT remark-gfm@4.0.1 OK for: @astrojs/markdown-remark@6.3.11 want: ^4.0.1
1320 silly placeDep ROOT remark-parse@11.0.0 OK for: @astrojs/markdown-remark@6.3.11 want: ^11.0.0
1321 silly placeDep ROOT remark-rehype@11.1.2 OK for: @astrojs/markdown-remark@6.3.11 want: ^11.1.2
1322 silly placeDep ROOT remark-smartypants@3.0.3 OK for: @astrojs/markdown-remark@6.3.11 want: ^3.0.2
1323 silly placeDep ROOT unified@11.0.5 OK for: @astrojs/markdown-remark@6.3.11 want: ^11.0.5
1324 silly placeDep ROOT unist-util-remove-position@5.0.0 OK for: @astrojs/markdown-remark@6.3.11 want: ^5.0.0
1325 silly placeDep ROOT unist-util-visit-parents@6.0.2 OK for: @astrojs/markdown-remark@6.3.11 want: ^6.0.2
1326 silly fetch manifest prismjs@^1.30.0
1327 silly packumentCache full:https://registry.npmjs.org/prismjs cache-miss
1328 silly fetch manifest devlop@^1.1.0
1329 silly packumentCache full:https://registry.npmjs.org/devlop cache-miss
1330 silly fetch manifest hast-util-from-parse5@^8.0.0
1331 silly packumentCache full:https://registry.npmjs.org/hast-util-from-parse5 cache-miss
1332 silly fetch manifest parse5@^7.0.0
1333 silly packumentCache full:https://registry.npmjs.org/parse5 cache-miss
1334 silly fetch manifest hast-util-is-element@^3.0.0
1335 silly packumentCache full:https://registry.npmjs.org/hast-util-is-element cache-miss
1336 silly fetch manifest unist-util-find-after@^5.0.0
1337 silly packumentCache full:https://registry.npmjs.org/unist-util-find-after cache-miss
1338 silly fetch manifest @types/mdast@^4.0.0
1339 silly packumentCache full:https://registry.npmjs.org/@types%2fmdast cache-miss
1340 silly fetch manifest hast-util-raw@^9.0.0
1341 silly packumentCache full:https://registry.npmjs.org/hast-util-raw cache-miss
1342 silly fetch manifest hast-util-to-html@^9.0.0
1343 silly packumentCache full:https://registry.npmjs.org/hast-util-to-html cache-miss
1344 silly fetch manifest @types/mdast@^4.0.0
1345 silly packumentCache full:https://registry.npmjs.org/@types%2fmdast cache-miss
1346 silly fetch manifest mdast-util-gfm@^3.0.0
1347 silly packumentCache full:https://registry.npmjs.org/mdast-util-gfm cache-miss
1348 http cache https://registry.npmjs.org/prismjs 23ms (cache hit)
1349 silly packumentCache full:https://registry.npmjs.org/prismjs set size:114071 disposed:false
1350 silly fetch manifest micromark-extension-gfm@^3.0.0
1351 silly packumentCache full:https://registry.npmjs.org/micromark-extension-gfm cache-miss
1352 http cache https://registry.npmjs.org/devlop 26ms (cache hit)
1353 silly packumentCache full:https://registry.npmjs.org/devlop set size:16868 disposed:false
1354 silly fetch manifest remark-stringify@^11.0.0
1355 silly packumentCache full:https://registry.npmjs.org/remark-stringify cache-miss
1356 http cache https://registry.npmjs.org/parse5 26ms (cache hit)
1357 silly packumentCache full:https://registry.npmjs.org/parse5 set size:123116 disposed:false
1358 silly fetch manifest @types/mdast@^4.0.0
1359 silly packumentCache full:https://registry.npmjs.org/@types%2fmdast cache-miss
1360 http cache https://registry.npmjs.org/hast-util-from-parse5 28ms (cache hit)
1361 silly packumentCache full:https://registry.npmjs.org/hast-util-from-parse5 set size:90289 disposed:false
1362 silly fetch manifest mdast-util-from-markdown@^2.0.0
1363 silly packumentCache full:https://registry.npmjs.org/mdast-util-from-markdown cache-miss
1364 http cache https://registry.npmjs.org/@types%2fmdast 29ms (cache hit)
1365 silly packumentCache full:https://registry.npmjs.org/@types%2fmdast set size:47479 disposed:false
1366 silly fetch manifest micromark-util-types@^2.0.0
1367 silly packumentCache full:https://registry.npmjs.org/micromark-util-types cache-miss
1368 http cache https://registry.npmjs.org/hast-util-is-element 30ms (cache hit)
1369 silly packumentCache full:https://registry.npmjs.org/hast-util-is-element set size:56853 disposed:false
1370 silly fetch manifest mdast-util-to-hast@^13.0.0
1371 silly packumentCache full:https://registry.npmjs.org/mdast-util-to-hast cache-miss
1372 http cache https://registry.npmjs.org/hast-util-raw 30ms (cache hit)
1373 silly packumentCache full:https://registry.npmjs.org/hast-util-raw set size:112975 disposed:false
1374 silly fetch manifest retext@^9.0.0
1375 silly packumentCache full:https://registry.npmjs.org/retext cache-miss
1376 http cache https://registry.npmjs.org/hast-util-to-html 31ms (cache hit)
1377 silly packumentCache full:https://registry.npmjs.org/hast-util-to-html set size:123778 disposed:false
1378 silly fetch manifest retext-smartypants@^6.0.0
1379 silly packumentCache full:https://registry.npmjs.org/retext-smartypants cache-miss
1380 http cache https://registry.npmjs.org/mdast-util-gfm 31ms (cache hit)
1381 silly packumentCache full:https://registry.npmjs.org/mdast-util-gfm set size:50589 disposed:false
1382 silly fetch manifest unified@^11.0.4
1383 silly packumentCache full:https://registry.npmjs.org/unified cache-hit
1384 silly fetch manifest bail@^2.0.0
1385 silly packumentCache full:https://registry.npmjs.org/bail cache-miss
1386 http cache https://registry.npmjs.org/@types%2fmdast 32ms (cache hit)
1387 silly packumentCache full:https://registry.npmjs.org/@types%2fmdast set size:47479 disposed:false
1388 silly packumentCache full:https://registry.npmjs.org/@types%2fmdast dispose
1389 silly fetch manifest devlop@^1.0.0
1390 silly packumentCache full:https://registry.npmjs.org/devlop cache-hit
1391 silly fetch manifest extend@^3.0.0
1392 silly packumentCache full:https://registry.npmjs.org/extend cache-miss
1393 http cache https://registry.npmjs.org/unist-util-find-after 35ms (cache hit)
1394 silly packumentCache full:https://registry.npmjs.org/unist-util-find-after set size:41809 disposed:false
1395 silly fetch manifest is-plain-obj@^4.0.0
1396 silly packumentCache full:https://registry.npmjs.org/is-plain-obj cache-miss
1397 http cache https://registry.npmjs.org/micromark-extension-gfm 18ms (cache hit)
1398 silly packumentCache full:https://registry.npmjs.org/micromark-extension-gfm set size:59806 disposed:false
1399 silly fetch manifest trough@^2.0.0
1400 silly packumentCache full:https://registry.npmjs.org/trough cache-miss
1401 http cache https://registry.npmjs.org/@types%2fmdast 15ms (cache hit)
1402 silly packumentCache full:https://registry.npmjs.org/@types%2fmdast set size:47479 disposed:true
1403 silly packumentCache full:https://registry.npmjs.org/@types%2fmdast dispose
1404 http cache https://registry.npmjs.org/remark-stringify 18ms (cache hit)
1405 silly packumentCache full:https://registry.npmjs.org/remark-stringify set size:118222 disposed:false
1406 http cache https://registry.npmjs.org/mdast-util-from-markdown 16ms (cache hit)
1407 silly packumentCache full:https://registry.npmjs.org/mdast-util-from-markdown set size:149296 disposed:false
1408 http cache https://registry.npmjs.org/micromark-util-types 16ms (cache hit)
1409 silly packumentCache full:https://registry.npmjs.org/micromark-util-types set size:32498 disposed:false
1410 http cache https://registry.npmjs.org/retext 14ms (cache hit)
1411 silly packumentCache full:https://registry.npmjs.org/retext set size:129244 disposed:false
1412 http cache https://registry.npmjs.org/mdast-util-to-hast 16ms (cache hit)
1413 silly packumentCache full:https://registry.npmjs.org/mdast-util-to-hast set size:257722 disposed:false
1414 http cache https://registry.npmjs.org/bail 15ms (cache hit)
1415 silly packumentCache full:https://registry.npmjs.org/bail set size:30511 disposed:false
1416 http cache https://registry.npmjs.org/retext-smartypants 16ms (cache hit)
1417 silly packumentCache full:https://registry.npmjs.org/retext-smartypants set size:84409 disposed:false
1418 http cache https://registry.npmjs.org/extend 15ms (cache hit)
1419 silly packumentCache full:https://registry.npmjs.org/extend set size:25974 disposed:false
1420 http cache https://registry.npmjs.org/is-plain-obj 15ms (cache hit)
1421 silly packumentCache full:https://registry.npmjs.org/is-plain-obj set size:17899 disposed:false
1422 http cache https://registry.npmjs.org/trough 9ms (cache hit)
1423 silly packumentCache full:https://registry.npmjs.org/trough set size:46749 disposed:false
1424 silly placeDep ROOT prismjs@1.30.0 OK for: @astrojs/prism@3.3.0 want: ^1.30.0
1425 silly placeDep ROOT is-docker@3.0.0 OK for: @astrojs/telemetry@3.3.0 want: ^3.0.0
1426 silly placeDep ROOT is-wsl@3.1.1 OK for: @astrojs/telemetry@3.3.0 want: ^3.1.0
1427 silly placeDep ROOT which-pm-runs@1.1.0 OK for: @astrojs/telemetry@3.3.0 want: ^1.1.0
1428 silly fetch manifest is-inside-container@^1.0.0
1429 silly packumentCache full:https://registry.npmjs.org/is-inside-container cache-miss
1430 http cache https://registry.npmjs.org/is-inside-container 2ms (cache hit)
1431 silly packumentCache full:https://registry.npmjs.org/is-inside-container set size:4403 disposed:false
1432 silly placeDep ROOT fontkitten@1.0.3 OK for: @capsizecss/unpack@4.0.1 want: ^1.0.3
1433 silly fetch manifest tiny-inflate@^1.0.3
1434 silly packumentCache full:https://registry.npmjs.org/tiny-inflate cache-miss
1435 http cache https://registry.npmjs.org/tiny-inflate 1ms (cache hit)
1436 silly packumentCache full:https://registry.npmjs.org/tiny-inflate set size:8031 disposed:false
1437 silly placeDep ROOT @types/estree@1.0.9 OK for: @rollup/pluginutils@5.4.0 want: ^1.0.0
1438 silly placeDep node_modules/@rollup/pluginutils estree-walker@2.0.2 OK for: @rollup/pluginutils@5.4.0 want: ^2.0.2
1439 silly placeDep ROOT ansi-align@3.0.1 OK for: boxen@8.0.1 want: ^3.0.1
1440 silly placeDep ROOT camelcase@8.0.0 OK for: boxen@8.0.1 want: ^8.0.0
1441 silly placeDep ROOT chalk@5.6.2 OK for: boxen@8.0.1 want: ^5.3.0
1442 silly placeDep ROOT cli-boxes@3.0.0 OK for: boxen@8.0.1 want: ^3.0.0
1443 silly placeDep ROOT string-width@7.2.0 OK for: boxen@8.0.1 want: ^7.2.0
1444 silly placeDep ROOT type-fest@4.41.0 OK for: boxen@8.0.1 want: ^4.21.0
1445 silly placeDep ROOT widest-line@5.0.0 OK for: boxen@8.0.1 want: ^5.0.0
1446 silly placeDep ROOT wrap-ansi@9.0.2 OK for: boxen@8.0.1 want: ^9.0.0
1447 silly fetch manifest string-width@^4.1.0
1448 silly packumentCache full:https://registry.npmjs.org/string-width cache-hit
1449 silly fetch manifest strip-ansi@^7.1.0
1450 silly packumentCache full:https://registry.npmjs.org/strip-ansi cache-miss
1451 silly fetch manifest emoji-regex@^10.3.0
1452 silly packumentCache full:https://registry.npmjs.org/emoji-regex cache-miss
1453 silly fetch manifest get-east-asian-width@^1.0.0
1454 silly packumentCache full:https://registry.npmjs.org/get-east-asian-width cache-miss
1455 silly fetch manifest strip-ansi@^7.1.0
1456 silly packumentCache full:https://registry.npmjs.org/strip-ansi cache-miss
1457 silly fetch manifest ansi-styles@^6.2.1
1458 silly packumentCache full:https://registry.npmjs.org/ansi-styles cache-miss
1459 http cache https://registry.npmjs.org/get-east-asian-width 4ms (cache hit)
1460 silly packumentCache full:https://registry.npmjs.org/get-east-asian-width set size:20538 disposed:false
1461 http cache https://registry.npmjs.org/strip-ansi 5ms (cache hit)
1462 silly packumentCache full:https://registry.npmjs.org/strip-ansi set size:44998 disposed:false
1463 http cache https://registry.npmjs.org/strip-ansi 5ms (cache hit)
1464 silly packumentCache full:https://registry.npmjs.org/strip-ansi set size:44998 disposed:false
1465 silly packumentCache full:https://registry.npmjs.org/strip-ansi dispose
1466 http cache https://registry.npmjs.org/ansi-styles 6ms (cache hit)
1467 silly packumentCache full:https://registry.npmjs.org/ansi-styles set size:71772 disposed:false
1468 http cache https://registry.npmjs.org/emoji-regex 6ms (cache hit)
1469 silly packumentCache full:https://registry.npmjs.org/emoji-regex set size:89064 disposed:false
1470 silly placeDep node_modules/ansi-align string-width@4.2.3 OK for: ansi-align@3.0.1 want: ^4.1.0
1471 silly fetch manifest strip-ansi@^6.0.1
1472 silly packumentCache full:https://registry.npmjs.org/strip-ansi cache-hit
1473 silly fetch manifest emoji-regex@^8.0.0
1474 silly packumentCache full:https://registry.npmjs.org/emoji-regex cache-hit
1475 silly fetch manifest is-fullwidth-code-point@^3.0.0
1476 silly packumentCache full:https://registry.npmjs.org/is-fullwidth-code-point cache-miss
1477 http cache https://registry.npmjs.org/is-fullwidth-code-point 3ms (cache hit)
1478 silly packumentCache full:https://registry.npmjs.org/is-fullwidth-code-point set size:14578 disposed:false
1479 silly placeDep ROOT readdirp@4.1.2 OK for: chokidar@4.0.3 want: ^4.0.1
1480 silly placeDep ROOT ms@2.1.3 OK for: debug@4.4.3 want: ^2.1.3
1481 silly placeDep ROOT base-64@1.0.0 OK for: deterministic-object-hash@2.0.2 want: ^1.0.0
1482 silly placeDep ROOT @esbuild/aix-ppc64@0.27.7 OK for: esbuild@0.27.7 want: 0.27.7
1483 silly placeDep ROOT @esbuild/android-arm@0.27.7 OK for: esbuild@0.27.7 want: 0.27.7
1484 silly placeDep ROOT @esbuild/android-arm64@0.27.7 OK for: esbuild@0.27.7 want: 0.27.7
1485 silly placeDep ROOT @esbuild/android-x64@0.27.7 OK for: esbuild@0.27.7 want: 0.27.7
1486 silly placeDep ROOT @esbuild/darwin-arm64@0.27.7 OK for: esbuild@0.27.7 want: 0.27.7
1487 silly placeDep ROOT @esbuild/darwin-x64@0.27.7 OK for: esbuild@0.27.7 want: 0.27.7
1488 silly placeDep ROOT @esbuild/freebsd-arm64@0.27.7 OK for: esbuild@0.27.7 want: 0.27.7
1489 silly placeDep ROOT @esbuild/freebsd-x64@0.27.7 OK for: esbuild@0.27.7 want: 0.27.7
1490 silly placeDep ROOT @esbuild/linux-arm@0.27.7 OK for: esbuild@0.27.7 want: 0.27.7
1491 silly placeDep ROOT @esbuild/linux-arm64@0.27.7 OK for: esbuild@0.27.7 want: 0.27.7
1492 silly placeDep ROOT @esbuild/linux-ia32@0.27.7 OK for: esbuild@0.27.7 want: 0.27.7
1493 silly placeDep ROOT @esbuild/linux-loong64@0.27.7 OK for: esbuild@0.27.7 want: 0.27.7
1494 silly placeDep ROOT @esbuild/linux-mips64el@0.27.7 OK for: esbuild@0.27.7 want: 0.27.7
1495 silly placeDep ROOT @esbuild/linux-ppc64@0.27.7 OK for: esbuild@0.27.7 want: 0.27.7
1496 silly placeDep ROOT @esbuild/linux-riscv64@0.27.7 OK for: esbuild@0.27.7 want: 0.27.7
1497 silly placeDep ROOT @esbuild/linux-s390x@0.27.7 OK for: esbuild@0.27.7 want: 0.27.7
1498 silly placeDep ROOT @esbuild/linux-x64@0.27.7 OK for: esbuild@0.27.7 want: 0.27.7
1499 silly placeDep ROOT @esbuild/netbsd-arm64@0.27.7 OK for: esbuild@0.27.7 want: 0.27.7
1500 silly placeDep ROOT @esbuild/netbsd-x64@0.27.7 OK for: esbuild@0.27.7 want: 0.27.7
1501 silly placeDep ROOT @esbuild/openbsd-arm64@0.27.7 OK for: esbuild@0.27.7 want: 0.27.7
1502 silly placeDep ROOT @esbuild/openbsd-x64@0.27.7 OK for: esbuild@0.27.7 want: 0.27.7
1503 silly placeDep ROOT @esbuild/openharmony-arm64@0.27.7 OK for: esbuild@0.27.7 want: 0.27.7
1504 silly placeDep ROOT @esbuild/sunos-x64@0.27.7 OK for: esbuild@0.27.7 want: 0.27.7
1505 silly placeDep ROOT @esbuild/win32-arm64@0.27.7 OK for: esbuild@0.27.7 want: 0.27.7
1506 silly placeDep ROOT @esbuild/win32-ia32@0.27.7 OK for: esbuild@0.27.7 want: 0.27.7
1507 silly placeDep ROOT @esbuild/win32-x64@0.27.7 OK for: esbuild@0.27.7 want: 0.27.7
1508 silly placeDep ROOT tiny-inflate@1.0.3 OK for: fontkitten@1.0.3 want: ^1.0.3
1509 silly placeDep ROOT @types/hast@3.0.5 OK for: hast-util-from-html@2.0.3 want: ^3.0.0
1510 silly placeDep ROOT devlop@1.1.0 OK for: hast-util-from-html@2.0.3 want: ^1.1.0
1511 silly placeDep ROOT hast-util-from-parse5@8.0.3 OK for: hast-util-from-html@2.0.3 want: ^8.0.0
1512 silly placeDep ROOT parse5@7.3.0 OK for: hast-util-from-html@2.0.3 want: ^7.0.0
1513 silly placeDep ROOT vfile-message@4.0.3 OK for: hast-util-from-html@2.0.3 want: ^4.0.0
1514 silly fetch manifest @types/unist@*
1515 silly packumentCache full:https://registry.npmjs.org/@types%2funist cache-hit
1516 silly fetch manifest dequal@^2.0.0
1517 silly packumentCache full:https://registry.npmjs.org/dequal cache-miss
1518 silly fetch manifest hastscript@^9.0.0
1519 silly packumentCache full:https://registry.npmjs.org/hastscript cache-miss
1520 silly fetch manifest property-information@^7.0.0
1521 silly packumentCache full:https://registry.npmjs.org/property-information cache-miss
1522 silly fetch manifest vfile-location@^5.0.0
1523 silly packumentCache full:https://registry.npmjs.org/vfile-location cache-miss
1524 silly fetch manifest web-namespaces@^2.0.0
1525 silly packumentCache full:https://registry.npmjs.org/web-namespaces cache-miss
1526 silly fetch manifest entities@^6.0.0
1527 silly packumentCache full:https://registry.npmjs.org/entities cache-miss
1528 silly fetch manifest unist-util-stringify-position@^4.0.0
1529 silly packumentCache full:https://registry.npmjs.org/unist-util-stringify-position cache-miss
1530 http cache https://registry.npmjs.org/property-information 5ms (cache hit)
1531 silly packumentCache full:https://registry.npmjs.org/property-information set size:188512 disposed:false
1532 http cache https://registry.npmjs.org/hastscript 7ms (cache hit)
1533 silly packumentCache full:https://registry.npmjs.org/hastscript set size:89704 disposed:false
1534 http cache https://registry.npmjs.org/unist-util-stringify-position 9ms (cache hit)
1535 silly packumentCache full:https://registry.npmjs.org/unist-util-stringify-position set size:52357 disposed:false
1536 http cache https://registry.npmjs.org/dequal 10ms (cache hit)
1537 silly packumentCache full:https://registry.npmjs.org/dequal set size:24037 disposed:false
1538 http cache https://registry.npmjs.org/entities 10ms (cache hit)
1539 silly packumentCache full:https://registry.npmjs.org/entities set size:101550 disposed:false
1540 http cache https://registry.npmjs.org/web-namespaces 11ms (cache hit)
1541 silly packumentCache full:https://registry.npmjs.org/web-namespaces set size:29686 disposed:false
1542 http cache https://registry.npmjs.org/vfile-location 12ms (cache hit)
1543 silly packumentCache full:https://registry.npmjs.org/vfile-location set size:65379 disposed:false
1544 silly placeDep ROOT @types/unist@3.0.3 OK for: @types/hast@3.0.5 want: *
1545 silly placeDep ROOT dequal@2.0.3 OK for: devlop@1.1.0 want: ^2.0.0
1546 silly placeDep ROOT hastscript@9.0.1 OK for: hast-util-from-parse5@8.0.3 want: ^9.0.0
1547 silly placeDep ROOT property-information@7.2.0 OK for: hast-util-from-parse5@8.0.3 want: ^7.0.0
1548 silly placeDep ROOT vfile-location@5.0.3 OK for: hast-util-from-parse5@8.0.3 want: ^5.0.0
1549 silly placeDep ROOT web-namespaces@2.0.1 OK for: hast-util-from-parse5@8.0.3 want: ^2.0.0
1550 silly fetch manifest comma-separated-tokens@^2.0.0
1551 silly packumentCache full:https://registry.npmjs.org/comma-separated-tokens cache-miss
1552 silly fetch manifest hast-util-parse-selector@^4.0.0
1553 silly packumentCache full:https://registry.npmjs.org/hast-util-parse-selector cache-miss
1554 silly fetch manifest space-separated-tokens@^2.0.0
1555 silly packumentCache full:https://registry.npmjs.org/space-separated-tokens cache-miss
1556 http cache https://registry.npmjs.org/hast-util-parse-selector 2ms (cache hit)
1557 silly packumentCache full:https://registry.npmjs.org/hast-util-parse-selector set size:53712 disposed:false
1558 http cache https://registry.npmjs.org/comma-separated-tokens 3ms (cache hit)
1559 silly packumentCache full:https://registry.npmjs.org/comma-separated-tokens set size:45877 disposed:false
1560 http cache https://registry.npmjs.org/space-separated-tokens 3ms (cache hit)
1561 silly packumentCache full:https://registry.npmjs.org/space-separated-tokens set size:36967 disposed:false
1562 silly placeDep ROOT hast-util-is-element@3.0.0 OK for: hast-util-to-text@4.0.2 want: ^3.0.0
1563 silly placeDep ROOT unist-util-find-after@5.0.0 OK for: hast-util-to-text@4.0.2 want: ^5.0.0
1564 silly placeDep ROOT comma-separated-tokens@2.0.3 OK for: hastscript@9.0.1 want: ^2.0.0
1565 silly placeDep ROOT hast-util-parse-selector@4.0.0 OK for: hastscript@9.0.1 want: ^4.0.0
1566 silly placeDep ROOT space-separated-tokens@2.0.2 OK for: hastscript@9.0.1 want: ^2.0.0
1567 silly placeDep ROOT is-inside-container@1.0.0 OK for: is-wsl@3.1.1 want: ^1.0.0
1568 silly placeDep ROOT argparse@2.0.1 OK for: js-yaml@4.3.2 want: ^2.0.1
1569 silly placeDep ROOT @babel/parser@7.29.8 OK for: magicast@0.5.4 want: ^7.29.7
1570 silly placeDep ROOT @babel/types@7.29.8 OK for: magicast@0.5.4 want: ^7.29.7
1571 silly placeDep ROOT source-map-js@1.2.1 OK for: magicast@0.5.4 want: ^1.2.1
1572 silly fetch manifest @babel/types@^7.29.8
1573 silly packumentCache full:https://registry.npmjs.org/@babel%2ftypes cache-hit
1574 silly fetch manifest @babel/helper-string-parser@^7.29.7
1575 silly packumentCache full:https://registry.npmjs.org/@babel%2fhelper-string-parser cache-miss
1576 silly fetch manifest @babel/helper-validator-identifier@^7.29.7
1577 silly packumentCache full:https://registry.npmjs.org/@babel%2fhelper-validator-identifier cache-miss
1578 http cache https://registry.npmjs.org/@babel%2fhelper-string-parser 3ms (cache hit)
1579 silly packumentCache full:https://registry.npmjs.org/@babel%2fhelper-string-parser set size:91563 disposed:false
1580 http cache https://registry.npmjs.org/@babel%2fhelper-validator-identifier 4ms (cache hit)
1581 silly packumentCache full:https://registry.npmjs.org/@babel%2fhelper-validator-identifier set size:130133 disposed:false
1582 silly placeDep ROOT @babel/helper-string-parser@7.29.7 OK for: @babel/types@7.29.8 want: ^7.29.7
1583 silly placeDep ROOT @babel/helper-validator-identifier@7.29.7 OK for: @babel/types@7.29.8 want: ^7.29.7
1584 silly placeDep ROOT @types/mdast@4.0.4 OK for: mdast-util-definitions@6.0.0 want: ^4.0.0
1585 silly placeDep ROOT yocto-queue@1.2.2 OK for: p-limit@6.2.0 want: ^1.1.1
1586 silly placeDep ROOT eventemitter3@5.0.4 OK for: p-queue@8.1.1 want: ^5.0.1
1587 silly placeDep ROOT p-timeout@6.1.4 OK for: p-queue@8.1.1 want: ^6.1.2
1588 silly placeDep ROOT entities@6.0.1 OK for: parse5@7.3.0 want: ^6.0.0
1589 silly placeDep node_modules/prompts kleur@3.0.3 OK for: prompts@2.4.2 want: ^3.0.3
1590 silly placeDep ROOT sisteransi@1.0.5 OK for: prompts@2.4.2 want: ^1.0.5
1591 silly placeDep ROOT rehype-parse@9.0.1 OK for: rehype@13.0.2 want: ^9.0.0
1592 silly placeDep ROOT hast-util-raw@9.1.0 OK for: rehype-raw@7.0.0 want: ^9.0.0
1593 silly fetch manifest @ungap/structured-clone@^1.0.0
1594 silly packumentCache full:https://registry.npmjs.org/@ungap%2fstructured-clone cache-miss
1595 silly fetch manifest hast-util-to-parse5@^8.0.0
1596 silly packumentCache full:https://registry.npmjs.org/hast-util-to-parse5 cache-miss
1597 silly fetch manifest html-void-elements@^3.0.0
1598 silly packumentCache full:https://registry.npmjs.org/html-void-elements cache-miss
1599 silly fetch manifest unist-util-position@^5.0.0
1600 silly packumentCache full:https://registry.npmjs.org/unist-util-position cache-miss
1601 silly fetch manifest zwitch@^2.0.0
1602 silly packumentCache full:https://registry.npmjs.org/zwitch cache-miss
1603 http cache https://registry.npmjs.org/@ungap%2fstructured-clone 4ms (cache hit)
1604 silly packumentCache full:https://registry.npmjs.org/@ungap%2fstructured-clone set size:68313 disposed:false
1605 http cache https://registry.npmjs.org/html-void-elements 5ms (cache hit)
1606 silly packumentCache full:https://registry.npmjs.org/html-void-elements set size:33031 disposed:false
1607 http cache https://registry.npmjs.org/unist-util-position 5ms (cache hit)
1608 silly packumentCache full:https://registry.npmjs.org/unist-util-position set size:51342 disposed:false
1609 http cache https://registry.npmjs.org/zwitch 6ms (cache hit)
1610 silly packumentCache full:https://registry.npmjs.org/zwitch set size:39712 disposed:false
1611 http cache https://registry.npmjs.org/hast-util-to-parse5 7ms (cache hit)
1612 silly packumentCache full:https://registry.npmjs.org/hast-util-to-parse5 set size:61003 disposed:false
1613 silly placeDep ROOT @ungap/structured-clone@1.4.0 OK for: hast-util-raw@9.1.0 want: ^1.0.0
1614 silly placeDep ROOT hast-util-to-parse5@8.0.1 OK for: hast-util-raw@9.1.0 want: ^8.0.0
1615 silly placeDep ROOT html-void-elements@3.0.0 OK for: hast-util-raw@9.1.0 want: ^3.0.0
1616 silly placeDep ROOT mdast-util-to-hast@13.2.1 OK for: hast-util-raw@9.1.0 want: ^13.0.0
1617 silly placeDep ROOT unist-util-position@5.0.0 OK for: hast-util-raw@9.1.0 want: ^5.0.0
1618 silly placeDep ROOT zwitch@2.0.4 OK for: hast-util-raw@9.1.0 want: ^2.0.0
1619 silly fetch manifest micromark-util-sanitize-uri@^2.0.0
1620 silly packumentCache full:https://registry.npmjs.org/micromark-util-sanitize-uri cache-miss
1621 silly fetch manifest trim-lines@^3.0.0
1622 silly packumentCache full:https://registry.npmjs.org/trim-lines cache-miss
1623 http cache https://registry.npmjs.org/trim-lines 2ms (cache hit)
1624 silly packumentCache full:https://registry.npmjs.org/trim-lines set size:28474 disposed:false
1625 http cache https://registry.npmjs.org/micromark-util-sanitize-uri 3ms (cache hit)
1626 silly packumentCache full:https://registry.npmjs.org/micromark-util-sanitize-uri set size:32376 disposed:false
1627 silly placeDep ROOT micromark-util-sanitize-uri@2.0.1 OK for: mdast-util-to-hast@13.2.1 want: ^2.0.0
1628 silly placeDep ROOT trim-lines@3.0.1 OK for: mdast-util-to-hast@13.2.1 want: ^3.0.0
1629 silly fetch manifest micromark-util-character@^2.0.0
1630 silly packumentCache full:https://registry.npmjs.org/micromark-util-character cache-miss
1631 silly fetch manifest micromark-util-encode@^2.0.0
1632 silly packumentCache full:https://registry.npmjs.org/micromark-util-encode cache-miss
1633 silly fetch manifest micromark-util-symbol@^2.0.0
1634 silly packumentCache full:https://registry.npmjs.org/micromark-util-symbol cache-miss
1635 http cache https://registry.npmjs.org/micromark-util-encode 2ms (cache hit)
1636 silly packumentCache full:https://registry.npmjs.org/micromark-util-encode set size:28579 disposed:false
1637 http cache https://registry.npmjs.org/micromark-util-symbol 3ms (cache hit)
1638 silly packumentCache full:https://registry.npmjs.org/micromark-util-symbol set size:29566 disposed:false
1639 http cache https://registry.npmjs.org/micromark-util-character 3ms (cache hit)
1640 silly packumentCache full:https://registry.npmjs.org/micromark-util-character set size:41720 disposed:false
1641 silly placeDep ROOT micromark-util-character@2.1.1 OK for: micromark-util-sanitize-uri@2.0.1 want: ^2.0.0
1642 silly placeDep ROOT micromark-util-encode@2.0.1 OK for: micromark-util-sanitize-uri@2.0.1 want: ^2.0.0
1643 silly placeDep ROOT micromark-util-symbol@2.0.1 OK for: micromark-util-sanitize-uri@2.0.1 want: ^2.0.0
1644 silly placeDep ROOT micromark-util-types@2.0.2 OK for: micromark-util-character@2.1.1 want: ^2.0.0
1645 silly placeDep ROOT hast-util-to-html@9.0.5 OK for: rehype-stringify@10.0.1 want: ^9.0.0
1646 silly fetch manifest ccount@^2.0.0
1647 silly packumentCache full:https://registry.npmjs.org/ccount cache-miss
1648 silly fetch manifest hast-util-whitespace@^3.0.0
1649 silly packumentCache full:https://registry.npmjs.org/hast-util-whitespace cache-miss
1650 silly fetch manifest stringify-entities@^4.0.0
1651 silly packumentCache full:https://registry.npmjs.org/stringify-entities cache-miss
1652 http cache https://registry.npmjs.org/hast-util-whitespace 3ms (cache hit)
1653 silly packumentCache full:https://registry.npmjs.org/hast-util-whitespace set size:35245 disposed:false
1654 http cache https://registry.npmjs.org/stringify-entities 3ms (cache hit)
1655 silly packumentCache full:https://registry.npmjs.org/stringify-entities set size:61449 disposed:false
1656 http cache https://registry.npmjs.org/ccount 4ms (cache hit)
1657 silly packumentCache full:https://registry.npmjs.org/ccount set size:30836 disposed:false
1658 silly placeDep ROOT ccount@2.0.1 OK for: hast-util-to-html@9.0.5 want: ^2.0.0
1659 silly placeDep ROOT hast-util-whitespace@3.0.0 OK for: hast-util-to-html@9.0.5 want: ^3.0.0
1660 silly placeDep ROOT stringify-entities@4.0.4 OK for: hast-util-to-html@9.0.5 want: ^4.0.0
1661 silly fetch manifest character-entities-html4@^2.0.0
1662 silly packumentCache full:https://registry.npmjs.org/character-entities-html4 cache-miss
1663 silly fetch manifest character-entities-legacy@^3.0.0
1664 silly packumentCache full:https://registry.npmjs.org/character-entities-legacy cache-miss
1665 http cache https://registry.npmjs.org/character-entities-html4 2ms (cache hit)
1666 silly packumentCache full:https://registry.npmjs.org/character-entities-html4 set size:33529 disposed:false
1667 http cache https://registry.npmjs.org/character-entities-legacy 2ms (cache hit)
1668 silly packumentCache full:https://registry.npmjs.org/character-entities-legacy set size:34121 disposed:false
1669 silly placeDep ROOT mdast-util-gfm@3.1.0 OK for: remark-gfm@4.0.1 want: ^3.0.0
1670 silly placeDep ROOT micromark-extension-gfm@3.0.0 OK for: remark-gfm@4.0.1 want: ^3.0.0
1671 silly placeDep ROOT remark-stringify@11.0.0 OK for: remark-gfm@4.0.1 want: ^11.0.0
1672 silly fetch manifest mdast-util-gfm-autolink-literal@^2.0.0
1673 silly packumentCache full:https://registry.npmjs.org/mdast-util-gfm-autolink-literal cache-miss
1674 silly fetch manifest mdast-util-gfm-footnote@^2.0.0
1675 silly packumentCache full:https://registry.npmjs.org/mdast-util-gfm-footnote cache-miss
1676 silly fetch manifest mdast-util-gfm-strikethrough@^2.0.0
1677 silly packumentCache full:https://registry.npmjs.org/mdast-util-gfm-strikethrough cache-miss
1678 silly fetch manifest mdast-util-gfm-table@^2.0.0
1679 silly packumentCache full:https://registry.npmjs.org/mdast-util-gfm-table cache-miss
1680 silly fetch manifest mdast-util-gfm-task-list-item@^2.0.0
1681 silly packumentCache full:https://registry.npmjs.org/mdast-util-gfm-task-list-item cache-miss
1682 silly fetch manifest mdast-util-to-markdown@^2.0.0
1683 silly packumentCache full:https://registry.npmjs.org/mdast-util-to-markdown cache-miss
1684 silly fetch manifest micromark-extension-gfm-autolink-literal@^2.0.0
1685 silly packumentCache full:https://registry.npmjs.org/micromark-extension-gfm-autolink-literal cache-miss
1686 silly fetch manifest micromark-extension-gfm-footnote@^2.0.0
1687 silly packumentCache full:https://registry.npmjs.org/micromark-extension-gfm-footnote cache-miss
1688 silly fetch manifest micromark-extension-gfm-strikethrough@^2.0.0
1689 silly packumentCache full:https://registry.npmjs.org/micromark-extension-gfm-strikethrough cache-miss
1690 silly fetch manifest micromark-extension-gfm-table@^2.0.0
1691 silly packumentCache full:https://registry.npmjs.org/micromark-extension-gfm-table cache-miss
1692 silly fetch manifest micromark-extension-gfm-tagfilter@^2.0.0
1693 silly packumentCache full:https://registry.npmjs.org/micromark-extension-gfm-tagfilter cache-miss
1694 http cache https://registry.npmjs.org/mdast-util-gfm-strikethrough 9ms (cache hit)
1695 silly packumentCache full:https://registry.npmjs.org/mdast-util-gfm-strikethrough set size:48239 disposed:false
1696 silly fetch manifest micromark-extension-gfm-task-list-item@^2.0.0
1697 silly packumentCache full:https://registry.npmjs.org/micromark-extension-gfm-task-list-item cache-miss
1698 http cache https://registry.npmjs.org/mdast-util-gfm-footnote 10ms (cache hit)
1699 silly packumentCache full:https://registry.npmjs.org/mdast-util-gfm-footnote set size:31706 disposed:false
1700 silly fetch manifest micromark-util-combine-extensions@^2.0.0
1701 silly packumentCache full:https://registry.npmjs.org/micromark-util-combine-extensions cache-miss
1702 http cache https://registry.npmjs.org/mdast-util-gfm-autolink-literal 11ms (cache hit)
1703 silly packumentCache full:https://registry.npmjs.org/mdast-util-gfm-autolink-literal set size:49400 disposed:false
1704 silly fetch manifest mdast-util-to-markdown@^2.0.0
1705 silly packumentCache full:https://registry.npmjs.org/mdast-util-to-markdown cache-miss
1706 http cache https://registry.npmjs.org/mdast-util-gfm-table 11ms (cache hit)
1707 silly packumentCache full:https://registry.npmjs.org/mdast-util-gfm-table set size:76976 disposed:false
1708 http cache https://registry.npmjs.org/micromark-extension-gfm-footnote 14ms (cache hit)
1709 silly packumentCache full:https://registry.npmjs.org/micromark-extension-gfm-footnote set size:60743 disposed:false
1710 http cache https://registry.npmjs.org/micromark-extension-gfm-autolink-literal 15ms (cache hit)
1711 silly packumentCache full:https://registry.npmjs.org/micromark-extension-gfm-autolink-literal set size:86832 disposed:false
1712 http cache https://registry.npmjs.org/mdast-util-gfm-task-list-item 17ms (cache hit)
1713 silly packumentCache full:https://registry.npmjs.org/mdast-util-gfm-task-list-item set size:51583 disposed:false
1714 http cache https://registry.npmjs.org/mdast-util-to-markdown 17ms (cache hit)
1715 silly packumentCache full:https://registry.npmjs.org/mdast-util-to-markdown set size:179199 disposed:false
1716 http cache https://registry.npmjs.org/micromark-extension-gfm-tagfilter 17ms (cache hit)
1717 silly packumentCache full:https://registry.npmjs.org/micromark-extension-gfm-tagfilter set size:32464 disposed:false
1718 http cache https://registry.npmjs.org/micromark-extension-gfm-strikethrough 18ms (cache hit)
1719 silly packumentCache full:https://registry.npmjs.org/micromark-extension-gfm-strikethrough set size:85945 disposed:false
1720 http cache https://registry.npmjs.org/micromark-extension-gfm-table 19ms (cache hit)
1721 silly packumentCache full:https://registry.npmjs.org/micromark-extension-gfm-table set size:81061 disposed:false
1722 http cache https://registry.npmjs.org/micromark-extension-gfm-task-list-item 16ms (cache hit)
1723 silly packumentCache full:https://registry.npmjs.org/micromark-extension-gfm-task-list-item set size:64020 disposed:false
1724 http cache https://registry.npmjs.org/mdast-util-to-markdown 15ms (cache hit)
1725 silly packumentCache full:https://registry.npmjs.org/mdast-util-to-markdown set size:179199 disposed:false
1726 silly packumentCache full:https://registry.npmjs.org/mdast-util-to-markdown dispose
1727 http cache https://registry.npmjs.org/micromark-util-combine-extensions 18ms (cache hit)
1728 silly packumentCache full:https://registry.npmjs.org/micromark-util-combine-extensions set size:28242 disposed:false
1729 silly placeDep ROOT mdast-util-from-markdown@2.0.3 OK for: mdast-util-gfm@3.1.0 want: ^2.0.0
1730 silly placeDep ROOT mdast-util-gfm-autolink-literal@2.0.1 OK for: mdast-util-gfm@3.1.0 want: ^2.0.0
1731 silly placeDep ROOT mdast-util-gfm-footnote@2.1.0 OK for: mdast-util-gfm@3.1.0 want: ^2.0.0
1732 silly placeDep ROOT mdast-util-gfm-strikethrough@2.0.0 OK for: mdast-util-gfm@3.1.0 want: ^2.0.0
1733 silly placeDep ROOT mdast-util-gfm-table@2.0.0 OK for: mdast-util-gfm@3.1.0 want: ^2.0.0
1734 silly placeDep ROOT mdast-util-gfm-task-list-item@2.0.0 OK for: mdast-util-gfm@3.1.0 want: ^2.0.0
1735 silly placeDep ROOT mdast-util-to-markdown@2.1.2 OK for: mdast-util-gfm@3.1.0 want: ^2.0.0
1736 silly fetch manifest decode-named-character-reference@^1.0.0
1737 silly packumentCache full:https://registry.npmjs.org/decode-named-character-reference cache-miss
1738 silly fetch manifest mdast-util-to-string@^4.0.0
1739 silly packumentCache full:https://registry.npmjs.org/mdast-util-to-string cache-miss
1740 silly fetch manifest micromark@^4.0.0
1741 silly packumentCache full:https://registry.npmjs.org/micromark cache-miss
1742 silly fetch manifest micromark-util-decode-numeric-character-reference@^2.0.0
1743 silly packumentCache full:https://registry.npmjs.org/micromark-util-decode-numeric-character-reference cache-miss
1744 silly fetch manifest micromark-util-decode-string@^2.0.0
1745 silly packumentCache full:https://registry.npmjs.org/micromark-util-decode-string cache-miss
1746 silly fetch manifest micromark-util-normalize-identifier@^2.0.0
1747 silly packumentCache full:https://registry.npmjs.org/micromark-util-normalize-identifier cache-miss
1748 silly fetch manifest mdast-util-find-and-replace@^3.0.0
1749 silly packumentCache full:https://registry.npmjs.org/mdast-util-find-and-replace cache-miss
1750 silly fetch manifest micromark-util-normalize-identifier@^2.0.0
1751 silly packumentCache full:https://registry.npmjs.org/micromark-util-normalize-identifier cache-miss
1752 silly fetch manifest markdown-table@^3.0.0
1753 silly packumentCache full:https://registry.npmjs.org/markdown-table cache-miss
1754 silly fetch manifest longest-streak@^3.0.0
1755 silly packumentCache full:https://registry.npmjs.org/longest-streak cache-miss
1756 silly fetch manifest mdast-util-phrasing@^4.0.0
1757 silly packumentCache full:https://registry.npmjs.org/mdast-util-phrasing cache-miss
1758 http cache https://registry.npmjs.org/mdast-util-to-string 8ms (cache hit)
1759 silly packumentCache full:https://registry.npmjs.org/mdast-util-to-string set size:60380 disposed:false
1760 silly fetch manifest micromark-util-classify-character@^2.0.0
1761 silly packumentCache full:https://registry.npmjs.org/micromark-util-classify-character cache-miss
1762 http cache https://registry.npmjs.org/micromark-util-normalize-identifier 9ms (cache hit)
1763 silly packumentCache full:https://registry.npmjs.org/micromark-util-normalize-identifier set size:28578 disposed:false
1764 silly fetch manifest micromark-util-decode-string@^2.0.0
1765 silly packumentCache full:https://registry.npmjs.org/micromark-util-decode-string cache-miss
1766 http cache https://registry.npmjs.org/decode-named-character-reference 11ms (cache hit)
1767 silly packumentCache full:https://registry.npmjs.org/decode-named-character-reference set size:24840 disposed:false
1768 http cache https://registry.npmjs.org/micromark-util-decode-numeric-character-reference 11ms (cache hit)
1769 silly packumentCache full:https://registry.npmjs.org/micromark-util-decode-numeric-character-reference set size:21696 disposed:false
1770 http cache https://registry.npmjs.org/micromark 12ms (cache hit)
1771 silly packumentCache full:https://registry.npmjs.org/micromark set size:218079 disposed:false
1772 http cache https://registry.npmjs.org/markdown-table 12ms (cache hit)
1773 silly packumentCache full:https://registry.npmjs.org/markdown-table set size:56516 disposed:false
1774 http cache https://registry.npmjs.org/mdast-util-find-and-replace 14ms (cache hit)
1775 silly packumentCache full:https://registry.npmjs.org/mdast-util-find-and-replace set size:53070 disposed:false
1776 http cache https://registry.npmjs.org/micromark-util-decode-string 14ms (cache hit)
1777 silly packumentCache full:https://registry.npmjs.org/micromark-util-decode-string set size:20340 disposed:false
1778 http cache https://registry.npmjs.org/micromark-util-normalize-identifier 13ms (cache hit)
1779 silly packumentCache full:https://registry.npmjs.org/micromark-util-normalize-identifier set size:28578 disposed:false
1780 silly packumentCache full:https://registry.npmjs.org/micromark-util-normalize-identifier dispose
1781 http cache https://registry.npmjs.org/longest-streak 14ms (cache hit)
1782 silly packumentCache full:https://registry.npmjs.org/longest-streak set size:31102 disposed:false
1783 http cache https://registry.npmjs.org/mdast-util-phrasing 13ms (cache hit)
1784 silly packumentCache full:https://registry.npmjs.org/mdast-util-phrasing set size:35124 disposed:false
1785 http cache https://registry.npmjs.org/micromark-util-decode-string 8ms (cache hit)
1786 silly packumentCache full:https://registry.npmjs.org/micromark-util-decode-string set size:20340 disposed:false
1787 silly packumentCache full:https://registry.npmjs.org/micromark-util-decode-string dispose
1788 http cache https://registry.npmjs.org/micromark-util-classify-character 9ms (cache hit)
1789 silly packumentCache full:https://registry.npmjs.org/micromark-util-classify-character set size:29135 disposed:false
1790 silly placeDep ROOT decode-named-character-reference@1.3.0 OK for: mdast-util-from-markdown@2.0.3 want: ^1.0.0
1791 silly placeDep ROOT mdast-util-to-string@4.0.0 OK for: mdast-util-from-markdown@2.0.3 want: ^4.0.0
1792 silly placeDep ROOT micromark@4.0.2 OK for: mdast-util-from-markdown@2.0.3 want: ^4.0.0
1793 silly placeDep ROOT micromark-util-decode-numeric-character-reference@2.0.2 OK for: mdast-util-from-markdown@2.0.3 want: ^2.0.0
1794 silly placeDep ROOT micromark-util-decode-string@2.0.1 OK for: mdast-util-from-markdown@2.0.3 want: ^2.0.0
1795 silly placeDep ROOT micromark-util-normalize-identifier@2.0.1 OK for: mdast-util-from-markdown@2.0.3 want: ^2.0.0
1796 silly placeDep ROOT unist-util-stringify-position@4.0.0 OK for: mdast-util-from-markdown@2.0.3 want: ^4.0.0
1797 silly fetch manifest character-entities@^2.0.0
1798 silly packumentCache full:https://registry.npmjs.org/character-entities cache-miss
1799 silly fetch manifest @types/debug@^4.0.0
1800 silly packumentCache full:https://registry.npmjs.org/@types%2fdebug cache-miss
1801 silly fetch manifest micromark-core-commonmark@^2.0.0
1802 silly packumentCache full:https://registry.npmjs.org/micromark-core-commonmark cache-miss
1803 silly fetch manifest micromark-factory-space@^2.0.0
1804 silly packumentCache full:https://registry.npmjs.org/micromark-factory-space cache-miss
1805 silly fetch manifest micromark-util-chunked@^2.0.0
1806 silly packumentCache full:https://registry.npmjs.org/micromark-util-chunked cache-miss
1807 silly fetch manifest micromark-util-resolve-all@^2.0.0
1808 silly packumentCache full:https://registry.npmjs.org/micromark-util-resolve-all cache-miss
1809 silly fetch manifest micromark-util-subtokenize@^2.0.0
1810 silly packumentCache full:https://registry.npmjs.org/micromark-util-subtokenize cache-miss
1811 http cache https://registry.npmjs.org/micromark-core-commonmark 4ms (cache hit)
1812 silly packumentCache full:https://registry.npmjs.org/micromark-core-commonmark set size:55807 disposed:false
1813 http cache https://registry.npmjs.org/character-entities 5ms (cache hit)
1814 silly packumentCache full:https://registry.npmjs.org/character-entities set size:36394 disposed:false
1815 http cache https://registry.npmjs.org/@types%2fdebug 6ms (cache hit)
1816 silly packumentCache full:https://registry.npmjs.org/@types%2fdebug set size:55727 disposed:false
1817 http cache https://registry.npmjs.org/micromark-util-subtokenize 6ms (cache hit)
1818 silly packumentCache full:https://registry.npmjs.org/micromark-util-subtokenize set size:41632 disposed:false
1819 http cache https://registry.npmjs.org/micromark-factory-space 7ms (cache hit)
1820 silly packumentCache full:https://registry.npmjs.org/micromark-factory-space set size:28447 disposed:false
1821 http cache https://registry.npmjs.org/micromark-util-chunked 7ms (cache hit)
1822 silly packumentCache full:https://registry.npmjs.org/micromark-util-chunked set size:28101 disposed:false
1823 http cache https://registry.npmjs.org/micromark-util-resolve-all 7ms (cache hit)
1824 silly packumentCache full:https://registry.npmjs.org/micromark-util-resolve-all set size:27928 disposed:false
1825 silly placeDep ROOT character-entities@2.0.2 OK for: decode-named-character-reference@1.3.0 want: ^2.0.0
1826 silly placeDep ROOT mdast-util-find-and-replace@3.0.2 OK for: mdast-util-gfm-autolink-literal@2.0.1 want: ^3.0.0
1827 silly fetch manifest escape-string-regexp@^5.0.0
1828 silly packumentCache full:https://registry.npmjs.org/escape-string-regexp cache-miss
1829 http cache https://registry.npmjs.org/escape-string-regexp 2ms (cache hit)
1830 silly packumentCache full:https://registry.npmjs.org/escape-string-regexp set size:22244 disposed:false
1831 silly placeDep ROOT escape-string-regexp@5.0.0 OK for: mdast-util-find-and-replace@3.0.2 want: ^5.0.0
1832 silly placeDep ROOT unist-util-is@6.0.1 OK for: mdast-util-find-and-replace@3.0.2 want: ^6.0.0
1833 silly placeDep ROOT markdown-table@3.0.4 OK for: mdast-util-gfm-table@2.0.0 want: ^3.0.0
1834 silly placeDep ROOT longest-streak@3.1.0 OK for: mdast-util-to-markdown@2.1.2 want: ^3.0.0
1835 silly placeDep ROOT mdast-util-phrasing@4.1.0 OK for: mdast-util-to-markdown@2.1.2 want: ^4.0.0
1836 silly placeDep ROOT micromark-util-classify-character@2.0.1 OK for: mdast-util-to-markdown@2.1.2 want: ^2.0.0
1837 silly placeDep ROOT @types/debug@4.1.13 OK for: micromark@4.0.2 want: ^4.0.0
1838 silly placeDep ROOT micromark-core-commonmark@2.0.3 OK for: micromark@4.0.2 want: ^2.0.0
1839 silly placeDep ROOT micromark-factory-space@2.0.1 OK for: micromark@4.0.2 want: ^2.0.0
1840 silly placeDep ROOT micromark-util-chunked@2.0.1 OK for: micromark@4.0.2 want: ^2.0.0
1841 silly placeDep ROOT micromark-util-combine-extensions@2.0.1 OK for: micromark@4.0.2 want: ^2.0.0
1842 silly placeDep ROOT micromark-util-resolve-all@2.0.1 OK for: micromark@4.0.2 want: ^2.0.0
1843 silly placeDep ROOT micromark-util-subtokenize@2.1.0 OK for: micromark@4.0.2 want: ^2.0.0
1844 silly fetch manifest @types/ms@*
1845 silly packumentCache full:https://registry.npmjs.org/@types%2fms cache-miss
1846 silly fetch manifest micromark-factory-destination@^2.0.0
1847 silly packumentCache full:https://registry.npmjs.org/micromark-factory-destination cache-miss
1848 silly fetch manifest micromark-factory-label@^2.0.0
1849 silly packumentCache full:https://registry.npmjs.org/micromark-factory-label cache-miss
1850 silly fetch manifest micromark-factory-title@^2.0.0
1851 silly packumentCache full:https://registry.npmjs.org/micromark-factory-title cache-miss
1852 silly fetch manifest micromark-factory-whitespace@^2.0.0
1853 silly packumentCache full:https://registry.npmjs.org/micromark-factory-whitespace cache-miss
1854 silly fetch manifest micromark-util-html-tag-name@^2.0.0
1855 silly packumentCache full:https://registry.npmjs.org/micromark-util-html-tag-name cache-miss
1856 http cache https://registry.npmjs.org/@types%2fms 4ms (cache hit)
1857 silly packumentCache full:https://registry.npmjs.org/@types%2fms set size:24399 disposed:false
1858 http cache https://registry.npmjs.org/micromark-factory-label 4ms (cache hit)
1859 silly packumentCache full:https://registry.npmjs.org/micromark-factory-label set size:33915 disposed:false
1860 http cache https://registry.npmjs.org/micromark-factory-title 4ms (cache hit)
1861 silly packumentCache full:https://registry.npmjs.org/micromark-factory-title set size:34302 disposed:false
1862 http cache https://registry.npmjs.org/micromark-util-html-tag-name 5ms (cache hit)
1863 silly packumentCache full:https://registry.npmjs.org/micromark-util-html-tag-name set size:29833 disposed:false
1864 http cache https://registry.npmjs.org/micromark-factory-destination 5ms (cache hit)
1865 silly packumentCache full:https://registry.npmjs.org/micromark-factory-destination set size:29173 disposed:false
1866 http cache https://registry.npmjs.org/micromark-factory-whitespace 6ms (cache hit)
1867 silly packumentCache full:https://registry.npmjs.org/micromark-factory-whitespace set size:28974 disposed:false
1868 silly placeDep ROOT @types/ms@2.1.0 OK for: @types/debug@4.1.13 want: *
1869 silly placeDep ROOT micromark-factory-destination@2.0.1 OK for: micromark-core-commonmark@2.0.3 want: ^2.0.0
1870 silly placeDep ROOT micromark-factory-label@2.0.1 OK for: micromark-core-commonmark@2.0.3 want: ^2.0.0
1871 silly placeDep ROOT micromark-factory-title@2.0.1 OK for: micromark-core-commonmark@2.0.3 want: ^2.0.0
1872 silly placeDep ROOT micromark-factory-whitespace@2.0.1 OK for: micromark-core-commonmark@2.0.3 want: ^2.0.0
1873 silly placeDep ROOT micromark-util-html-tag-name@2.0.1 OK for: micromark-core-commonmark@2.0.3 want: ^2.0.0
1874 silly placeDep ROOT micromark-extension-gfm-autolink-literal@2.1.0 OK for: micromark-extension-gfm@3.0.0 want: ^2.0.0
1875 silly placeDep ROOT micromark-extension-gfm-footnote@2.1.0 OK for: micromark-extension-gfm@3.0.0 want: ^2.0.0
1876 silly placeDep ROOT micromark-extension-gfm-strikethrough@2.1.0 OK for: micromark-extension-gfm@3.0.0 want: ^2.0.0
1877 silly placeDep ROOT micromark-extension-gfm-table@2.1.1 OK for: micromark-extension-gfm@3.0.0 want: ^2.0.0
1878 silly placeDep ROOT micromark-extension-gfm-tagfilter@2.0.0 OK for: micromark-extension-gfm@3.0.0 want: ^2.0.0
1879 silly placeDep ROOT micromark-extension-gfm-task-list-item@2.1.0 OK for: micromark-extension-gfm@3.0.0 want: ^2.0.0
1880 silly placeDep ROOT retext@9.0.0 OK for: remark-smartypants@3.0.3 want: ^9.0.0
1881 silly placeDep ROOT retext-smartypants@6.2.0 OK for: remark-smartypants@3.0.3 want: ^6.0.0
1882 silly fetch manifest @types/nlcst@^2.0.0
1883 silly packumentCache full:https://registry.npmjs.org/@types%2fnlcst cache-miss
1884 silly fetch manifest retext-latin@^4.0.0
1885 silly packumentCache full:https://registry.npmjs.org/retext-latin cache-miss
1886 silly fetch manifest retext-stringify@^4.0.0
1887 silly packumentCache full:https://registry.npmjs.org/retext-stringify cache-miss
1888 silly fetch manifest @types/nlcst@^2.0.0
1889 silly packumentCache full:https://registry.npmjs.org/@types%2fnlcst cache-miss
1890 silly fetch manifest nlcst-to-string@^4.0.0
1891 silly packumentCache full:https://registry.npmjs.org/nlcst-to-string cache-miss
1892 http cache https://registry.npmjs.org/retext-stringify 19ms (cache hit)
1893 silly packumentCache full:https://registry.npmjs.org/retext-stringify set size:32353 disposed:false
1894 http cache https://registry.npmjs.org/@types%2fnlcst 19ms (cache hit)
1895 silly packumentCache full:https://registry.npmjs.org/@types%2fnlcst set size:17041 disposed:false
1896 http cache https://registry.npmjs.org/retext-latin 20ms (cache hit)
1897 silly packumentCache full:https://registry.npmjs.org/retext-latin set size:32728 disposed:false
1898 http cache https://registry.npmjs.org/@types%2fnlcst 21ms (cache hit)
1899 silly packumentCache full:https://registry.npmjs.org/@types%2fnlcst set size:17041 disposed:false
1900 silly packumentCache full:https://registry.npmjs.org/@types%2fnlcst dispose
1901 http fetch GET 200 https://registry.npmjs.org/nlcst-to-string 656ms (cache miss)
1902 silly packumentCache full:https://registry.npmjs.org/nlcst-to-string set size:undefined disposed:false
1903 silly placeDep ROOT @types/nlcst@2.0.3 OK for: retext@9.0.0 want: ^2.0.0
1904 silly placeDep ROOT retext-latin@4.0.0 OK for: retext@9.0.0 want: ^4.0.0
1905 silly placeDep ROOT retext-stringify@4.0.0 OK for: retext@9.0.0 want: ^4.0.0
1906 silly fetch manifest parse-latin@^7.0.0
1907 silly packumentCache full:https://registry.npmjs.org/parse-latin cache-miss
1908 http fetch GET 200 https://registry.npmjs.org/parse-latin 288ms (cache miss)
1909 silly packumentCache full:https://registry.npmjs.org/parse-latin set size:undefined disposed:false
1910 silly placeDep ROOT parse-latin@7.0.0 OK for: retext-latin@4.0.0 want: ^7.0.0
1911 silly fetch manifest unist-util-modify-children@^4.0.0
1912 silly packumentCache full:https://registry.npmjs.org/unist-util-modify-children cache-miss
1913 silly fetch manifest unist-util-visit-children@^3.0.0
1914 silly packumentCache full:https://registry.npmjs.org/unist-util-visit-children cache-miss
1915 http fetch GET 200 https://registry.npmjs.org/unist-util-modify-children 293ms (cache miss)
1916 silly packumentCache full:https://registry.npmjs.org/unist-util-modify-children set size:undefined disposed:false
1917 http fetch GET 200 https://registry.npmjs.org/unist-util-visit-children 297ms (cache miss)
1918 silly packumentCache full:https://registry.npmjs.org/unist-util-visit-children set size:undefined disposed:false
1919 silly placeDep ROOT nlcst-to-string@4.0.0 OK for: parse-latin@7.0.0 want: ^4.0.0
1920 silly placeDep ROOT unist-util-modify-children@4.0.0 OK for: parse-latin@7.0.0 want: ^4.0.0
1921 silly placeDep ROOT unist-util-visit-children@3.0.0 OK for: parse-latin@7.0.0 want: ^3.0.0
1922 silly fetch manifest array-iterate@^2.0.0
1923 silly packumentCache full:https://registry.npmjs.org/array-iterate cache-miss
1924 http fetch GET 200 https://registry.npmjs.org/array-iterate 285ms (cache miss)
1925 silly packumentCache full:https://registry.npmjs.org/array-iterate set size:undefined disposed:false
1926 silly placeDep ROOT @img/colour@1.1.0 OK for: sharp@0.34.5 want: ^1.0.0
1927 silly placeDep ROOT @img/sharp-darwin-arm64@0.34.5 OK for: sharp@0.34.5 want: 0.34.5
1928 silly placeDep ROOT @img/sharp-darwin-x64@0.34.5 OK for: sharp@0.34.5 want: 0.34.5
1929 silly placeDep ROOT @img/sharp-libvips-darwin-arm64@1.2.4 OK for: sharp@0.34.5 want: 1.2.4
1930 silly placeDep ROOT @img/sharp-libvips-darwin-x64@1.2.4 OK for: sharp@0.34.5 want: 1.2.4
1931 silly placeDep ROOT @img/sharp-libvips-linux-arm@1.2.4 OK for: sharp@0.34.5 want: 1.2.4
1932 silly placeDep ROOT @img/sharp-libvips-linux-arm64@1.2.4 OK for: sharp@0.34.5 want: 1.2.4
1933 silly placeDep ROOT @img/sharp-libvips-linux-ppc64@1.2.4 OK for: sharp@0.34.5 want: 1.2.4
1934 silly placeDep ROOT @img/sharp-libvips-linux-riscv64@1.2.4 OK for: sharp@0.34.5 want: 1.2.4
1935 silly placeDep ROOT @img/sharp-libvips-linux-s390x@1.2.4 OK for: sharp@0.34.5 want: 1.2.4
1936 silly placeDep ROOT @img/sharp-libvips-linux-x64@1.2.4 OK for: sharp@0.34.5 want: 1.2.4
1937 silly placeDep ROOT @img/sharp-libvips-linuxmusl-arm64@1.2.4 OK for: sharp@0.34.5 want: 1.2.4
1938 silly placeDep ROOT @img/sharp-libvips-linuxmusl-x64@1.2.4 OK for: sharp@0.34.5 want: 1.2.4
1939 silly placeDep ROOT @img/sharp-linux-arm@0.34.5 OK for: sharp@0.34.5 want: 0.34.5
1940 silly placeDep ROOT @img/sharp-linux-arm64@0.34.5 OK for: sharp@0.34.5 want: 0.34.5
1941 silly placeDep ROOT @img/sharp-linux-ppc64@0.34.5 OK for: sharp@0.34.5 want: 0.34.5
1942 silly placeDep ROOT @img/sharp-linux-riscv64@0.34.5 OK for: sharp@0.34.5 want: 0.34.5
1943 silly placeDep ROOT @img/sharp-linux-s390x@0.34.5 OK for: sharp@0.34.5 want: 0.34.5
1944 silly placeDep ROOT @img/sharp-linux-x64@0.34.5 OK for: sharp@0.34.5 want: 0.34.5
1945 silly placeDep ROOT @img/sharp-linuxmusl-arm64@0.34.5 OK for: sharp@0.34.5 want: 0.34.5
1946 silly placeDep ROOT @img/sharp-linuxmusl-x64@0.34.5 OK for: sharp@0.34.5 want: 0.34.5
1947 silly placeDep ROOT @img/sharp-wasm32@0.34.5 OK for: sharp@0.34.5 want: 0.34.5
1948 silly placeDep ROOT @img/sharp-win32-arm64@0.34.5 OK for: sharp@0.34.5 want: 0.34.5
1949 silly placeDep ROOT @img/sharp-win32-ia32@0.34.5 OK for: sharp@0.34.5 want: 0.34.5
1950 silly placeDep ROOT @img/sharp-win32-x64@0.34.5 OK for: sharp@0.34.5 want: 0.34.5
1951 silly placeDep ROOT detect-libc@2.1.2 OK for: sharp@0.34.5 want: ^2.1.2
1952 silly fetch manifest @emnapi/runtime@^1.7.0
1953 silly packumentCache full:https://registry.npmjs.org/@emnapi%2fruntime cache-miss
1954 http fetch GET 200 https://registry.npmjs.org/@emnapi%2fruntime 794ms (cache miss)
1955 silly packumentCache full:https://registry.npmjs.org/@emnapi%2fruntime set size:undefined disposed:false
1956 silly placeDep ROOT @emnapi/runtime@1.11.3 OK for: @img/sharp-wasm32@0.34.5 want: ^1.7.0
1957 silly fetch manifest tslib@^2.4.0
1958 silly packumentCache full:https://registry.npmjs.org/tslib cache-miss
1959 http fetch GET 200 https://registry.npmjs.org/tslib 21ms (cache miss)
1960 silly packumentCache full:https://registry.npmjs.org/tslib set size:undefined disposed:false
1961 silly placeDep ROOT tslib@2.8.1 OK for: @emnapi/runtime@1.11.3 want: ^2.4.0
1962 silly placeDep ROOT @shikijs/core@3.23.0 OK for: shiki@3.23.0 want: 3.23.0
1963 silly placeDep ROOT @shikijs/engine-javascript@3.23.0 OK for: shiki@3.23.0 want: 3.23.0
1964 silly placeDep ROOT @shikijs/engine-oniguruma@3.23.0 OK for: shiki@3.23.0 want: 3.23.0
1965 silly placeDep ROOT @shikijs/langs@3.23.0 OK for: shiki@3.23.0 want: 3.23.0
1966 silly placeDep ROOT @shikijs/themes@3.23.0 OK for: shiki@3.23.0 want: 3.23.0
1967 silly placeDep ROOT @shikijs/types@3.23.0 OK for: shiki@3.23.0 want: 3.23.0
1968 silly placeDep ROOT @shikijs/vscode-textmate@10.0.2 OK for: shiki@3.23.0 want: ^10.0.2
1969 silly fetch manifest oniguruma-to-es@^4.3.4
1970 silly packumentCache full:https://registry.npmjs.org/oniguruma-to-es cache-miss
1971 http fetch GET 200 https://registry.npmjs.org/oniguruma-to-es 5558ms (cache miss)
1972 silly packumentCache full:https://registry.npmjs.org/oniguruma-to-es set size:143732 disposed:false
1973 silly placeDep ROOT oniguruma-to-es@4.3.6 OK for: @shikijs/engine-javascript@3.23.0 want: ^4.3.4
1974 silly fetch manifest oniguruma-parser@^0.12.2
1975 silly packumentCache full:https://registry.npmjs.org/oniguruma-parser cache-miss
1976 silly fetch manifest regex@^6.1.0
1977 silly packumentCache full:https://registry.npmjs.org/regex cache-miss
1978 silly fetch manifest regex-recursion@^6.0.2
1979 silly packumentCache full:https://registry.npmjs.org/regex-recursion cache-miss
1980 http fetch GET 200 https://registry.npmjs.org/regex 282ms (cache miss)
1981 silly packumentCache full:https://registry.npmjs.org/regex set size:undefined disposed:false
1982 http fetch GET 200 https://registry.npmjs.org/oniguruma-parser 299ms (cache miss)
1983 silly packumentCache full:https://registry.npmjs.org/oniguruma-parser set size:undefined disposed:false
1984 http fetch GET 200 https://registry.npmjs.org/regex-recursion 300ms (cache miss)
1985 silly packumentCache full:https://registry.npmjs.org/regex-recursion set size:undefined disposed:false
1986 silly placeDep ROOT oniguruma-parser@0.12.2 OK for: oniguruma-to-es@4.3.6 want: ^0.12.2
1987 silly placeDep ROOT regex@6.1.0 OK for: oniguruma-to-es@4.3.6 want: ^6.1.0
1988 silly placeDep ROOT regex-recursion@6.0.2 OK for: oniguruma-to-es@4.3.6 want: ^6.0.2
1989 silly fetch manifest regex-utilities@^2.3.0
1990 silly packumentCache full:https://registry.npmjs.org/regex-utilities cache-miss
1991 silly fetch manifest regex-utilities@^2.3.0
1992 silly packumentCache full:https://registry.npmjs.org/regex-utilities cache-miss
1993 http fetch GET 200 https://registry.npmjs.org/regex-utilities 292ms (cache miss)
1994 silly packumentCache full:https://registry.npmjs.org/regex-utilities set size:undefined disposed:false
1995 http fetch GET 200 https://registry.npmjs.org/regex-utilities 293ms (cache miss)
1996 silly packumentCache full:https://registry.npmjs.org/regex-utilities set size:undefined disposed:false
1997 silly placeDep ROOT regex-utilities@2.3.0 OK for: regex@6.1.0 want: ^2.3.0
1998 silly placeDep ROOT emoji-regex@10.6.0 OK for: string-width@7.2.0 want: ^10.3.0
1999 silly placeDep ROOT get-east-asian-width@1.6.0 OK for: string-width@7.2.0 want: ^1.0.0
2000 silly placeDep ROOT strip-ansi@7.2.0 OK for: string-width@7.2.0 want: ^7.1.0
2001 silly fetch manifest ansi-regex@^6.2.2
2002 silly packumentCache full:https://registry.npmjs.org/ansi-regex cache-miss
2003 http fetch GET 200 https://registry.npmjs.org/ansi-regex 19ms (cache miss)
2004 silly packumentCache full:https://registry.npmjs.org/ansi-regex set size:undefined disposed:false
2005 silly placeDep ROOT character-entities-html4@2.1.0 OK for: stringify-entities@4.0.4 want: ^2.0.0
2006 silly placeDep ROOT character-entities-legacy@3.0.0 OK for: stringify-entities@4.0.4 want: ^3.0.0
2007 silly placeDep ROOT ansi-regex@6.3.0 OK for: strip-ansi@7.2.0 want: ^6.2.2
2008 silly placeDep ROOT commander@11.1.0 OK for: svgo@4.1.0 want: ^11.1.0
2009 silly placeDep ROOT css-select@6.0.0 OK for: svgo@4.1.0 want: ^6.0.0
2010 silly placeDep ROOT css-tree@3.2.1 OK for: svgo@4.1.0 want: ^3.0.1
2011 silly placeDep ROOT css-what@7.0.0 OK for: svgo@4.1.0 want: ^7.0.0
2012 silly placeDep ROOT csso@5.0.5 OK for: svgo@4.1.0 want: ^5.0.5
2013 silly placeDep ROOT picocolors@1.1.1 OK for: svgo@4.1.0 want: ^1.1.1
2014 silly placeDep ROOT sax@1.6.1 OK for: svgo@4.1.0 want: 1.6.1
2015 silly fetch manifest boolbase@^1.0.0
2016 silly packumentCache full:https://registry.npmjs.org/boolbase cache-miss
2017 silly fetch manifest domutils@^3.2.2
2018 silly packumentCache full:https://registry.npmjs.org/domutils cache-miss
2019 silly fetch manifest nth-check@^2.1.1
2020 silly packumentCache full:https://registry.npmjs.org/nth-check cache-miss
2021 silly fetch manifest domhandler@^5.0.3
2022 silly packumentCache full:https://registry.npmjs.org/domhandler cache-miss
2023 silly fetch manifest mdn-data@2.27.1
2024 silly packumentCache full:https://registry.npmjs.org/mdn-data cache-miss
2025 silly fetch manifest css-tree@~2.2.0
2026 silly packumentCache full:https://registry.npmjs.org/css-tree cache-hit
2027 http fetch GET 200 https://registry.npmjs.org/nth-check 21ms (cache miss)
2028 silly packumentCache full:https://registry.npmjs.org/nth-check set size:undefined disposed:false
2029 http fetch GET 200 https://registry.npmjs.org/domutils 26ms (cache miss)
2030 silly packumentCache full:https://registry.npmjs.org/domutils set size:undefined disposed:false
2031 http fetch GET 200 https://registry.npmjs.org/domhandler 296ms (cache miss)
2032 silly packumentCache full:https://registry.npmjs.org/domhandler set size:undefined disposed:false
2033 http fetch GET 200 https://registry.npmjs.org/mdn-data 309ms (cache miss)
2034 silly packumentCache full:https://registry.npmjs.org/mdn-data set size:undefined disposed:false
2035 http fetch GET 200 https://registry.npmjs.org/boolbase 473ms (cache miss)
2036 silly packumentCache full:https://registry.npmjs.org/boolbase set size:undefined disposed:false
2037 silly placeDep ROOT boolbase@1.0.0 OK for: css-select@6.0.0 want: ^1.0.0
2038 silly placeDep ROOT domhandler@5.0.3 OK for: css-select@6.0.0 want: ^5.0.3
2039 silly placeDep ROOT domutils@3.2.2 OK for: css-select@6.0.0 want: ^3.2.2
2040 silly placeDep ROOT nth-check@2.1.1 OK for: css-select@6.0.0 want: ^2.1.1
2041 silly fetch manifest domelementtype@^2.3.0
2042 silly packumentCache full:https://registry.npmjs.org/domelementtype cache-miss
2043 silly fetch manifest dom-serializer@^2.0.0
2044 silly packumentCache full:https://registry.npmjs.org/dom-serializer cache-miss
2045 silly fetch manifest domelementtype@^2.3.0
2046 silly packumentCache full:https://registry.npmjs.org/domelementtype cache-miss
2047 http fetch GET 200 https://registry.npmjs.org/domelementtype 18ms (cache miss)
2048 silly packumentCache full:https://registry.npmjs.org/domelementtype set size:undefined disposed:false
2049 http fetch GET 200 https://registry.npmjs.org/domelementtype 18ms (cache miss)
2050 silly packumentCache full:https://registry.npmjs.org/domelementtype set size:undefined disposed:false
2051 http fetch GET 200 https://registry.npmjs.org/dom-serializer 284ms (cache miss)
2052 silly packumentCache full:https://registry.npmjs.org/dom-serializer set size:undefined disposed:false
2053 silly placeDep ROOT mdn-data@2.27.1 OK for: css-tree@3.2.1 want: 2.27.1
2054 silly placeDep node_modules/csso css-tree@2.2.1 OK for: csso@5.0.5 want: ~2.2.0
2055 silly fetch manifest mdn-data@2.0.28
2056 silly packumentCache full:https://registry.npmjs.org/mdn-data cache-miss
2057 http cache https://registry.npmjs.org/mdn-data 3ms (cache hit)
2058 silly packumentCache full:https://registry.npmjs.org/mdn-data set size:189664 disposed:false
2059 silly placeDep ROOT domelementtype@2.3.0 OK for: domhandler@5.0.3 want: ^2.3.0
2060 silly placeDep ROOT dom-serializer@2.0.0 OK for: domutils@3.2.2 want: ^2.0.0
2061 silly fetch manifest entities@^4.2.0
2062 silly packumentCache full:https://registry.npmjs.org/entities cache-hit
2063 silly placeDep node_modules/dom-serializer entities@4.5.0 OK for: dom-serializer@2.0.0 want: ^4.2.0
2064 silly placeDep ROOT fdir@6.5.0 OK for: tinyglobby@0.2.17 want: ^6.5.0
2065 silly placeDep ROOT bail@2.0.2 OK for: unified@11.0.5 want: ^2.0.0
2066 silly placeDep ROOT extend@3.0.2 OK for: unified@11.0.5 want: ^3.0.0
2067 silly placeDep ROOT is-plain-obj@4.1.0 OK for: unified@11.0.5 want: ^4.0.0
2068 silly placeDep ROOT trough@2.2.0 OK for: unified@11.0.5 want: ^2.0.0
2069 silly placeDep ROOT ohash@2.0.12 OK for: unifont@0.7.5 want: ^2.0.11
2070 silly placeDep ROOT undici@8.10.2 OK for: unifont@0.7.5 want: ^8.0.0
2071 silly placeDep ROOT array-iterate@2.0.1 OK for: unist-util-modify-children@4.0.0 want: ^2.0.0
2072 silly placeDep ROOT anymatch@3.1.3 OK for: unstorage@1.17.5 want: ^3.1.3
2073 silly placeDep node_modules/unstorage chokidar@5.0.0 OK for: unstorage@1.17.5 want: ^5.0.0
2074 silly placeDep ROOT destr@2.0.5 OK for: unstorage@1.17.5 want: ^2.0.5
2075 silly placeDep ROOT h3@1.15.11 OK for: unstorage@1.17.5 want: ^1.15.10
2076 silly placeDep ROOT lru-cache@11.5.2 OK for: unstorage@1.17.5 want: ^11.2.7
2077 silly placeDep ROOT node-fetch-native@1.6.7 OK for: unstorage@1.17.5 want: ^1.6.7
2078 silly placeDep ROOT ofetch@1.5.1 OK for: unstorage@1.17.5 want: ^1.5.1
2079 silly placeDep ROOT ufo@1.6.4 OK for: unstorage@1.17.5 want: ^1.6.3
2080 silly fetch manifest picomatch@^2.0.4
2081 silly packumentCache full:https://registry.npmjs.org/picomatch cache-hit
2082 silly fetch manifest normalize-path@^3.0.0
2083 silly packumentCache full:https://registry.npmjs.org/normalize-path cache-miss
2084 silly fetch manifest readdirp@^5.0.0
2085 silly packumentCache full:https://registry.npmjs.org/readdirp cache-hit
2086 silly fetch manifest defu@^6.1.6
2087 silly packumentCache full:https://registry.npmjs.org/defu cache-miss
2088 silly fetch manifest radix3@^1.1.2
2089 silly packumentCache full:https://registry.npmjs.org/radix3 cache-miss
2090 silly fetch manifest crossws@^0.3.5
2091 silly packumentCache full:https://registry.npmjs.org/crossws cache-hit
2092 silly fetch manifest uncrypto@^0.1.3
2093 silly packumentCache full:https://registry.npmjs.org/uncrypto cache-miss
2094 silly fetch manifest cookie-es@^1.2.3
2095 silly packumentCache full:https://registry.npmjs.org/cookie-es cache-miss
2096 silly fetch manifest iron-webcrypto@^1.2.1
2097 silly packumentCache full:https://registry.npmjs.org/iron-webcrypto cache-miss
2098 silly fetch manifest node-mock-http@^1.0.4
2099 silly packumentCache full:https://registry.npmjs.org/node-mock-http cache-miss
2100 silly fetch manifest ufo@^1.6.1
2101 silly packumentCache full:https://registry.npmjs.org/ufo cache-hit
2102 http fetch GET 200 https://registry.npmjs.org/normalize-path 25ms (cache miss)
2103 silly packumentCache full:https://registry.npmjs.org/normalize-path set size:undefined disposed:false
2104 http fetch GET 200 https://registry.npmjs.org/defu 293ms (cache miss)
2105 silly packumentCache full:https://registry.npmjs.org/defu set size:undefined disposed:false
2106 http fetch GET 200 https://registry.npmjs.org/uncrypto 296ms (cache miss)
2107 silly packumentCache full:https://registry.npmjs.org/uncrypto set size:undefined disposed:false
2108 http fetch GET 200 https://registry.npmjs.org/cookie-es 300ms (cache miss)
2109 silly packumentCache full:https://registry.npmjs.org/cookie-es set size:undefined disposed:false
2110 http fetch GET 200 https://registry.npmjs.org/iron-webcrypto 473ms (cache miss)
2111 silly packumentCache full:https://registry.npmjs.org/iron-webcrypto set size:undefined disposed:false
2112 http fetch GET 200 https://registry.npmjs.org/radix3 507ms (cache miss)
2113 silly packumentCache full:https://registry.npmjs.org/radix3 set size:undefined disposed:false
2114 http fetch GET 200 https://registry.npmjs.org/node-mock-http 996ms (cache miss)
2115 silly packumentCache full:https://registry.npmjs.org/node-mock-http set size:undefined disposed:false
2116 silly placeDep ROOT normalize-path@3.0.0 OK for: anymatch@3.1.3 want: ^3.0.0
2117 silly placeDep node_modules/anymatch picomatch@2.3.2 OK for: anymatch@3.1.3 want: ^2.0.4
2118 silly placeDep ROOT cookie-es@1.2.3 OK for: h3@1.15.11 want: ^1.2.3
2119 silly placeDep ROOT crossws@0.3.5 OK for: h3@1.15.11 want: ^0.3.5
2120 silly placeDep ROOT defu@6.1.7 OK for: h3@1.15.11 want: ^6.1.6
2121 silly placeDep ROOT iron-webcrypto@1.2.1 OK for: h3@1.15.11 want: ^1.2.1
2122 silly placeDep ROOT node-mock-http@1.0.5 OK for: h3@1.15.11 want: ^1.0.4
2123 silly placeDep ROOT radix3@1.1.2 OK for: h3@1.15.11 want: ^1.1.2
2124 silly placeDep ROOT uncrypto@0.1.3 OK for: h3@1.15.11 want: ^0.1.3
2125 silly placeDep node_modules/vite esbuild@0.25.12 OK for: vite@6.4.3 want: ^0.25.0
2126 silly placeDep ROOT fsevents@2.3.3 OK for: vite@6.4.3 want: ~2.3.3
2127 silly placeDep ROOT postcss@8.5.28 OK for: vite@6.4.3 want: ^8.5.3
2128 silly placeDep ROOT rollup@4.63.1 OK for: vite@6.4.3 want: ^4.34.9
2129 silly fetch manifest @esbuild/aix-ppc64@0.25.12
2130 silly packumentCache full:https://registry.npmjs.org/@esbuild%2faix-ppc64 cache-hit
2131 silly fetch manifest @esbuild/linux-arm@0.25.12
2132 silly packumentCache full:https://registry.npmjs.org/@esbuild%2flinux-arm cache-hit
2133 silly fetch manifest @esbuild/linux-x64@0.25.12
2134 silly packumentCache full:https://registry.npmjs.org/@esbuild%2flinux-x64 cache-hit
2135 silly fetch manifest @esbuild/sunos-x64@0.25.12
2136 silly packumentCache full:https://registry.npmjs.org/@esbuild%2fsunos-x64 cache-hit
2137 silly fetch manifest @esbuild/win32-x64@0.25.12
2138 silly packumentCache full:https://registry.npmjs.org/@esbuild%2fwin32-x64 cache-hit
2139 silly fetch manifest @esbuild/darwin-x64@0.25.12
2140 silly packumentCache full:https://registry.npmjs.org/@esbuild%2fdarwin-x64 cache-hit
2141 silly fetch manifest @esbuild/linux-ia32@0.25.12
2142 silly packumentCache full:https://registry.npmjs.org/@esbuild%2flinux-ia32 cache-hit
2143 silly fetch manifest @esbuild/netbsd-x64@0.25.12
2144 silly packumentCache full:https://registry.npmjs.org/@esbuild%2fnetbsd-x64 cache-hit
2145 silly fetch manifest @esbuild/win32-ia32@0.25.12
2146 silly packumentCache full:https://registry.npmjs.org/@esbuild%2fwin32-ia32 cache-hit
2147 silly fetch manifest @esbuild/android-arm@0.25.12
2148 silly packumentCache full:https://registry.npmjs.org/@esbuild%2fandroid-arm cache-hit
2149 silly fetch manifest @esbuild/android-x64@0.25.12
2150 silly packumentCache full:https://registry.npmjs.org/@esbuild%2fandroid-x64 cache-hit
2151 silly fetch manifest @esbuild/freebsd-x64@0.25.12
2152 silly packumentCache full:https://registry.npmjs.org/@esbuild%2ffreebsd-x64 cache-hit
2153 silly fetch manifest @esbuild/linux-arm64@0.25.12
2154 silly packumentCache full:https://registry.npmjs.org/@esbuild%2flinux-arm64 cache-hit
2155 silly fetch manifest @esbuild/linux-ppc64@0.25.12
2156 silly packumentCache full:https://registry.npmjs.org/@esbuild%2flinux-ppc64 cache-hit
2157 silly fetch manifest @esbuild/linux-s390x@0.25.12
2158 silly packumentCache full:https://registry.npmjs.org/@esbuild%2flinux-s390x cache-hit
2159 silly fetch manifest @esbuild/openbsd-x64@0.25.12
2160 silly packumentCache full:https://registry.npmjs.org/@esbuild%2fopenbsd-x64 cache-hit
2161 silly fetch manifest @esbuild/win32-arm64@0.25.12
2162 silly packumentCache full:https://registry.npmjs.org/@esbuild%2fwin32-arm64 cache-hit
2163 silly fetch manifest @esbuild/darwin-arm64@0.25.12
2164 silly packumentCache full:https://registry.npmjs.org/@esbuild%2fdarwin-arm64 cache-hit
2165 silly fetch manifest @esbuild/netbsd-arm64@0.25.12
2166 silly packumentCache full:https://registry.npmjs.org/@esbuild%2fnetbsd-arm64 cache-hit
2167 silly fetch manifest @esbuild/android-arm64@0.25.12
2168 silly packumentCache full:https://registry.npmjs.org/@esbuild%2fandroid-arm64 cache-hit
2169 silly fetch manifest @esbuild/freebsd-arm64@0.25.12
2170 silly packumentCache full:https://registry.npmjs.org/@esbuild%2ffreebsd-arm64 cache-hit
2171 silly fetch manifest @esbuild/linux-loong64@0.25.12
2172 silly packumentCache full:https://registry.npmjs.org/@esbuild%2flinux-loong64 cache-hit
2173 silly fetch manifest @esbuild/linux-riscv64@0.25.12
2174 silly packumentCache full:https://registry.npmjs.org/@esbuild%2flinux-riscv64 cache-hit
2175 silly fetch manifest @esbuild/openbsd-arm64@0.25.12
2176 silly packumentCache full:https://registry.npmjs.org/@esbuild%2fopenbsd-arm64 cache-hit
2177 silly fetch manifest @esbuild/linux-mips64el@0.25.12
2178 silly packumentCache full:https://registry.npmjs.org/@esbuild%2flinux-mips64el cache-hit
2179 silly fetch manifest @esbuild/openharmony-arm64@0.25.12
2180 silly packumentCache full:https://registry.npmjs.org/@esbuild%2fopenharmony-arm64 cache-hit
2181 silly fetch manifest nanoid@^3.3.18
2182 silly packumentCache full:https://registry.npmjs.org/nanoid cache-miss
2183 silly fetch manifest @rollup/rollup-darwin-x64@4.63.1
2184 silly packumentCache full:https://registry.npmjs.org/@rollup%2frollup-darwin-x64 cache-miss
2185 silly fetch manifest @rollup/rollup-freebsd-x64@4.63.1
2186 silly packumentCache full:https://registry.npmjs.org/@rollup%2frollup-freebsd-x64 cache-miss
2187 silly fetch manifest @rollup/rollup-openbsd-x64@4.63.1
2188 silly packumentCache full:https://registry.npmjs.org/@rollup%2frollup-openbsd-x64 cache-miss
2189 silly fetch manifest @napi-rs/lzma-linux-x64-gnu@1.5.1
2190 silly packumentCache full:https://registry.npmjs.org/@napi-rs%2flzma-linux-x64-gnu cache-miss
2191 silly fetch manifest @rollup/rollup-darwin-arm64@4.63.1
2192 silly packumentCache full:https://registry.npmjs.org/@rollup%2frollup-darwin-arm64 cache-miss
2193 silly fetch manifest @rollup/rollup-android-arm64@4.63.1
2194 silly packumentCache full:https://registry.npmjs.org/@rollup%2frollup-android-arm64 cache-miss
2195 silly fetch manifest @rollup/rollup-freebsd-arm64@4.63.1
2196 silly packumentCache full:https://registry.npmjs.org/@rollup%2frollup-freebsd-arm64 cache-miss
2197 silly fetch manifest @rollup/rollup-linux-x64-gnu@4.63.1
2198 silly packumentCache full:https://registry.npmjs.org/@rollup%2frollup-linux-x64-gnu cache-miss
2199 silly fetch manifest @rollup/rollup-win32-x64-gnu@4.63.1
2200 silly packumentCache full:https://registry.npmjs.org/@rollup%2frollup-win32-x64-gnu cache-miss
2201 silly fetch manifest @rollup/rollup-linux-x64-musl@4.63.1
2202 silly packumentCache full:https://registry.npmjs.org/@rollup%2frollup-linux-x64-musl cache-miss
2203 http fetch GET 200 https://registry.npmjs.org/@napi-rs%2flzma-linux-x64-gnu 96ms (cache miss)
2204 silly packumentCache full:https://registry.npmjs.org/@napi-rs%2flzma-linux-x64-gnu set size:undefined disposed:false
2205 silly fetch manifest @rollup/rollup-win32-x64-msvc@4.63.1
2206 silly packumentCache full:https://registry.npmjs.org/@rollup%2frollup-win32-x64-msvc cache-miss
2207 http fetch GET 200 https://registry.npmjs.org/nanoid 100ms (cache miss)
2208 silly packumentCache full:https://registry.npmjs.org/nanoid set size:undefined disposed:false
2209 silly fetch manifest @rollup/rollup-linux-arm64-gnu@4.63.1
2210 silly packumentCache full:https://registry.npmjs.org/@rollup%2frollup-linux-arm64-gnu cache-miss
2211 http fetch GET 200 https://registry.npmjs.org/@rollup%2frollup-darwin-arm64 105ms (cache miss)
2212 silly packumentCache full:https://registry.npmjs.org/@rollup%2frollup-darwin-arm64 set size:undefined disposed:false
2213 silly fetch manifest @rollup/rollup-linux-ppc64-gnu@4.63.1
2214 silly packumentCache full:https://registry.npmjs.org/@rollup%2frollup-linux-ppc64-gnu cache-miss
2215 http fetch GET 200 https://registry.npmjs.org/@rollup%2frollup-freebsd-x64 253ms (cache miss)
2216 silly packumentCache full:https://registry.npmjs.org/@rollup%2frollup-freebsd-x64 set size:undefined disposed:false
2217 silly fetch manifest @rollup/rollup-linux-s390x-gnu@4.63.1
2218 silly packumentCache full:https://registry.npmjs.org/@rollup%2frollup-linux-s390x-gnu cache-miss
2219 http fetch GET 200 https://registry.npmjs.org/@rollup%2frollup-win32-x64-gnu 290ms (cache miss)
2220 silly packumentCache full:https://registry.npmjs.org/@rollup%2frollup-win32-x64-gnu set size:undefined disposed:false
2221 silly fetch manifest @rollup/rollup-win32-ia32-msvc@4.63.1
2222 silly packumentCache full:https://registry.npmjs.org/@rollup%2frollup-win32-ia32-msvc cache-miss
2223 http fetch GET 200 https://registry.npmjs.org/@rollup%2frollup-win32-x64-msvc 234ms (cache miss)
2224 silly packumentCache full:https://registry.npmjs.org/@rollup%2frollup-win32-x64-msvc set size:undefined disposed:false
2225 silly fetch manifest @rollup/rollup-android-arm-eabi@4.63.1
2226 silly packumentCache full:https://registry.npmjs.org/@rollup%2frollup-android-arm-eabi cache-miss
2227 http cache https://registry.npmjs.org/@rollup%2frollup-android-arm-eabi 3ms (cache hit)
2228 silly packumentCache full:https://registry.npmjs.org/@rollup%2frollup-android-arm-eabi set size:362315 disposed:false
2229 silly fetch manifest @rollup/rollup-linux-arm64-musl@4.63.1
2230 silly packumentCache full:https://registry.npmjs.org/@rollup%2frollup-linux-arm64-musl cache-miss
2231 http cache https://registry.npmjs.org/@rollup%2frollup-linux-arm64-musl 4ms (cache hit)
2232 silly packumentCache full:https://registry.npmjs.org/@rollup%2frollup-linux-arm64-musl set size:320100 disposed:false
2233 silly fetch manifest @rollup/rollup-linux-ppc64-musl@4.63.1
2234 silly packumentCache full:https://registry.npmjs.org/@rollup%2frollup-linux-ppc64-musl cache-miss
2235 http fetch GET 200 https://registry.npmjs.org/@rollup%2frollup-linux-x64-gnu 350ms (cache miss)
2236 silly packumentCache full:https://registry.npmjs.org/@rollup%2frollup-linux-x64-gnu set size:undefined disposed:false
2237 silly fetch manifest @rollup/rollup-win32-arm64-msvc@4.63.1
2238 silly packumentCache full:https://registry.npmjs.org/@rollup%2frollup-win32-arm64-msvc cache-miss
2239 http fetch GET 200 https://registry.npmjs.org/@rollup%2frollup-linux-ppc64-gnu 256ms (cache miss)
2240 silly packumentCache full:https://registry.npmjs.org/@rollup%2frollup-linux-ppc64-gnu set size:undefined disposed:false
2241 silly fetch manifest @rollup/rollup-linux-loong64-gnu@4.63.1
2242 silly packumentCache full:https://registry.npmjs.org/@rollup%2frollup-linux-loong64-gnu cache-miss
2243 http fetch GET 200 https://registry.npmjs.org/@rollup%2frollup-linux-ppc64-musl 26ms (cache miss)
2244 silly packumentCache full:https://registry.npmjs.org/@rollup%2frollup-linux-ppc64-musl set size:undefined disposed:false
2245 silly fetch manifest @rollup/rollup-linux-riscv64-gnu@4.63.1
2246 silly packumentCache full:https://registry.npmjs.org/@rollup%2frollup-linux-riscv64-gnu cache-miss
2247 http fetch GET 200 https://registry.npmjs.org/@rollup%2frollup-linux-loong64-gnu 28ms (cache miss)
2248 silly packumentCache full:https://registry.npmjs.org/@rollup%2frollup-linux-loong64-gnu set size:undefined disposed:false
2249 silly fetch manifest @rollup/rollup-openharmony-arm64@4.63.1
2250 silly packumentCache full:https://registry.npmjs.org/@rollup%2frollup-openharmony-arm64 cache-miss
2251 http fetch GET 200 https://registry.npmjs.org/@rollup%2frollup-linux-s390x-gnu 174ms (cache miss)
2252 silly packumentCache full:https://registry.npmjs.org/@rollup%2frollup-linux-s390x-gnu set size:undefined disposed:false
2253 silly fetch manifest @rollup/rollup-linux-loong64-musl@4.63.1
2254 silly packumentCache full:https://registry.npmjs.org/@rollup%2frollup-linux-loong64-musl cache-miss
2255 http fetch GET 200 https://registry.npmjs.org/@rollup%2frollup-darwin-x64 541ms (cache miss)
2256 silly packumentCache full:https://registry.npmjs.org/@rollup%2frollup-darwin-x64 set size:undefined disposed:false
2257 silly fetch manifest @rollup/rollup-linux-riscv64-musl@4.63.1
2258 silly packumentCache full:https://registry.npmjs.org/@rollup%2frollup-linux-riscv64-musl cache-miss
2259 http fetch GET 200 https://registry.npmjs.org/@rollup%2frollup-linux-x64-musl 571ms (cache miss)
2260 silly packumentCache full:https://registry.npmjs.org/@rollup%2frollup-linux-x64-musl set size:undefined disposed:false
2261 silly fetch manifest @rollup/rollup-linux-arm-gnueabihf@4.63.1
2262 silly packumentCache full:https://registry.npmjs.org/@rollup%2frollup-linux-arm-gnueabihf cache-miss
2263 http fetch GET 200 https://registry.npmjs.org/@rollup%2frollup-freebsd-arm64 581ms (cache miss)
2264 silly packumentCache full:https://registry.npmjs.org/@rollup%2frollup-freebsd-arm64 set size:undefined disposed:false
2265 silly fetch manifest @rollup/rollup-linux-arm-musleabihf@4.63.1
2266 silly packumentCache full:https://registry.npmjs.org/@rollup%2frollup-linux-arm-musleabihf cache-miss
2267 http fetch GET 200 https://registry.npmjs.org/@rollup%2frollup-linux-arm-musleabihf 31ms (cache miss)
2268 silly packumentCache full:https://registry.npmjs.org/@rollup%2frollup-linux-arm-musleabihf set size:undefined disposed:false
2269 http fetch GET 200 https://registry.npmjs.org/@rollup%2frollup-win32-arm64-msvc 270ms (cache miss)
2270 silly packumentCache full:https://registry.npmjs.org/@rollup%2frollup-win32-arm64-msvc set size:undefined disposed:false
2271 http fetch GET 200 https://registry.npmjs.org/@rollup%2frollup-openharmony-arm64 233ms (cache miss)
2272 silly packumentCache full:https://registry.npmjs.org/@rollup%2frollup-openharmony-arm64 set size:undefined disposed:false
2273 http fetch GET 200 https://registry.npmjs.org/@rollup%2frollup-linux-loong64-musl 222ms (cache miss)
2274 silly packumentCache full:https://registry.npmjs.org/@rollup%2frollup-linux-loong64-musl set size:undefined disposed:false
2275 http fetch GET 200 https://registry.npmjs.org/@rollup%2frollup-linux-riscv64-gnu 290ms (cache miss)
2276 silly packumentCache full:https://registry.npmjs.org/@rollup%2frollup-linux-riscv64-gnu set size:undefined disposed:false
2277 http fetch GET 200 https://registry.npmjs.org/@rollup%2frollup-android-arm64 775ms (cache miss)
2278 silly packumentCache full:https://registry.npmjs.org/@rollup%2frollup-android-arm64 set size:undefined disposed:false
2279 http fetch GET 200 https://registry.npmjs.org/@rollup%2frollup-win32-ia32-msvc 584ms (cache miss)
2280 silly packumentCache full:https://registry.npmjs.org/@rollup%2frollup-win32-ia32-msvc set size:undefined disposed:false
2281 http fetch GET 200 https://registry.npmjs.org/@rollup%2frollup-linux-arm64-gnu 804ms (cache miss)
2282 silly packumentCache full:https://registry.npmjs.org/@rollup%2frollup-linux-arm64-gnu set size:undefined disposed:false
2283 http fetch GET 200 https://registry.npmjs.org/@rollup%2frollup-openbsd-x64 1267ms (cache miss)
2284 silly packumentCache full:https://registry.npmjs.org/@rollup%2frollup-openbsd-x64 set size:undefined disposed:false
2285 http fetch GET 200 https://registry.npmjs.org/@rollup%2frollup-linux-riscv64-musl 798ms (cache miss)
2286 silly packumentCache full:https://registry.npmjs.org/@rollup%2frollup-linux-riscv64-musl set size:undefined disposed:false
2287 http fetch GET 200 https://registry.npmjs.org/@rollup%2frollup-linux-arm-gnueabihf 2285ms (cache miss)
2288 silly packumentCache full:https://registry.npmjs.org/@rollup%2frollup-linux-arm-gnueabihf set size:undefined disposed:false
2289 silly placeDep ROOT nanoid@3.3.18 OK for: postcss@8.5.28 want: ^3.3.18
2290 silly placeDep ROOT @napi-rs/lzma-linux-x64-gnu@1.5.1 OK for: rollup@4.63.1 want: 1.5.1
2291 silly placeDep ROOT @rollup/rollup-android-arm-eabi@4.63.1 OK for: rollup@4.63.1 want: 4.63.1
2292 silly placeDep ROOT @rollup/rollup-android-arm64@4.63.1 OK for: rollup@4.63.1 want: 4.63.1
2293 silly placeDep ROOT @rollup/rollup-darwin-arm64@4.63.1 OK for: rollup@4.63.1 want: 4.63.1
2294 silly placeDep ROOT @rollup/rollup-darwin-x64@4.63.1 OK for: rollup@4.63.1 want: 4.63.1
2295 silly placeDep ROOT @rollup/rollup-freebsd-arm64@4.63.1 OK for: rollup@4.63.1 want: 4.63.1
2296 silly placeDep ROOT @rollup/rollup-freebsd-x64@4.63.1 OK for: rollup@4.63.1 want: 4.63.1
2297 silly placeDep ROOT @rollup/rollup-linux-arm-gnueabihf@4.63.1 OK for: rollup@4.63.1 want: 4.63.1
2298 silly placeDep ROOT @rollup/rollup-linux-arm-musleabihf@4.63.1 OK for: rollup@4.63.1 want: 4.63.1
2299 silly placeDep ROOT @rollup/rollup-linux-arm64-gnu@4.63.1 OK for: rollup@4.63.1 want: 4.63.1
2300 silly placeDep ROOT @rollup/rollup-linux-arm64-musl@4.63.1 OK for: rollup@4.63.1 want: 4.63.1
2301 silly placeDep ROOT @rollup/rollup-linux-loong64-gnu@4.63.1 OK for: rollup@4.63.1 want: 4.63.1
2302 silly placeDep ROOT @rollup/rollup-linux-loong64-musl@4.63.1 OK for: rollup@4.63.1 want: 4.63.1
2303 silly placeDep ROOT @rollup/rollup-linux-ppc64-gnu@4.63.1 OK for: rollup@4.63.1 want: 4.63.1
2304 silly placeDep ROOT @rollup/rollup-linux-ppc64-musl@4.63.1 OK for: rollup@4.63.1 want: 4.63.1
2305 silly placeDep ROOT @rollup/rollup-linux-riscv64-gnu@4.63.1 OK for: rollup@4.63.1 want: 4.63.1
2306 silly placeDep ROOT @rollup/rollup-linux-riscv64-musl@4.63.1 OK for: rollup@4.63.1 want: 4.63.1
2307 silly placeDep ROOT @rollup/rollup-linux-s390x-gnu@4.63.1 OK for: rollup@4.63.1 want: 4.63.1
2308 silly placeDep ROOT @rollup/rollup-linux-x64-gnu@4.63.1 OK for: rollup@4.63.1 want: 4.63.1
2309 silly placeDep ROOT @rollup/rollup-linux-x64-musl@4.63.1 OK for: rollup@4.63.1 want: 4.63.1
2310 silly placeDep ROOT @rollup/rollup-openbsd-x64@4.63.1 OK for: rollup@4.63.1 want: 4.63.1
2311 silly placeDep ROOT @rollup/rollup-openharmony-arm64@4.63.1 OK for: rollup@4.63.1 want: 4.63.1
2312 silly placeDep ROOT @rollup/rollup-win32-arm64-msvc@4.63.1 OK for: rollup@4.63.1 want: 4.63.1
2313 silly placeDep ROOT @rollup/rollup-win32-ia32-msvc@4.63.1 OK for: rollup@4.63.1 want: 4.63.1
2314 silly placeDep ROOT @rollup/rollup-win32-x64-gnu@4.63.1 OK for: rollup@4.63.1 want: 4.63.1
2315 silly placeDep ROOT @rollup/rollup-win32-x64-msvc@4.63.1 OK for: rollup@4.63.1 want: 4.63.1
2316 silly placeDep ROOT vscode-css-languageservice@6.3.10 OK for: volar-service-css@0.0.71 want: ^6.3.0
2317 silly fetch manifest vscode-languageserver-types@3.17.5
2318 silly packumentCache full:https://registry.npmjs.org/vscode-languageserver-types cache-hit
2319 silly placeDep ROOT @emmetio/css-parser@0.4.1 OK for: volar-service-emmet@0.0.71 want: ^0.4.1
2320 silly placeDep ROOT @emmetio/html-matcher@1.3.0 OK for: volar-service-emmet@0.0.71 want: ^1.3.0
2321 silly placeDep ROOT @vscode/emmet-helper@2.11.0 OK for: volar-service-emmet@0.0.71 want: ^2.9.3
2322 silly fetch manifest @emmetio/stream-reader@^2.2.0
2323 silly packumentCache full:https://registry.npmjs.org/@emmetio%2fstream-reader cache-miss
2324 silly fetch manifest @emmetio/stream-reader-utils@^0.1.0
2325 silly packumentCache full:https://registry.npmjs.org/@emmetio%2fstream-reader-utils cache-miss
2326 silly fetch manifest @emmetio/scanner@^1.0.0
2327 silly packumentCache full:https://registry.npmjs.org/@emmetio%2fscanner cache-miss
2328 silly fetch manifest emmet@^2.4.3
2329 silly packumentCache full:https://registry.npmjs.org/emmet cache-miss
2330 silly fetch manifest jsonc-parser@^2.3.0
2331 silly packumentCache full:https://registry.npmjs.org/jsonc-parser cache-miss
2332 silly fetch manifest vscode-languageserver-types@^3.15.1
2333 silly packumentCache full:https://registry.npmjs.org/vscode-languageserver-types cache-hit
2334 http fetch GET 200 https://registry.npmjs.org/jsonc-parser 285ms (cache miss)
2335 silly packumentCache full:https://registry.npmjs.org/jsonc-parser set size:undefined disposed:false
2336 http fetch GET 200 https://registry.npmjs.org/emmet 290ms (cache miss)
2337 silly packumentCache full:https://registry.npmjs.org/emmet set size:undefined disposed:false
2338 http fetch GET 200 https://registry.npmjs.org/@emmetio%2fstream-reader 754ms (cache miss)
2339 silly packumentCache full:https://registry.npmjs.org/@emmetio%2fstream-reader set size:undefined disposed:false
2340 http fetch GET 200 https://registry.npmjs.org/@emmetio%2fstream-reader-utils 755ms (cache miss)
2341 silly packumentCache full:https://registry.npmjs.org/@emmetio%2fstream-reader-utils set size:undefined disposed:false
2342 http fetch GET 200 https://registry.npmjs.org/@emmetio%2fscanner 937ms (cache miss)
2343 silly packumentCache full:https://registry.npmjs.org/@emmetio%2fscanner set size:undefined disposed:false
2344 silly placeDep ROOT @emmetio/stream-reader@2.2.0 OK for: @emmetio/css-parser@0.4.1 want: ^2.2.0
2345 silly placeDep ROOT @emmetio/stream-reader-utils@0.1.0 OK for: @emmetio/css-parser@0.4.1 want: ^0.1.0
2346 silly placeDep ROOT @emmetio/scanner@1.0.4 OK for: @emmetio/html-matcher@1.3.0 want: ^1.0.0
2347 silly placeDep ROOT emmet@2.4.11 OK for: @vscode/emmet-helper@2.11.0 want: ^2.4.3
2348 silly placeDep ROOT jsonc-parser@2.3.1 OK for: @vscode/emmet-helper@2.11.0 want: ^2.3.0
2349 silly placeDep ROOT vscode-languageserver-types@3.18.3 OK for: @vscode/emmet-helper@2.11.0 want: ^3.15.1
2350 silly fetch manifest @emmetio/abbreviation@^2.3.3
2351 silly packumentCache full:https://registry.npmjs.org/@emmetio%2fabbreviation cache-miss
2352 silly fetch manifest @emmetio/css-abbreviation@^2.1.8
2353 silly packumentCache full:https://registry.npmjs.org/@emmetio%2fcss-abbreviation cache-miss
2354 http fetch GET 200 https://registry.npmjs.org/@emmetio%2fabbreviation 745ms (cache miss)
2355 silly packumentCache full:https://registry.npmjs.org/@emmetio%2fabbreviation set size:undefined disposed:false
2356 http fetch GET 200 https://registry.npmjs.org/@emmetio%2fcss-abbreviation 761ms (cache miss)
2357 silly packumentCache full:https://registry.npmjs.org/@emmetio%2fcss-abbreviation set size:undefined disposed:false
2358 silly placeDep ROOT @emmetio/abbreviation@2.3.3 OK for: emmet@2.4.11 want: ^2.3.3
2359 silly placeDep ROOT @emmetio/css-abbreviation@2.1.8 OK for: emmet@2.4.11 want: ^2.1.8
2360 silly placeDep ROOT typescript-auto-import-cache@0.3.6 OK for: volar-service-typescript@0.0.71 want: ^0.3.5
2361 silly placeDep ROOT vscode-nls@5.2.0 OK for: volar-service-typescript@0.0.71 want: ^5.2.0
2362 silly placeDep ROOT yaml-language-server@1.23.0 OK for: volar-service-yaml@0.0.71 want: ~1.23.0
2363 silly fetch manifest ajv@^8.17.1
2364 silly packumentCache full:https://registry.npmjs.org/ajv cache-miss
2365 silly fetch manifest yaml@2.8.3
2366 silly packumentCache full:https://registry.npmjs.org/yaml cache-hit
2367 silly fetch manifest ajv-i18n@^4.2.0
2368 silly packumentCache full:https://registry.npmjs.org/ajv-i18n cache-miss
2369 silly fetch manifest prettier@^3.8.1
2370 silly packumentCache full:https://registry.npmjs.org/prettier cache-hit
2371 silly fetch manifest ajv-draft-04@^1.0.0
2372 silly packumentCache full:https://registry.npmjs.org/ajv-draft-04 cache-miss
2373 silly fetch manifest request-light@^0.5.7
2374 silly packumentCache full:https://registry.npmjs.org/request-light cache-hit
2375 silly fetch manifest vscode-json-languageservice@4.1.8
2376 silly packumentCache full:https://registry.npmjs.org/vscode-json-languageservice cache-miss
2377 http fetch GET 200 https://registry.npmjs.org/ajv-i18n 278ms (cache miss)
2378 silly packumentCache full:https://registry.npmjs.org/ajv-i18n set size:undefined disposed:false
2379 http fetch GET 200 https://registry.npmjs.org/ajv-draft-04 281ms (cache miss)
2380 silly packumentCache full:https://registry.npmjs.org/ajv-draft-04 set size:undefined disposed:false
2381 http fetch GET 200 https://registry.npmjs.org/vscode-json-languageservice 301ms (cache miss)
2382 silly packumentCache full:https://registry.npmjs.org/vscode-json-languageservice set size:undefined disposed:false
2383 http fetch GET 200 https://registry.npmjs.org/ajv 311ms (cache miss)
2384 silly packumentCache full:https://registry.npmjs.org/ajv set size:undefined disposed:false
2385 silly placeDep ROOT @vscode/l10n@0.0.18 OK for: vscode-css-languageservice@6.3.10 want: ^0.0.18
2386 silly placeDep node_modules/vscode-css-languageservice vscode-languageserver-types@3.17.5 OK for: vscode-css-languageservice@6.3.10 want: 3.17.5
2387 silly placeDep node_modules/vscode-languageserver vscode-languageserver-protocol@3.17.5 OK for: vscode-languageserver@9.0.1 want: 3.17.5
2388 silly fetch manifest vscode-jsonrpc@8.2.0
2389 silly packumentCache full:https://registry.npmjs.org/vscode-jsonrpc cache-hit
2390 silly placeDep ROOT vscode-jsonrpc@9.0.2 OK for: vscode-languageserver-protocol@3.18.3 want: 9.0.2
2391 silly placeDep ROOT ansi-styles@6.2.3 OK for: wrap-ansi@9.0.2 want: ^6.2.1
2392 silly placeDep ROOT ajv@8.20.0 OK for: yaml-language-server@1.23.0 want: ^8.17.1
2393 silly placeDep ROOT ajv-draft-04@1.0.0 OK for: yaml-language-server@1.23.0 want: ^1.0.0
2394 silly placeDep ROOT ajv-i18n@4.2.0 OK for: yaml-language-server@1.23.0 want: ^4.2.0
2395 silly placeDep ROOT prettier@3.9.6 OK for: yaml-language-server@1.23.0 want: ^3.8.1
2396 silly placeDep node_modules/yaml-language-server request-light@0.5.8 OK for: yaml-language-server@1.23.0 want: ^0.5.7
2397 silly placeDep ROOT vscode-json-languageservice@4.1.8 OK for: yaml-language-server@1.23.0 want: 4.1.8
2398 silly placeDep node_modules/yaml-language-server yaml@2.8.3 OK for: yaml-language-server@1.23.0 want: 2.8.3
2399 silly fetch manifest fast-deep-equal@^3.1.3
2400 silly packumentCache full:https://registry.npmjs.org/fast-deep-equal cache-miss
2401 silly fetch manifest fast-uri@^3.0.1
2402 silly packumentCache full:https://registry.npmjs.org/fast-uri cache-miss
2403 silly fetch manifest json-schema-traverse@^1.0.0
2404 silly packumentCache full:https://registry.npmjs.org/json-schema-traverse cache-miss
2405 silly fetch manifest require-from-string@^2.0.2
2406 silly packumentCache full:https://registry.npmjs.org/require-from-string cache-miss
2407 silly fetch manifest jsonc-parser@^3.0.0
2408 silly packumentCache full:https://registry.npmjs.org/jsonc-parser cache-miss
2409 http cache https://registry.npmjs.org/jsonc-parser 5ms (cache hit)
2410 silly packumentCache full:https://registry.npmjs.org/jsonc-parser set size:102715 disposed:false
2411 http fetch GET 200 https://registry.npmjs.org/json-schema-traverse 18ms (cache miss)
2412 silly packumentCache full:https://registry.npmjs.org/json-schema-traverse set size:undefined disposed:false
2413 http fetch GET 200 https://registry.npmjs.org/fast-uri 23ms (cache miss)
2414 silly packumentCache full:https://registry.npmjs.org/fast-uri set size:undefined disposed:false
2415 http fetch GET 200 https://registry.npmjs.org/require-from-string 270ms (cache miss)
2416 silly packumentCache full:https://registry.npmjs.org/require-from-string set size:undefined disposed:false
2417 http fetch GET 200 https://registry.npmjs.org/fast-deep-equal 290ms (cache miss)
2418 silly packumentCache full:https://registry.npmjs.org/fast-deep-equal set size:undefined disposed:false
2419 silly placeDep ROOT fast-deep-equal@3.1.3 OK for: ajv@8.20.0 want: ^3.1.3
2420 silly placeDep ROOT fast-uri@3.1.7 OK for: ajv@8.20.0 want: ^3.0.1
2421 silly placeDep ROOT json-schema-traverse@1.0.0 OK for: ajv@8.20.0 want: ^1.0.0
2422 silly placeDep ROOT require-from-string@2.0.2 OK for: ajv@8.20.0 want: ^2.0.2
2423 silly placeDep node_modules/vscode-json-languageservice jsonc-parser@3.3.1 OK for: vscode-json-languageservice@4.1.8 want: ^3.0.0
2424 silly placeDep ROOT cliui@9.0.1 OK for: yargs@18.1.0 want: ^9.0.1
2425 silly placeDep ROOT escalade@3.2.0 OK for: yargs@18.1.0 want: ^3.1.1
2426 silly placeDep ROOT get-caller-file@2.0.5 OK for: yargs@18.1.0 want: ^2.0.5
2427 silly placeDep node_modules/yargs string-width@8.2.2 OK for: yargs@18.1.0 want: ^8.2.1
2428 silly placeDep ROOT y18n@5.0.8 OK for: yargs@18.1.0 want: ^5.0.5
2429 silly placeDep node_modules/yargs yargs-parser@22.0.0 OK for: yargs@18.1.0 want: ^22.0.0
2430 silly placeDep ROOT yoctocolors@2.2.0 OK for: yocto-spinner@0.2.3 want: ^2.1.1
2431 silly placeDep node_modules/ansi-align emoji-regex@8.0.0 OK for: string-width@4.2.3 want: ^8.0.0
2432 silly placeDep ROOT is-fullwidth-code-point@3.0.0 OK for: string-width@4.2.3 want: ^3.0.0
2433 silly placeDep node_modules/ansi-align strip-ansi@6.0.1 OK for: string-width@4.2.3 want: ^6.0.1
2434 silly fetch manifest ansi-regex@^5.0.1
2435 silly packumentCache full:https://registry.npmjs.org/ansi-regex cache-miss
2436 http cache https://registry.npmjs.org/ansi-regex 9ms (cache hit)
2437 silly packumentCache full:https://registry.npmjs.org/ansi-regex set size:48203 disposed:false
2438 silly placeDep node_modules/ansi-align ansi-regex@5.0.1 OK for: strip-ansi@6.0.1 want: ^5.0.1
2439 silly placeDep node_modules/csso mdn-data@2.0.28 OK for: css-tree@2.2.1 want: 2.0.28
2440 silly placeDep node_modules/unstorage readdirp@5.1.1 OK for: chokidar@5.0.0 want: ^5.0.0
2441 silly placeDep node_modules/vite @esbuild/aix-ppc64@0.25.12 OK for: esbuild@0.25.12 want: 0.25.12
2442 silly placeDep node_modules/vite @esbuild/android-arm@0.25.12 OK for: esbuild@0.25.12 want: 0.25.12
2443 silly placeDep node_modules/vite @esbuild/android-arm64@0.25.12 OK for: esbuild@0.25.12 want: 0.25.12
2444 silly placeDep node_modules/vite @esbuild/android-x64@0.25.12 OK for: esbuild@0.25.12 want: 0.25.12
2445 silly placeDep node_modules/vite @esbuild/darwin-arm64@0.25.12 OK for: esbuild@0.25.12 want: 0.25.12
2446 silly placeDep node_modules/vite @esbuild/darwin-x64@0.25.12 OK for: esbuild@0.25.12 want: 0.25.12
2447 silly placeDep node_modules/vite @esbuild/freebsd-arm64@0.25.12 OK for: esbuild@0.25.12 want: 0.25.12
2448 silly placeDep node_modules/vite @esbuild/freebsd-x64@0.25.12 OK for: esbuild@0.25.12 want: 0.25.12
2449 silly placeDep node_modules/vite @esbuild/linux-arm@0.25.12 OK for: esbuild@0.25.12 want: 0.25.12
2450 silly placeDep node_modules/vite @esbuild/linux-arm64@0.25.12 OK for: esbuild@0.25.12 want: 0.25.12
2451 silly placeDep node_modules/vite @esbuild/linux-ia32@0.25.12 OK for: esbuild@0.25.12 want: 0.25.12
2452 silly placeDep node_modules/vite @esbuild/linux-loong64@0.25.12 OK for: esbuild@0.25.12 want: 0.25.12
2453 silly placeDep node_modules/vite @esbuild/linux-mips64el@0.25.12 OK for: esbuild@0.25.12 want: 0.25.12
2454 silly placeDep node_modules/vite @esbuild/linux-ppc64@0.25.12 OK for: esbuild@0.25.12 want: 0.25.12
2455 silly placeDep node_modules/vite @esbuild/linux-riscv64@0.25.12 OK for: esbuild@0.25.12 want: 0.25.12
2456 silly placeDep node_modules/vite @esbuild/linux-s390x@0.25.12 OK for: esbuild@0.25.12 want: 0.25.12
2457 silly placeDep node_modules/vite @esbuild/linux-x64@0.25.12 OK for: esbuild@0.25.12 want: 0.25.12
2458 silly placeDep node_modules/vite @esbuild/netbsd-arm64@0.25.12 OK for: esbuild@0.25.12 want: 0.25.12
2459 silly placeDep node_modules/vite @esbuild/netbsd-x64@0.25.12 OK for: esbuild@0.25.12 want: 0.25.12
2460 silly placeDep node_modules/vite @esbuild/openbsd-arm64@0.25.12 OK for: esbuild@0.25.12 want: 0.25.12
2461 silly placeDep node_modules/vite @esbuild/openbsd-x64@0.25.12 OK for: esbuild@0.25.12 want: 0.25.12
2462 silly placeDep node_modules/vite @esbuild/openharmony-arm64@0.25.12 OK for: esbuild@0.25.12 want: 0.25.12
2463 silly placeDep node_modules/vite @esbuild/sunos-x64@0.25.12 OK for: esbuild@0.25.12 want: 0.25.12
2464 silly placeDep node_modules/vite @esbuild/win32-arm64@0.25.12 OK for: esbuild@0.25.12 want: 0.25.12
2465 silly placeDep node_modules/vite @esbuild/win32-ia32@0.25.12 OK for: esbuild@0.25.12 want: 0.25.12
2466 silly placeDep node_modules/vite @esbuild/win32-x64@0.25.12 OK for: esbuild@0.25.12 want: 0.25.12
2467 silly placeDep node_modules/vscode-languageserver vscode-jsonrpc@8.2.0 OK for: vscode-languageserver-protocol@3.17.5 want: 8.2.0
2468 silly placeDep node_modules/vscode-languageserver vscode-languageserver-types@3.17.5 OK for: vscode-languageserver-protocol@3.17.5 want: 3.17.5
2469 silly reify moves {}
2470 silly audit bulk request {
2470 silly audit   '@astrojs/check': [ '0.9.10' ],
2470 silly audit   typescript: [ '5.9.3' ],
2470 silly audit   astro: [ '5.18.2' ],
2470 silly audit   '@astrojs/language-server': [ '2.16.16' ],
2470 silly audit   chokidar: [ '4.0.3', '5.0.0' ],
2470 silly audit   kleur: [ '4.1.5', '3.0.3' ],
2470 silly audit   yargs: [ '18.1.0' ],
2470 silly audit   '@astrojs/compiler': [ '2.13.1' ],
2470 silly audit   '@astrojs/yaml2ts': [ '0.2.4' ],
2470 silly audit   '@jridgewell/sourcemap-codec': [ '1.6.0' ],
2470 silly audit   '@volar/kit': [ '2.4.28' ],
2470 silly audit   '@volar/language-core': [ '2.4.28' ],
2470 silly audit   '@volar/language-server': [ '2.4.28' ],
2470 silly audit   '@volar/language-service': [ '2.4.28' ],
2470 silly audit   'muggle-string': [ '0.4.1' ],
2470 silly audit   tinyglobby: [ '0.2.17' ],
2470 silly audit   'volar-service-css': [ '0.0.71' ],
2470 silly audit   'volar-service-emmet': [ '0.0.71' ],
2470 silly audit   'volar-service-html': [ '0.0.71' ],
2470 silly audit   'volar-service-prettier': [ '0.0.71' ],
2470 silly audit   'volar-service-typescript': [ '0.0.71' ],
2470 silly audit   'volar-service-typescript-twoslash-queries': [ '0.0.71' ],
2470 silly audit   'volar-service-yaml': [ '0.0.71' ],
2470 silly audit   'vscode-html-languageservice': [ '5.6.2' ],
2470 silly audit   'vscode-uri': [ '3.2.0' ],
2470 silly audit   yaml: [ '2.9.0', '2.8.3' ],
2470 silly audit   '@volar/typescript': [ '2.4.28' ],
2470 silly audit   'typesafe-path': [ '0.2.2' ],
2470 silly audit   'vscode-languageserver-textdocument': [ '1.0.14' ],
2470 silly audit   '@volar/source-map': [ '2.4.28' ],
2470 silly audit   'path-browserify': [ '1.0.1' ],
2470 silly audit   'request-light': [ '0.7.0', '0.5.8' ],
2470 silly audit   'vscode-languageserver': [ '9.0.1' ],
2470 silly audit   'vscode-languageserver-protocol': [ '3.18.3', '3.17.5' ],
2470 silly audit   '@astrojs/internal-helpers': [ '0.7.6' ],
2470 silly audit   '@astrojs/markdown-remark': [ '6.3.11' ],
2470 silly audit   '@astrojs/telemetry': [ '3.3.0' ],
2470 silly audit   '@capsizecss/unpack': [ '4.0.1' ],
2470 silly audit   '@oslojs/encoding': [ '1.1.0' ],
2470 silly audit   '@rollup/pluginutils': [ '5.4.0' ],
2470 silly audit   acorn: [ '8.18.0' ],
2470 silly audit   'aria-query': [ '5.3.2' ],
2470 silly audit   'axobject-query': [ '4.1.0' ],
2470 silly audit   boxen: [ '8.0.1' ],
2470 silly audit   'ci-info': [ '4.4.0' ],
2470 silly audit   clsx: [ '2.1.1' ],
2470 silly audit   'common-ancestor-path': [ '1.0.1' ],
2470 silly audit   cookie: [ '1.1.1' ],
2470 silly audit   cssesc: [ '3.0.0' ],
2470 silly audit   debug: [ '4.4.3' ],
2470 silly audit   'deterministic-object-hash': [ '2.0.2' ],
2470 silly audit   devalue: [ '5.9.2' ],
2470 silly audit   diff: [ '8.0.4' ],
2470 silly audit   dlv: [ '1.1.3' ],
2470 silly audit   dset: [ '3.1.4' ],
2470 silly audit   'es-module-lexer': [ '1.7.0' ],
2470 silly audit   esbuild: [ '0.27.7', '0.25.12' ],
2470 silly audit   'estree-walker': [ '3.0.3', '2.0.2' ],
2470 silly audit   flattie: [ '1.1.1' ],
2470 silly audit   fontace: [ '0.4.1' ],
2470 silly audit   'github-slugger': [ '2.0.0' ],
2470 silly audit   'html-escaper': [ '3.0.3' ],
2470 silly audit   'http-cache-semantics': [ '4.2.0' ],
2470 silly audit   'import-meta-resolve': [ '4.2.0' ],
2470 silly audit   'js-yaml': [ '4.3.2' ],
2470 silly audit   'magic-string': [ '0.30.21' ],
2470 silly audit   magicast: [ '0.5.4' ],
2470 silly audit   mrmime: [ '2.0.1' ],
2470 silly audit   neotraverse: [ '0.6.18' ],
2470 silly audit   'p-limit': [ '6.2.0' ],
2470 silly audit   'p-queue': [ '8.1.1' ],
2470 silly audit   'package-manager-detector': [ '1.8.0' ],
2470 silly audit   piccolore: [ '0.1.3' ],
2470 silly audit   picomatch: [ '4.0.7', '2.3.2' ],
2470 silly audit   prompts: [ '2.4.2' ],
2470 silly audit   rehype: [ '13.0.2' ],
2470 silly audit   semver: [ '7.8.5' ],
2470 silly audit   sharp: [ '0.34.5' ],
2470 silly audit   shiki: [ '3.23.0' ],
2470 silly audit   'smol-toml': [ '1.8.0' ],
2470 silly audit   svgo: [ '4.1.0' ],
2470 silly audit   tinyexec: [ '1.3.1' ],
2470 silly audit   tsconfck: [ '3.1.6' ],
2470 silly audit   ultrahtml: [ '1.7.0' ],
2470 silly audit   unifont: [ '0.7.5' ],
2470 silly audit   'unist-util-visit': [ '5.1.0' ],
2470 silly audit   unstorage: [ '1.17.5' ],
2470 silly audit   vfile: [ '6.0.3' ],
2470 silly audit   vite: [ '6.4.3' ],
2470 silly audit   vitefu: [ '1.1.3' ],
2470 silly audit   'xxhash-wasm': [ '1.1.0' ],
2470 silly audit   'yargs-parser': [ '21.1.1', '22.0.0' ],
2470 silly audit   'yocto-spinner': [ '0.2.3' ],
2470 silly audit   zod: [ '3.25.76' ],
2470 silly audit   'zod-to-json-schema': [ '3.25.2' ],
2470 silly audit   'zod-to-ts': [ '1.2.0' ],
2470 silly audit   '@astrojs/prism': [ '3.3.0' ],
2470 silly audit   'hast-util-from-html': [ '2.0.3' ],
2470 silly audit   'hast-util-to-text': [ '4.0.2' ],
2470 silly audit   'mdast-util-definitions': [ '6.0.0' ],
2470 silly audit   'rehype-raw': [ '7.0.0' ],
2470 silly audit   'rehype-stringify': [ '10.0.1' ],
2470 silly audit   'remark-gfm': [ '4.0.1' ],
2470 silly audit   'remark-parse': [ '11.0.0' ],
2470 silly audit   'remark-rehype': [ '11.1.2' ],
2470 silly audit   'remark-smartypants': [ '3.0.3' ],
2470 silly audit   unified: [ '11.0.5' ],
2470 silly audit   'unist-util-remove-position': [ '5.0.0' ],
2470 silly audit   'unist-util-visit-parents': [ '6.0.2' ],
2470 silly audit   prismjs: [ '1.30.0' ],
2470 silly audit   'is-docker': [ '3.0.0' ],
2470 silly audit   'is-wsl': [ '3.1.1' ],
2470 silly audit   'which-pm-runs': [ '1.1.0' ],
2470 silly audit   fontkitten: [ '1.0.3' ],
2470 silly audit   '@types/estree': [ '1.0.9' ],
2470 silly audit   'ansi-align': [ '3.0.1' ],
2470 silly audit   camelcase: [ '8.0.0' ],
2470 silly audit   chalk: [ '5.6.2' ],
2470 silly audit   'cli-boxes': [ '3.0.0' ],
2470 silly audit   'string-width': [ '7.2.0', '4.2.3', '8.2.2' ],
2470 silly audit   'type-fest': [ '4.41.0' ],
2470 silly audit   'widest-line': [ '5.0.0' ],
2470 silly audit   'wrap-ansi': [ '9.0.2' ],
2470 silly audit   readdirp: [ '4.1.2', '5.1.1' ],
2470 silly audit   ms: [ '2.1.3' ],
2470 silly audit   'base-64': [ '1.0.0' ],
2470 silly audit   '@esbuild/aix-ppc64': [ '0.27.7', '0.25.12' ],
2470 silly audit   '@esbuild/android-arm': [ '0.27.7', '0.25.12' ],
2470 silly audit   '@esbuild/android-arm64': [ '0.27.7', '0.25.12' ],
2470 silly audit   '@esbuild/android-x64': [ '0.27.7', '0.25.12' ],
2470 silly audit   '@esbuild/darwin-arm64': [ '0.27.7', '0.25.12' ],
2470 silly audit   '@esbuild/darwin-x64': [ '0.27.7', '0.25.12' ],
2470 silly audit   '@esbuild/freebsd-arm64': [ '0.27.7', '0.25.12' ],
2470 silly audit   '@esbuild/freebsd-x64': [ '0.27.7', '0.25.12' ],
2470 silly audit   '@esbuild/linux-arm': [ '0.27.7', '0.25.12' ],
2470 silly audit   '@esbuild/linux-arm64': [ '0.27.7', '0.25.12' ],
2470 silly audit   '@esbuild/linux-ia32': [ '0.27.7', '0.25.12' ],
2470 silly audit   '@esbuild/linux-loong64': [ '0.27.7', '0.25.12' ],
2470 silly audit   '@esbuild/linux-mips64el': [ '0.27.7', '0.25.12' ],
2470 silly audit   '@esbuild/linux-ppc64': [ '0.27.7', '0.25.12' ],
2470 silly audit   '@esbuild/linux-riscv64': [ '0.27.7', '0.25.12' ],
2470 silly audit   '@esbuild/linux-s390x': [ '0.27.7', '0.25.12' ],
2470 silly audit   '@esbuild/linux-x64': [ '0.27.7', '0.25.12' ],
2470 silly audit   '@esbuild/netbsd-arm64': [ '0.27.7', '0.25.12' ],
2470 silly audit   '@esbuild/netbsd-x64': [ '0.27.7', '0.25.12' ],
2470 silly audit   '@esbuild/openbsd-arm64': [ '0.27.7', '0.25.12' ],
2470 silly audit   '@esbuild/openbsd-x64': [ '0.27.7', '0.25.12' ],
2470 silly audit   '@esbuild/openharmony-arm64': [ '0.27.7', '0.25.12' ],
2470 silly audit   '@esbuild/sunos-x64': [ '0.27.7', '0.25.12' ],
2470 silly audit   '@esbuild/win32-arm64': [ '0.27.7', '0.25.12' ],
2470 silly audit   '@esbuild/win32-ia32': [ '0.27.7', '0.25.12' ],
2470 silly audit   '@esbuild/win32-x64': [ '0.27.7', '0.25.12' ],
2470 silly audit   'tiny-inflate': [ '1.0.3' ],
2470 silly audit   '@types/hast': [ '3.0.5' ],
2470 silly audit   devlop: [ '1.1.0' ],
2470 silly audit   'hast-util-from-parse5': [ '8.0.3' ],
2470 silly audit   parse5: [ '7.3.0' ],
2470 silly audit   'vfile-message': [ '4.0.3' ],
2470 silly audit   '@types/unist': [ '3.0.3' ],
2470 silly audit   dequal: [ '2.0.3' ],
2470 silly audit   hastscript: [ '9.0.1' ],
2470 silly audit   'property-information': [ '7.2.0' ],
2470 silly audit   'vfile-location': [ '5.0.3' ],
2470 silly audit   'web-namespaces': [ '2.0.1' ],
2470 silly audit   'hast-util-is-element': [ '3.0.0' ],
2470 silly audit   'unist-util-find-after': [ '5.0.0' ],
2470 silly audit   'comma-separated-tokens': [ '2.0.3' ],
2470 silly audit   'hast-util-parse-selector': [ '4.0.0' ],
2470 silly audit   'space-separated-tokens': [ '2.0.2' ],
2470 silly audit   'is-inside-container': [ '1.0.0' ],
2470 silly audit   argparse: [ '2.0.1' ],
2470 silly audit   '@babel/parser': [ '7.29.8' ],
2470 silly audit   '@babel/types': [ '7.29.8' ],
2470 silly audit   'source-map-js': [ '1.2.1' ],
2470 silly audit   '@babel/helper-string-parser': [ '7.29.7' ],
2470 silly audit   '@babel/helper-validator-identifier': [ '7.29.7' ],
2470 silly audit   '@types/mdast': [ '4.0.4' ],
2470 silly audit   'yocto-queue': [ '1.2.2' ],
2470 silly audit   eventemitter3: [ '5.0.4' ],
2470 silly audit   'p-timeout': [ '6.1.4' ],
2470 silly audit   entities: [ '6.0.1', '4.5.0' ],
2470 silly audit   sisteransi: [ '1.0.5' ],
2470 silly audit   'rehype-parse': [ '9.0.1' ],
2470 silly audit   'hast-util-raw': [ '9.1.0' ],
2470 silly audit   '@ungap/structured-clone': [ '1.4.0' ],
2470 silly audit   'hast-util-to-parse5': [ '8.0.1' ],
2470 silly audit   'html-void-elements': [ '3.0.0' ],
2470 silly audit   'mdast-util-to-hast': [ '13.2.1' ],
2470 silly audit   'unist-util-position': [ '5.0.0' ],
2470 silly audit   zwitch: [ '2.0.4' ],
2470 silly audit   'micromark-util-sanitize-uri': [ '2.0.1' ],
2470 silly audit   'trim-lines': [ '3.0.1' ],
2470 silly audit   'micromark-util-character': [ '2.1.1' ],
2470 silly audit   'micromark-util-encode': [ '2.0.1' ],
2470 silly audit   'micromark-util-symbol': [ '2.0.1' ],
2470 silly audit   'micromark-util-types': [ '2.0.2' ],
2470 silly audit   'hast-util-to-html': [ '9.0.5' ],
2470 silly audit   ccount: [ '2.0.1' ],
2470 silly audit   'hast-util-whitespace': [ '3.0.0' ],
2470 silly audit   'stringify-entities': [ '4.0.4' ],
2470 silly audit   'mdast-util-gfm': [ '3.1.0' ],
2470 silly audit   'micromark-extension-gfm': [ '3.0.0' ],
2470 silly audit   'remark-stringify': [ '11.0.0' ],
2470 silly audit   'mdast-util-from-markdown': [ '2.0.3' ],
2470 silly audit   'mdast-util-gfm-autolink-literal': [ '2.0.1' ],
2470 silly audit   'mdast-util-gfm-footnote': [ '2.1.0' ],
2470 silly audit   'mdast-util-gfm-strikethrough': [ '2.0.0' ],
2470 silly audit   'mdast-util-gfm-table': [ '2.0.0' ],
2470 silly audit   'mdast-util-gfm-task-list-item': [ '2.0.0' ],
2470 silly audit   'mdast-util-to-markdown': [ '2.1.2' ],
2470 silly audit   'decode-named-character-reference': [ '1.3.0' ],
2470 silly audit   'mdast-util-to-string': [ '4.0.0' ],
2470 silly audit   micromark: [ '4.0.2' ],
2470 silly audit   'micromark-util-decode-numeric-character-reference': [ '2.0.2' ],
2470 silly audit   'micromark-util-decode-string': [ '2.0.1' ],
2470 silly audit   'micromark-util-normalize-identifier': [ '2.0.1' ],
2470 silly audit   'unist-util-stringify-position': [ '4.0.0' ],
2470 silly audit   'character-entities': [ '2.0.2' ],
2470 silly audit   'mdast-util-find-and-replace': [ '3.0.2' ],
2470 silly audit   'escape-string-regexp': [ '5.0.0' ],
2470 silly audit   'unist-util-is': [ '6.0.1' ],
2470 silly audit   'markdown-table': [ '3.0.4' ],
2470 silly audit   'longest-streak': [ '3.1.0' ],
2470 silly audit   'mdast-util-phrasing': [ '4.1.0' ],
2470 silly audit   'micromark-util-classify-character': [ '2.0.1' ],
2470 silly audit   '@types/debug': [ '4.1.13' ],
2470 silly audit   'micromark-core-commonmark': [ '2.0.3' ],
2470 silly audit   'micromark-factory-space': [ '2.0.1' ],
2470 silly audit   'micromark-util-chunked': [ '2.0.1' ],
2470 silly audit   'micromark-util-combine-extensions': [ '2.0.1' ],
2470 silly audit   'micromark-util-resolve-all': [ '2.0.1' ],
2470 silly audit   'micromark-util-subtokenize': [ '2.1.0' ],
2470 silly audit   '@types/ms': [ '2.1.0' ],
2470 silly audit   'micromark-factory-destination': [ '2.0.1' ],
2470 silly audit   'micromark-factory-label': [ '2.0.1' ],
2470 silly audit   'micromark-factory-title': [ '2.0.1' ],
2470 silly audit   'micromark-factory-whitespace': [ '2.0.1' ],
2470 silly audit   'micromark-util-html-tag-name': [ '2.0.1' ],
2470 silly audit   'micromark-extension-gfm-autolink-literal': [ '2.1.0' ],
2470 silly audit   'micromark-extension-gfm-footnote': [ '2.1.0' ],
2470 silly audit   'micromark-extension-gfm-strikethrough': [ '2.1.0' ],
2470 silly audit   'micromark-extension-gfm-table': [ '2.1.1' ],
2470 silly audit   'micromark-extension-gfm-tagfilter': [ '2.0.0' ],
2470 silly audit   'micromark-extension-gfm-task-list-item': [ '2.1.0' ],
2470 silly audit   retext: [ '9.0.0' ],
2470 silly audit   'retext-smartypants': [ '6.2.0' ],
2470 silly audit   '@types/nlcst': [ '2.0.3' ],
2470 silly audit   'retext-latin': [ '4.0.0' ],
2470 silly audit   'retext-stringify': [ '4.0.0' ],
2470 silly audit   'parse-latin': [ '7.0.0' ],
2470 silly audit   'nlcst-to-string': [ '4.0.0' ],
2470 silly audit   'unist-util-modify-children': [ '4.0.0' ],
2470 silly audit   'unist-util-visit-children': [ '3.0.0' ],
2470 silly audit   '@img/colour': [ '1.1.0' ],
2470 silly audit   '@img/sharp-darwin-arm64': [ '0.34.5' ],
2470 silly audit   '@img/sharp-darwin-x64': [ '0.34.5' ],
2470 silly audit   '@img/sharp-libvips-darwin-arm64': [ '1.2.4' ],
2470 silly audit   '@img/sharp-libvips-darwin-x64': [ '1.2.4' ],
2470 silly audit   '@img/sharp-libvips-linux-arm': [ '1.2.4' ],
2470 silly audit   '@img/sharp-libvips-linux-arm64': [ '1.2.4' ],
2470 silly audit   '@img/sharp-libvips-linux-ppc64': [ '1.2.4' ],
2470 silly audit   '@img/sharp-libvips-linux-riscv64': [ '1.2.4' ],
2470 silly audit   '@img/sharp-libvips-linux-s390x': [ '1.2.4' ],
2470 silly audit   '@img/sharp-libvips-linux-x64': [ '1.2.4' ],
2470 silly audit   '@img/sharp-libvips-linuxmusl-arm64': [ '1.2.4' ],
2470 silly audit   '@img/sharp-libvips-linuxmusl-x64': [ '1.2.4' ],
2470 silly audit   '@img/sharp-linux-arm': [ '0.34.5' ],
2470 silly audit   '@img/sharp-linux-arm64': [ '0.34.5' ],
2470 silly audit   '@img/sharp-linux-ppc64': [ '0.34.5' ],
2470 silly audit   '@img/sharp-linux-riscv64': [ '0.34.5' ],
2470 silly audit   '@img/sharp-linux-s390x': [ '0.34.5' ],
2470 silly audit   '@img/sharp-linux-x64': [ '0.34.5' ],
2470 silly audit   '@img/sharp-linuxmusl-arm64': [ '0.34.5' ],
2470 silly audit   '@img/sharp-linuxmusl-x64': [ '0.34.5' ],
2470 silly audit   '@img/sharp-wasm32': [ '0.34.5' ],
2470 silly audit   '@img/sharp-win32-arm64': [ '0.34.5' ],
2470 silly audit   '@img/sharp-win32-ia32': [ '0.34.5' ],
2470 silly audit   '@img/sharp-win32-x64': [ '0.34.5' ],
2470 silly audit   'detect-libc': [ '2.1.2' ],
2470 silly audit   '@emnapi/runtime': [ '1.11.3' ],
2470 silly audit   tslib: [ '2.8.1' ],
2470 silly audit   '@shikijs/core': [ '3.23.0' ],
2470 silly audit   '@shikijs/engine-javascript': [ '3.23.0' ],
2470 silly audit   '@shikijs/engine-oniguruma': [ '3.23.0' ],
2470 silly audit   '@shikijs/langs': [ '3.23.0' ],
2470 silly audit   '@shikijs/themes': [ '3.23.0' ],
2470 silly audit   '@shikijs/types': [ '3.23.0' ],
2470 silly audit   '@shikijs/vscode-textmate': [ '10.0.2' ],
2470 silly audit   'oniguruma-to-es': [ '4.3.6' ],
2470 silly audit   'oniguruma-parser': [ '0.12.2' ],
2470 silly audit   regex: [ '6.1.0' ],
2470 silly audit   'regex-recursion': [ '6.0.2' ],
2470 silly audit   'regex-utilities': [ '2.3.0' ],
2470 silly audit   'emoji-regex': [ '10.6.0', '8.0.0' ],
2470 silly audit   'get-east-asian-width': [ '1.6.0' ],
2470 silly audit   'strip-ansi': [ '7.2.0', '6.0.1' ],
2470 silly audit   'character-entities-html4': [ '2.1.0' ],
2470 silly audit   'character-entities-legacy': [ '3.0.0' ],
2470 silly audit   'ansi-regex': [ '6.3.0', '5.0.1' ],
2470 silly audit   commander: [ '11.1.0' ],
2470 silly audit   'css-select': [ '6.0.0' ],
2470 silly audit   'css-tree': [ '3.2.1', '2.2.1' ],
2470 silly audit   'css-what': [ '7.0.0' ],
2470 silly audit   csso: [ '5.0.5' ],
2470 silly audit   picocolors: [ '1.1.1' ],
2470 silly audit   sax: [ '1.6.1' ],
2470 silly audit   boolbase: [ '1.0.0' ],
2470 silly audit   domhandler: [ '5.0.3' ],
2470 silly audit   domutils: [ '3.2.2' ],
2470 silly audit   'nth-check': [ '2.1.1' ],
2470 silly audit   'mdn-data': [ '2.27.1', '2.0.28' ],
2470 silly audit   domelementtype: [ '2.3.0' ],
2470 silly audit   'dom-serializer': [ '2.0.0' ],
2470 silly audit   fdir: [ '6.5.0' ],
2470 silly audit   bail: [ '2.0.2' ],
2470 silly audit   extend: [ '3.0.2' ],
2470 silly audit   'is-plain-obj': [ '4.1.0' ],
2470 silly audit   trough: [ '2.2.0' ],
2470 silly audit   ohash: [ '2.0.12' ],
2470 silly audit   undici: [ '8.10.2' ],
2470 silly audit   'array-iterate': [ '2.0.1' ],
2470 silly audit   anymatch: [ '3.1.3' ],
2470 silly audit   destr: [ '2.0.5' ],
2470 silly audit   h3: [ '1.15.11' ],
2470 silly audit   'lru-cache': [ '11.5.2' ],
2470 silly audit   'node-fetch-native': [ '1.6.7' ],
2470 silly audit   ofetch: [ '1.5.1' ],
2470 silly audit   ufo: [ '1.6.4' ],
2470 silly audit   'normalize-path': [ '3.0.0' ],
2470 silly audit   'cookie-es': [ '1.2.3' ],
2470 silly audit   crossws: [ '0.3.5' ],
2470 silly audit   defu: [ '6.1.7' ],
2470 silly audit   'iron-webcrypto': [ '1.2.1' ],
2470 silly audit   'node-mock-http': [ '1.0.5' ],
2470 silly audit   radix3: [ '1.1.2' ],
2470 silly audit   uncrypto: [ '0.1.3' ],
2470 silly audit   fsevents: [ '2.3.3' ],
2470 silly audit   postcss: [ '8.5.28' ],
2470 silly audit   rollup: [ '4.63.1' ],
2470 silly audit   nanoid: [ '3.3.18' ],
2470 silly audit   '@napi-rs/lzma-linux-x64-gnu': [ '1.5.1' ],
2470 silly audit   '@rollup/rollup-android-arm-eabi': [ '4.63.1' ],
2470 silly audit   '@rollup/rollup-android-arm64': [ '4.63.1' ],
2470 silly audit   '@rollup/rollup-darwin-arm64': [ '4.63.1' ],
2470 silly audit   '@rollup/rollup-darwin-x64': [ '4.63.1' ],
2470 silly audit   '@rollup/rollup-freebsd-arm64': [ '4.63.1' ],
2470 silly audit   '@rollup/rollup-freebsd-x64': [ '4.63.1' ],
2470 silly audit   '@rollup/rollup-linux-arm-gnueabihf': [ '4.63.1' ],
2470 silly audit   '@rollup/rollup-linux-arm-musleabihf': [ '4.63.1' ],
2470 silly audit   '@rollup/rollup-linux-arm64-gnu': [ '4.63.1' ],
2470 silly audit   '@rollup/rollup-linux-arm64-musl': [ '4.63.1' ],
2470 silly audit   '@rollup/rollup-linux-loong64-gnu': [ '4.63.1' ],
2470 silly audit   '@rollup/rollup-linux-loong64-musl': [ '4.63.1' ],
2470 silly audit   '@rollup/rollup-linux-ppc64-gnu': [ '4.63.1' ],
2470 silly audit   '@rollup/rollup-linux-ppc64-musl': [ '4.63.1' ],
2470 silly audit   '@rollup/rollup-linux-riscv64-gnu': [ '4.63.1' ],
2470 silly audit   '@rollup/rollup-linux-riscv64-musl': [ '4.63.1' ],
2470 silly audit   '@rollup/rollup-linux-s390x-gnu': [ '4.63.1' ],
2470 silly audit   '@rollup/rollup-linux-x64-gnu': [ '4.63.1' ],
2470 silly audit   '@rollup/rollup-linux-x64-musl': [ '4.63.1' ],
2470 silly audit   '@rollup/rollup-openbsd-x64': [ '4.63.1' ],
2470 silly audit   '@rollup/rollup-openharmony-arm64': [ '4.63.1' ],
2470 silly audit   '@rollup/rollup-win32-arm64-msvc': [ '4.63.1' ],
2470 silly audit   '@rollup/rollup-win32-ia32-msvc': [ '4.63.1' ],
2470 silly audit   '@rollup/rollup-win32-x64-gnu': [ '4.63.1' ],
2470 silly audit   '@rollup/rollup-win32-x64-msvc': [ '4.63.1' ],
2470 silly audit   'vscode-css-languageservice': [ '6.3.10' ],
2470 silly audit   '@emmetio/css-parser': [ '0.4.1' ],
2470 silly audit   '@emmetio/html-matcher': [ '1.3.0' ],
2470 silly audit   '@vscode/emmet-helper': [ '2.11.0' ],
2470 silly audit   '@emmetio/stream-reader': [ '2.2.0' ],
2470 silly audit   '@emmetio/stream-reader-utils': [ '0.1.0' ],
2470 silly audit   '@emmetio/scanner': [ '1.0.4' ],
2470 silly audit   emmet: [ '2.4.11' ],
2470 silly audit   'jsonc-parser': [ '2.3.1', '3.3.1' ],
2470 silly audit   'vscode-languageserver-types': [ '3.18.3', '3.17.5' ],
2470 silly audit   '@emmetio/abbreviation': [ '2.3.3' ],
2470 silly audit   '@emmetio/css-abbreviation': [ '2.1.8' ],
2470 silly audit   'typescript-auto-import-cache': [ '0.3.6' ],
2470 silly audit   'vscode-nls': [ '5.2.0' ],
2470 silly audit   'yaml-language-server': [ '1.23.0' ],
2470 silly audit   '@vscode/l10n': [ '0.0.18' ],
2470 silly audit   'vscode-jsonrpc': [ '9.0.2', '8.2.0' ],
2470 silly audit   'ansi-styles': [ '6.2.3' ],
2470 silly audit   ajv: [ '8.20.0' ],
2470 silly audit   'ajv-draft-04': [ '1.0.0' ],
2470 silly audit   'ajv-i18n': [ '4.2.0' ],
2470 silly audit   prettier: [ '3.9.6' ],
2470 silly audit   'vscode-json-languageservice': [ '4.1.8' ],
2470 silly audit   'fast-deep-equal': [ '3.1.3' ],
2470 silly audit   'fast-uri': [ '3.1.7' ],
2470 silly audit   'json-schema-traverse': [ '1.0.0' ],
2470 silly audit   'require-from-string': [ '2.0.2' ],
2470 silly audit   cliui: [ '9.0.1' ],
2470 silly audit   escalade: [ '3.2.0' ],
2470 silly audit   'get-caller-file': [ '2.0.5' ],
2470 silly audit   y18n: [ '5.0.8' ],
2470 silly audit   yoctocolors: [ '2.2.0' ],
2470 silly audit   'is-fullwidth-code-point': [ '3.0.0' ]
2470 silly audit }
2471 http cache is-fullwidth-code-point@https://registry.npmjs.org/is-fullwidth-code-point/-/is-fullwidth-code-point-3.0.0.tgz 0ms (cache hit)
2472 http cache yoctocolors@https://registry.npmjs.org/yoctocolors/-/yoctocolors-2.2.0.tgz 0ms (cache hit)
2473 http cache get-caller-file@https://registry.npmjs.org/get-caller-file/-/get-caller-file-2.0.5.tgz 0ms (cache hit)
2474 http cache y18n@https://registry.npmjs.org/y18n/-/y18n-5.0.8.tgz 0ms (cache hit)
2475 http cache cliui@https://registry.npmjs.org/cliui/-/cliui-9.0.1.tgz 0ms (cache hit)
2476 http cache escalade@https://registry.npmjs.org/escalade/-/escalade-3.2.0.tgz 0ms (cache hit)
2477 http cache json-schema-traverse@https://registry.npmjs.org/json-schema-traverse/-/json-schema-traverse-1.0.0.tgz 0ms (cache hit)
2478 http cache require-from-string@https://registry.npmjs.org/require-from-string/-/require-from-string-2.0.2.tgz 0ms (cache hit)
2479 http cache fast-deep-equal@https://registry.npmjs.org/fast-deep-equal/-/fast-deep-equal-3.1.3.tgz 0ms (cache hit)
2480 http cache fast-uri@https://registry.npmjs.org/fast-uri/-/fast-uri-3.1.7.tgz 0ms (cache hit)
2481 http cache vscode-json-languageservice@https://registry.npmjs.org/vscode-json-languageservice/-/vscode-json-languageservice-4.1.8.tgz 0ms (cache hit)
2482 http cache ajv-i18n@https://registry.npmjs.org/ajv-i18n/-/ajv-i18n-4.2.0.tgz 0ms (cache hit)
2483 http cache ajv@https://registry.npmjs.org/ajv/-/ajv-8.20.0.tgz 0ms (cache hit)
2484 http cache @vscode/l10n@https://registry.npmjs.org/@vscode/l10n/-/l10n-0.0.18.tgz 0ms (cache hit)
2485 http cache prettier@https://registry.npmjs.org/prettier/-/prettier-3.9.6.tgz 0ms (cache hit)
2486 http cache ajv-draft-04@https://registry.npmjs.org/ajv-draft-04/-/ajv-draft-04-1.0.0.tgz 0ms (cache hit)
2487 http cache ansi-styles@https://registry.npmjs.org/ansi-styles/-/ansi-styles-6.2.3.tgz 0ms (cache hit)
2488 http cache vscode-jsonrpc@https://registry.npmjs.org/vscode-jsonrpc/-/vscode-jsonrpc-9.0.2.tgz 0ms (cache hit)
2489 http cache @emmetio/css-abbreviation@https://registry.npmjs.org/@emmetio/css-abbreviation/-/css-abbreviation-2.1.8.tgz 0ms (cache hit)
2490 http cache @emmetio/abbreviation@https://registry.npmjs.org/@emmetio/abbreviation/-/abbreviation-2.3.3.tgz 0ms (cache hit)
2491 http cache vscode-nls@https://registry.npmjs.org/vscode-nls/-/vscode-nls-5.2.0.tgz 0ms (cache hit)
2492 http cache yaml-language-server@https://registry.npmjs.org/yaml-language-server/-/yaml-language-server-1.23.0.tgz 0ms (cache hit)
2493 http cache typescript-auto-import-cache@https://registry.npmjs.org/typescript-auto-import-cache/-/typescript-auto-import-cache-0.3.6.tgz 0ms (cache hit)
2494 http cache @emmetio/scanner@https://registry.npmjs.org/@emmetio/scanner/-/scanner-1.0.4.tgz 0ms (cache hit)
2495 http cache @emmetio/stream-reader-utils@https://registry.npmjs.org/@emmetio/stream-reader-utils/-/stream-reader-utils-0.1.0.tgz 0ms (cache hit)
2496 http cache @emmetio/stream-reader@https://registry.npmjs.org/@emmetio/stream-reader/-/stream-reader-2.2.0.tgz 0ms (cache hit)
2497 http cache @vscode/emmet-helper@https://registry.npmjs.org/@vscode/emmet-helper/-/emmet-helper-2.11.0.tgz 0ms (cache hit)
2498 http cache vscode-languageserver-types@https://registry.npmjs.org/vscode-languageserver-types/-/vscode-languageserver-types-3.18.3.tgz 0ms (cache hit)
2499 http cache jsonc-parser@https://registry.npmjs.org/jsonc-parser/-/jsonc-parser-2.3.1.tgz 0ms (cache hit)
2500 http cache emmet@https://registry.npmjs.org/emmet/-/emmet-2.4.11.tgz 0ms (cache hit)
2501 http cache vscode-css-languageservice@https://registry.npmjs.org/vscode-css-languageservice/-/vscode-css-languageservice-6.3.10.tgz 0ms (cache hit)
2502 http cache @emmetio/html-matcher@https://registry.npmjs.org/@emmetio/html-matcher/-/html-matcher-1.3.0.tgz 0ms (cache hit)
2503 http cache @emmetio/css-parser@https://registry.npmjs.org/@emmetio/css-parser/-/css-parser-0.4.1.tgz 0ms (cache hit)
2504 http cache @rollup/rollup-win32-x64-msvc@https://registry.npmjs.org/@rollup/rollup-win32-x64-msvc/-/rollup-win32-x64-msvc-4.63.1.tgz 0ms (cache hit)
2505 http cache @rollup/rollup-win32-x64-gnu@https://registry.npmjs.org/@rollup/rollup-win32-x64-gnu/-/rollup-win32-x64-gnu-4.63.1.tgz 0ms (cache hit)
2506 http cache nanoid@https://registry.npmjs.org/nanoid/-/nanoid-3.3.18.tgz 0ms (cache hit)
2507 http cache rollup@https://registry.npmjs.org/rollup/-/rollup-4.63.1.tgz 0ms (cache hit)
2508 http cache postcss@https://registry.npmjs.org/postcss/-/postcss-8.5.28.tgz 0ms (cache hit)
2509 http cache uncrypto@https://registry.npmjs.org/uncrypto/-/uncrypto-0.1.3.tgz 0ms (cache hit)
2510 http cache iron-webcrypto@https://registry.npmjs.org/iron-webcrypto/-/iron-webcrypto-1.2.1.tgz 1ms (cache hit)
2511 http cache node-mock-http@https://registry.npmjs.org/node-mock-http/-/node-mock-http-1.0.5.tgz 0ms (cache hit)
2512 http cache radix3@https://registry.npmjs.org/radix3/-/radix3-1.1.2.tgz 0ms (cache hit)
2513 http cache crossws@https://registry.npmjs.org/crossws/-/crossws-0.3.5.tgz 0ms (cache hit)
2514 http cache defu@https://registry.npmjs.org/defu/-/defu-6.1.7.tgz 0ms (cache hit)
2515 http cache cookie-es@https://registry.npmjs.org/cookie-es/-/cookie-es-1.2.3.tgz 0ms (cache hit)
2516 http cache normalize-path@https://registry.npmjs.org/normalize-path/-/normalize-path-3.0.0.tgz 0ms (cache hit)
2517 http cache ufo@https://registry.npmjs.org/ufo/-/ufo-1.6.4.tgz 0ms (cache hit)
2518 http cache node-fetch-native@https://registry.npmjs.org/node-fetch-native/-/node-fetch-native-1.6.7.tgz 0ms (cache hit)
2519 http cache ofetch@https://registry.npmjs.org/ofetch/-/ofetch-1.5.1.tgz 0ms (cache hit)
2520 http cache lru-cache@https://registry.npmjs.org/lru-cache/-/lru-cache-11.5.2.tgz 0ms (cache hit)
2521 http cache h3@https://registry.npmjs.org/h3/-/h3-1.15.11.tgz 0ms (cache hit)
2522 http cache array-iterate@https://registry.npmjs.org/array-iterate/-/array-iterate-2.0.1.tgz 0ms (cache hit)
2523 http cache undici@https://registry.npmjs.org/undici/-/undici-8.10.2.tgz 0ms (cache hit)
2524 http cache anymatch@https://registry.npmjs.org/anymatch/-/anymatch-3.1.3.tgz 0ms (cache hit)
2525 http cache ohash@https://registry.npmjs.org/ohash/-/ohash-2.0.12.tgz 0ms (cache hit)
2526 http cache destr@https://registry.npmjs.org/destr/-/destr-2.0.5.tgz 0ms (cache hit)
2527 http cache trough@https://registry.npmjs.org/trough/-/trough-2.2.0.tgz 0ms (cache hit)
2528 http cache is-plain-obj@https://registry.npmjs.org/is-plain-obj/-/is-plain-obj-4.1.0.tgz 0ms (cache hit)
2529 http cache bail@https://registry.npmjs.org/bail/-/bail-2.0.2.tgz 0ms (cache hit)
2530 http cache fdir@https://registry.npmjs.org/fdir/-/fdir-6.5.0.tgz 0ms (cache hit)
2531 http cache extend@https://registry.npmjs.org/extend/-/extend-3.0.2.tgz 0ms (cache hit)
2532 http cache dom-serializer@https://registry.npmjs.org/dom-serializer/-/dom-serializer-2.0.0.tgz 0ms (cache hit)
2533 http cache domelementtype@https://registry.npmjs.org/domelementtype/-/domelementtype-2.3.0.tgz 0ms (cache hit)
2534 http cache mdn-data@https://registry.npmjs.org/mdn-data/-/mdn-data-2.27.1.tgz 0ms (cache hit)
2535 http cache nth-check@https://registry.npmjs.org/nth-check/-/nth-check-2.1.1.tgz 0ms (cache hit)
2536 http cache domutils@https://registry.npmjs.org/domutils/-/domutils-3.2.2.tgz 0ms (cache hit)
2537 http cache domhandler@https://registry.npmjs.org/domhandler/-/domhandler-5.0.3.tgz 0ms (cache hit)
2538 http cache boolbase@https://registry.npmjs.org/boolbase/-/boolbase-1.0.0.tgz 0ms (cache hit)
2539 http cache picocolors@https://registry.npmjs.org/picocolors/-/picocolors-1.1.1.tgz 0ms (cache hit)
2540 http cache sax@https://registry.npmjs.org/sax/-/sax-1.6.1.tgz 0ms (cache hit)
2541 http cache csso@https://registry.npmjs.org/csso/-/csso-5.0.5.tgz 0ms (cache hit)
2542 http cache css-select@https://registry.npmjs.org/css-select/-/css-select-6.0.0.tgz 0ms (cache hit)
2543 http cache css-tree@https://registry.npmjs.org/css-tree/-/css-tree-3.2.1.tgz 0ms (cache hit)
2544 http cache css-what@https://registry.npmjs.org/css-what/-/css-what-7.0.0.tgz 0ms (cache hit)
2545 http cache commander@https://registry.npmjs.org/commander/-/commander-11.1.0.tgz 0ms (cache hit)
2546 http cache ansi-regex@https://registry.npmjs.org/ansi-regex/-/ansi-regex-6.3.0.tgz 0ms (cache hit)
2547 http cache strip-ansi@https://registry.npmjs.org/strip-ansi/-/strip-ansi-7.2.0.tgz 0ms (cache hit)
2548 http cache character-entities-html4@https://registry.npmjs.org/character-entities-html4/-/character-entities-html4-2.1.0.tgz 0ms (cache hit)
2549 http cache character-entities-legacy@https://registry.npmjs.org/character-entities-legacy/-/character-entities-legacy-3.0.0.tgz 0ms (cache hit)
2550 http cache regex-utilities@https://registry.npmjs.org/regex-utilities/-/regex-utilities-2.3.0.tgz 0ms (cache hit)
2551 http cache get-east-asian-width@https://registry.npmjs.org/get-east-asian-width/-/get-east-asian-width-1.6.0.tgz 0ms (cache hit)
2552 http cache regex-recursion@https://registry.npmjs.org/regex-recursion/-/regex-recursion-6.0.2.tgz 0ms (cache hit)
2553 http cache emoji-regex@https://registry.npmjs.org/emoji-regex/-/emoji-regex-10.6.0.tgz 0ms (cache hit)
2554 http cache regex@https://registry.npmjs.org/regex/-/regex-6.1.0.tgz 0ms (cache hit)
2555 http cache @shikijs/types@https://registry.npmjs.org/@shikijs/types/-/types-3.23.0.tgz 0ms (cache hit)
2556 http cache oniguruma-parser@https://registry.npmjs.org/oniguruma-parser/-/oniguruma-parser-0.12.2.tgz 0ms (cache hit)
2557 http cache oniguruma-to-es@https://registry.npmjs.org/oniguruma-to-es/-/oniguruma-to-es-4.3.6.tgz 0ms (cache hit)
2558 http cache @shikijs/vscode-textmate@https://registry.npmjs.org/@shikijs/vscode-textmate/-/vscode-textmate-10.0.2.tgz 0ms (cache hit)
2559 http cache @shikijs/themes@https://registry.npmjs.org/@shikijs/themes/-/themes-3.23.0.tgz 0ms (cache hit)
2560 http cache @shikijs/engine-oniguruma@https://registry.npmjs.org/@shikijs/engine-oniguruma/-/engine-oniguruma-3.23.0.tgz 0ms (cache hit)
2561 http cache @shikijs/langs@https://registry.npmjs.org/@shikijs/langs/-/langs-3.23.0.tgz 0ms (cache hit)
2562 http cache detect-libc@https://registry.npmjs.org/detect-libc/-/detect-libc-2.1.2.tgz 0ms (cache hit)
2563 http cache @shikijs/engine-javascript@https://registry.npmjs.org/@shikijs/engine-javascript/-/engine-javascript-3.23.0.tgz 0ms (cache hit)
2564 http cache unist-util-visit-children@https://registry.npmjs.org/unist-util-visit-children/-/unist-util-visit-children-3.0.0.tgz 0ms (cache hit)
2565 http cache @shikijs/core@https://registry.npmjs.org/@shikijs/core/-/core-3.23.0.tgz 0ms (cache hit)
2566 http cache @img/sharp-win32-x64@https://registry.npmjs.org/@img/sharp-win32-x64/-/sharp-win32-x64-0.34.5.tgz 0ms (cache hit)
2567 http cache @img/colour@https://registry.npmjs.org/@img/colour/-/colour-1.1.0.tgz 0ms (cache hit)
2568 http cache nlcst-to-string@https://registry.npmjs.org/nlcst-to-string/-/nlcst-to-string-4.0.0.tgz 0ms (cache hit)
2569 http cache unist-util-modify-children@https://registry.npmjs.org/unist-util-modify-children/-/unist-util-modify-children-4.0.0.tgz 0ms (cache hit)
2570 http cache parse-latin@https://registry.npmjs.org/parse-latin/-/parse-latin-7.0.0.tgz 0ms (cache hit)
2571 http cache @types/nlcst@https://registry.npmjs.org/@types/nlcst/-/nlcst-2.0.3.tgz 0ms (cache hit)
2572 http cache retext-stringify@https://registry.npmjs.org/retext-stringify/-/retext-stringify-4.0.0.tgz 0ms (cache hit)
2573 http cache retext-latin@https://registry.npmjs.org/retext-latin/-/retext-latin-4.0.0.tgz 0ms (cache hit)
2574 http cache retext-smartypants@https://registry.npmjs.org/retext-smartypants/-/retext-smartypants-6.2.0.tgz 0ms (cache hit)
2575 http cache micromark-extension-gfm-task-list-item@https://registry.npmjs.org/micromark-extension-gfm-task-list-item/-/micromark-extension-gfm-task-list-item-2.1.0.tgz 0ms (cache hit)
2576 http cache retext@https://registry.npmjs.org/retext/-/retext-9.0.0.tgz 0ms (cache hit)
2577 http cache micromark-extension-gfm-table@https://registry.npmjs.org/micromark-extension-gfm-table/-/micromark-extension-gfm-table-2.1.1.tgz 0ms (cache hit)
2578 http cache micromark-extension-gfm-strikethrough@https://registry.npmjs.org/micromark-extension-gfm-strikethrough/-/micromark-extension-gfm-strikethrough-2.1.0.tgz 0ms (cache hit)
2579 http cache micromark-extension-gfm-tagfilter@https://registry.npmjs.org/micromark-extension-gfm-tagfilter/-/micromark-extension-gfm-tagfilter-2.0.0.tgz 0ms (cache hit)
2580 http cache micromark-extension-gfm-autolink-literal@https://registry.npmjs.org/micromark-extension-gfm-autolink-literal/-/micromark-extension-gfm-autolink-literal-2.1.0.tgz 0ms (cache hit)
2581 http cache micromark-util-html-tag-name@https://registry.npmjs.org/micromark-util-html-tag-name/-/micromark-util-html-tag-name-2.0.1.tgz 0ms (cache hit)
2582 http cache micromark-extension-gfm-footnote@https://registry.npmjs.org/micromark-extension-gfm-footnote/-/micromark-extension-gfm-footnote-2.1.0.tgz 0ms (cache hit)
2583 http cache micromark-factory-title@https://registry.npmjs.org/micromark-factory-title/-/micromark-factory-title-2.0.1.tgz 0ms (cache hit)
2584 http cache micromark-factory-whitespace@https://registry.npmjs.org/micromark-factory-whitespace/-/micromark-factory-whitespace-2.0.1.tgz 0ms (cache hit)
2585 http cache @types/ms@https://registry.npmjs.org/@types/ms/-/ms-2.1.0.tgz 0ms (cache hit)
2586 http cache micromark-factory-label@https://registry.npmjs.org/micromark-factory-label/-/micromark-factory-label-2.0.1.tgz 0ms (cache hit)
2587 http cache micromark-factory-destination@https://registry.npmjs.org/micromark-factory-destination/-/micromark-factory-destination-2.0.1.tgz 0ms (cache hit)
2588 http cache micromark-util-subtokenize@https://registry.npmjs.org/micromark-util-subtokenize/-/micromark-util-subtokenize-2.1.0.tgz 0ms (cache hit)
2589 http cache micromark-util-resolve-all@https://registry.npmjs.org/micromark-util-resolve-all/-/micromark-util-resolve-all-2.0.1.tgz 0ms (cache hit)
2590 http cache micromark-util-combine-extensions@https://registry.npmjs.org/micromark-util-combine-extensions/-/micromark-util-combine-extensions-2.0.1.tgz 0ms (cache hit)
2591 http cache micromark-util-chunked@https://registry.npmjs.org/micromark-util-chunked/-/micromark-util-chunked-2.0.1.tgz 0ms (cache hit)
2592 http cache micromark-factory-space@https://registry.npmjs.org/micromark-factory-space/-/micromark-factory-space-2.0.1.tgz 0ms (cache hit)
2593 http cache micromark-core-commonmark@https://registry.npmjs.org/micromark-core-commonmark/-/micromark-core-commonmark-2.0.3.tgz 0ms (cache hit)
2594 http cache mdast-util-phrasing@https://registry.npmjs.org/mdast-util-phrasing/-/mdast-util-phrasing-4.1.0.tgz 0ms (cache hit)
2595 http cache micromark-util-classify-character@https://registry.npmjs.org/micromark-util-classify-character/-/micromark-util-classify-character-2.0.1.tgz 0ms (cache hit)
2596 http cache longest-streak@https://registry.npmjs.org/longest-streak/-/longest-streak-3.1.0.tgz 0ms (cache hit)
2597 http cache unist-util-is@https://registry.npmjs.org/unist-util-is/-/unist-util-is-6.0.1.tgz 0ms (cache hit)
2598 http cache @types/debug@https://registry.npmjs.org/@types/debug/-/debug-4.1.13.tgz 0ms (cache hit)
2599 http cache markdown-table@https://registry.npmjs.org/markdown-table/-/markdown-table-3.0.4.tgz 0ms (cache hit)
2600 http cache escape-string-regexp@https://registry.npmjs.org/escape-string-regexp/-/escape-string-regexp-5.0.0.tgz 0ms (cache hit)
2601 http cache unist-util-stringify-position@https://registry.npmjs.org/unist-util-stringify-position/-/unist-util-stringify-position-4.0.0.tgz 0ms (cache hit)
2602 http cache mdast-util-find-and-replace@https://registry.npmjs.org/mdast-util-find-and-replace/-/mdast-util-find-and-replace-3.0.2.tgz 0ms (cache hit)
2603 http cache character-entities@https://registry.npmjs.org/character-entities/-/character-entities-2.0.2.tgz 0ms (cache hit)
2604 http cache micromark-util-normalize-identifier@https://registry.npmjs.org/micromark-util-normalize-identifier/-/micromark-util-normalize-identifier-2.0.1.tgz 0ms (cache hit)
2605 http cache micromark-util-decode-string@https://registry.npmjs.org/micromark-util-decode-string/-/micromark-util-decode-string-2.0.1.tgz 0ms (cache hit)
2606 http cache micromark-util-decode-numeric-character-reference@https://registry.npmjs.org/micromark-util-decode-numeric-character-reference/-/micromark-util-decode-numeric-character-reference-2.0.2.tgz 0ms (cache hit)
2607 http cache micromark@https://registry.npmjs.org/micromark/-/micromark-4.0.2.tgz 0ms (cache hit)
2608 http cache mdast-util-to-string@https://registry.npmjs.org/mdast-util-to-string/-/mdast-util-to-string-4.0.0.tgz 0ms (cache hit)
2609 http cache mdast-util-to-markdown@https://registry.npmjs.org/mdast-util-to-markdown/-/mdast-util-to-markdown-2.1.2.tgz 0ms (cache hit)
2610 http cache decode-named-character-reference@https://registry.npmjs.org/decode-named-character-reference/-/decode-named-character-reference-1.3.0.tgz 0ms (cache hit)
2611 http cache mdast-util-gfm-task-list-item@https://registry.npmjs.org/mdast-util-gfm-task-list-item/-/mdast-util-gfm-task-list-item-2.0.0.tgz 0ms (cache hit)
2612 http cache mdast-util-gfm-table@https://registry.npmjs.org/mdast-util-gfm-table/-/mdast-util-gfm-table-2.0.0.tgz 0ms (cache hit)
2613 http cache mdast-util-gfm-footnote@https://registry.npmjs.org/mdast-util-gfm-footnote/-/mdast-util-gfm-footnote-2.1.0.tgz 0ms (cache hit)
2614 http cache mdast-util-gfm-strikethrough@https://registry.npmjs.org/mdast-util-gfm-strikethrough/-/mdast-util-gfm-strikethrough-2.0.0.tgz 0ms (cache hit)
2615 http cache remark-stringify@https://registry.npmjs.org/remark-stringify/-/remark-stringify-11.0.0.tgz 0ms (cache hit)
2616 http cache mdast-util-gfm-autolink-literal@https://registry.npmjs.org/mdast-util-gfm-autolink-literal/-/mdast-util-gfm-autolink-literal-2.0.1.tgz 0ms (cache hit)
2617 http cache mdast-util-from-markdown@https://registry.npmjs.org/mdast-util-from-markdown/-/mdast-util-from-markdown-2.0.3.tgz 0ms (cache hit)
2618 http cache mdast-util-gfm@https://registry.npmjs.org/mdast-util-gfm/-/mdast-util-gfm-3.1.0.tgz 0ms (cache hit)
2619 http cache stringify-entities@https://registry.npmjs.org/stringify-entities/-/stringify-entities-4.0.4.tgz 0ms (cache hit)
2620 http cache hast-util-whitespace@https://registry.npmjs.org/hast-util-whitespace/-/hast-util-whitespace-3.0.0.tgz 0ms (cache hit)
2621 http cache micromark-extension-gfm@https://registry.npmjs.org/micromark-extension-gfm/-/micromark-extension-gfm-3.0.0.tgz 0ms (cache hit)
2622 http cache ccount@https://registry.npmjs.org/ccount/-/ccount-2.0.1.tgz 0ms (cache hit)
2623 http cache hast-util-to-html@https://registry.npmjs.org/hast-util-to-html/-/hast-util-to-html-9.0.5.tgz 0ms (cache hit)
2624 http cache micromark-util-types@https://registry.npmjs.org/micromark-util-types/-/micromark-util-types-2.0.2.tgz 0ms (cache hit)
2625 http cache micromark-util-symbol@https://registry.npmjs.org/micromark-util-symbol/-/micromark-util-symbol-2.0.1.tgz 0ms (cache hit)
2626 http cache micromark-util-encode@https://registry.npmjs.org/micromark-util-encode/-/micromark-util-encode-2.0.1.tgz 0ms (cache hit)
2627 http cache trim-lines@https://registry.npmjs.org/trim-lines/-/trim-lines-3.0.1.tgz 0ms (cache hit)
2628 http cache micromark-util-character@https://registry.npmjs.org/micromark-util-character/-/micromark-util-character-2.1.1.tgz 0ms (cache hit)
2629 http cache micromark-util-sanitize-uri@https://registry.npmjs.org/micromark-util-sanitize-uri/-/micromark-util-sanitize-uri-2.0.1.tgz 0ms (cache hit)
2630 http cache mdast-util-to-hast@https://registry.npmjs.org/mdast-util-to-hast/-/mdast-util-to-hast-13.2.1.tgz 0ms (cache hit)
2631 http cache unist-util-position@https://registry.npmjs.org/unist-util-position/-/unist-util-position-5.0.0.tgz 0ms (cache hit)
2632 http cache html-void-elements@https://registry.npmjs.org/html-void-elements/-/html-void-elements-3.0.0.tgz 0ms (cache hit)
2633 http cache zwitch@https://registry.npmjs.org/zwitch/-/zwitch-2.0.4.tgz 0ms (cache hit)
2634 http cache hast-util-to-parse5@https://registry.npmjs.org/hast-util-to-parse5/-/hast-util-to-parse5-8.0.1.tgz 0ms (cache hit)
2635 http cache @ungap/structured-clone@https://registry.npmjs.org/@ungap/structured-clone/-/structured-clone-1.4.0.tgz 0ms (cache hit)
2636 http cache hast-util-raw@https://registry.npmjs.org/hast-util-raw/-/hast-util-raw-9.1.0.tgz 0ms (cache hit)
2637 http cache rehype-parse@https://registry.npmjs.org/rehype-parse/-/rehype-parse-9.0.1.tgz 0ms (cache hit)
2638 http cache entities@https://registry.npmjs.org/entities/-/entities-6.0.1.tgz 0ms (cache hit)
2639 http cache sisteransi@https://registry.npmjs.org/sisteransi/-/sisteransi-1.0.5.tgz 0ms (cache hit)
2640 http cache @types/mdast@https://registry.npmjs.org/@types/mdast/-/mdast-4.0.4.tgz 0ms (cache hit)
2641 http cache @babel/helper-validator-identifier@https://registry.npmjs.org/@babel/helper-validator-identifier/-/helper-validator-identifier-7.29.7.tgz 0ms (cache hit)
2642 http cache yocto-queue@https://registry.npmjs.org/yocto-queue/-/yocto-queue-1.2.2.tgz 0ms (cache hit)
2643 http cache eventemitter3@https://registry.npmjs.org/eventemitter3/-/eventemitter3-5.0.4.tgz 0ms (cache hit)
2644 http cache @babel/helper-string-parser@https://registry.npmjs.org/@babel/helper-string-parser/-/helper-string-parser-7.29.7.tgz 0ms (cache hit)
2645 http cache source-map-js@https://registry.npmjs.org/source-map-js/-/source-map-js-1.2.1.tgz 0ms (cache hit)
2646 http cache p-timeout@https://registry.npmjs.org/p-timeout/-/p-timeout-6.1.4.tgz 1ms (cache hit)
2647 http cache argparse@https://registry.npmjs.org/argparse/-/argparse-2.0.1.tgz 0ms (cache hit)
2648 http cache @babel/types@https://registry.npmjs.org/@babel/types/-/types-7.29.8.tgz 0ms (cache hit)
2649 http cache @babel/parser@https://registry.npmjs.org/@babel/parser/-/parser-7.29.8.tgz 0ms (cache hit)
2650 http cache is-inside-container@https://registry.npmjs.org/is-inside-container/-/is-inside-container-1.0.0.tgz 0ms (cache hit)
2651 http cache hast-util-parse-selector@https://registry.npmjs.org/hast-util-parse-selector/-/hast-util-parse-selector-4.0.0.tgz 0ms (cache hit)
2652 http cache space-separated-tokens@https://registry.npmjs.org/space-separated-tokens/-/space-separated-tokens-2.0.2.tgz 0ms (cache hit)
2653 http cache comma-separated-tokens@https://registry.npmjs.org/comma-separated-tokens/-/comma-separated-tokens-2.0.3.tgz 0ms (cache hit)
2654 http cache unist-util-find-after@https://registry.npmjs.org/unist-util-find-after/-/unist-util-find-after-5.0.0.tgz 0ms (cache hit)
2655 http cache hast-util-is-element@https://registry.npmjs.org/hast-util-is-element/-/hast-util-is-element-3.0.0.tgz 0ms (cache hit)
2656 http cache web-namespaces@https://registry.npmjs.org/web-namespaces/-/web-namespaces-2.0.1.tgz 0ms (cache hit)
2657 http cache vfile-location@https://registry.npmjs.org/vfile-location/-/vfile-location-5.0.3.tgz 0ms (cache hit)
2658 http cache property-information@https://registry.npmjs.org/property-information/-/property-information-7.2.0.tgz 0ms (cache hit)
2659 http cache @types/unist@https://registry.npmjs.org/@types/unist/-/unist-3.0.3.tgz 0ms (cache hit)
2660 http cache hastscript@https://registry.npmjs.org/hastscript/-/hastscript-9.0.1.tgz 0ms (cache hit)
2661 http cache dequal@https://registry.npmjs.org/dequal/-/dequal-2.0.3.tgz 0ms (cache hit)
2662 http cache vfile-message@https://registry.npmjs.org/vfile-message/-/vfile-message-4.0.3.tgz 0ms (cache hit)
2663 http cache parse5@https://registry.npmjs.org/parse5/-/parse5-7.3.0.tgz 0ms (cache hit)
2664 http cache hast-util-from-parse5@https://registry.npmjs.org/hast-util-from-parse5/-/hast-util-from-parse5-8.0.3.tgz 0ms (cache hit)
2665 http cache devlop@https://registry.npmjs.org/devlop/-/devlop-1.1.0.tgz 0ms (cache hit)
2666 http cache @esbuild/win32-x64@https://registry.npmjs.org/@esbuild/win32-x64/-/win32-x64-0.27.7.tgz 0ms (cache hit)
2667 http cache @types/hast@https://registry.npmjs.org/@types/hast/-/hast-3.0.5.tgz 0ms (cache hit)
2668 http cache tiny-inflate@https://registry.npmjs.org/tiny-inflate/-/tiny-inflate-1.0.3.tgz 0ms (cache hit)
2669 http cache base-64@https://registry.npmjs.org/base-64/-/base-64-1.0.0.tgz 0ms (cache hit)
2670 http cache ms@https://registry.npmjs.org/ms/-/ms-2.1.3.tgz 0ms (cache hit)
2671 http cache readdirp@https://registry.npmjs.org/readdirp/-/readdirp-4.1.2.tgz 0ms (cache hit)
2672 http cache widest-line@https://registry.npmjs.org/widest-line/-/widest-line-5.0.0.tgz 0ms (cache hit)
2673 http cache wrap-ansi@https://registry.npmjs.org/wrap-ansi/-/wrap-ansi-9.0.2.tgz 0ms (cache hit)
2674 http cache type-fest@https://registry.npmjs.org/type-fest/-/type-fest-4.41.0.tgz 0ms (cache hit)
2675 http cache cli-boxes@https://registry.npmjs.org/cli-boxes/-/cli-boxes-3.0.0.tgz 0ms (cache hit)
2676 http cache @types/estree@https://registry.npmjs.org/@types/estree/-/estree-1.0.9.tgz 0ms (cache hit)
2677 http cache string-width@https://registry.npmjs.org/string-width/-/string-width-7.2.0.tgz 0ms (cache hit)
2678 http cache chalk@https://registry.npmjs.org/chalk/-/chalk-5.6.2.tgz 0ms (cache hit)
2679 http cache camelcase@https://registry.npmjs.org/camelcase/-/camelcase-8.0.0.tgz 0ms (cache hit)
2680 http cache ansi-align@https://registry.npmjs.org/ansi-align/-/ansi-align-3.0.1.tgz 0ms (cache hit)
2681 http cache is-docker@https://registry.npmjs.org/is-docker/-/is-docker-3.0.0.tgz 0ms (cache hit)
2682 http cache which-pm-runs@https://registry.npmjs.org/which-pm-runs/-/which-pm-runs-1.1.0.tgz 0ms (cache hit)
2683 http cache is-wsl@https://registry.npmjs.org/is-wsl/-/is-wsl-3.1.1.tgz 0ms (cache hit)
2684 http cache prismjs@https://registry.npmjs.org/prismjs/-/prismjs-1.30.0.tgz 0ms (cache hit)
2685 http cache fontkitten@https://registry.npmjs.org/fontkitten/-/fontkitten-1.0.3.tgz 0ms (cache hit)
2686 http cache unist-util-remove-position@https://registry.npmjs.org/unist-util-remove-position/-/unist-util-remove-position-5.0.0.tgz 0ms (cache hit)
2687 http cache unist-util-visit-parents@https://registry.npmjs.org/unist-util-visit-parents/-/unist-util-visit-parents-6.0.2.tgz 0ms (cache hit)
2688 http cache unified@https://registry.npmjs.org/unified/-/unified-11.0.5.tgz 0ms (cache hit)
2689 http cache remark-rehype@https://registry.npmjs.org/remark-rehype/-/remark-rehype-11.1.2.tgz 0ms (cache hit)
2690 http cache remark-smartypants@https://registry.npmjs.org/remark-smartypants/-/remark-smartypants-3.0.3.tgz 0ms (cache hit)
2691 http cache remark-parse@https://registry.npmjs.org/remark-parse/-/remark-parse-11.0.0.tgz 0ms (cache hit)
2692 http cache remark-gfm@https://registry.npmjs.org/remark-gfm/-/remark-gfm-4.0.1.tgz 0ms (cache hit)
2693 http cache rehype-stringify@https://registry.npmjs.org/rehype-stringify/-/rehype-stringify-10.0.1.tgz 0ms (cache hit)
2694 http cache mdast-util-definitions@https://registry.npmjs.org/mdast-util-definitions/-/mdast-util-definitions-6.0.0.tgz 0ms (cache hit)
2695 http cache rehype-raw@https://registry.npmjs.org/rehype-raw/-/rehype-raw-7.0.0.tgz 0ms (cache hit)
2696 http cache @astrojs/prism@https://registry.npmjs.org/@astrojs/prism/-/prism-3.3.0.tgz 0ms (cache hit)
2697 http cache hast-util-to-text@https://registry.npmjs.org/hast-util-to-text/-/hast-util-to-text-4.0.2.tgz 0ms (cache hit)
2698 http cache hast-util-from-html@https://registry.npmjs.org/hast-util-from-html/-/hast-util-from-html-2.0.3.tgz 0ms (cache hit)
2699 http cache zod-to-ts@https://registry.npmjs.org/zod-to-ts/-/zod-to-ts-1.2.0.tgz 0ms (cache hit)
2700 http cache zod-to-json-schema@https://registry.npmjs.org/zod-to-json-schema/-/zod-to-json-schema-3.25.2.tgz 0ms (cache hit)
2701 http cache zod@https://registry.npmjs.org/zod/-/zod-3.25.76.tgz 0ms (cache hit)
2702 http cache yocto-spinner@https://registry.npmjs.org/yocto-spinner/-/yocto-spinner-0.2.3.tgz 0ms (cache hit)
2703 http cache yargs-parser@https://registry.npmjs.org/yargs-parser/-/yargs-parser-21.1.1.tgz 0ms (cache hit)
2704 http cache vitefu@https://registry.npmjs.org/vitefu/-/vitefu-1.1.3.tgz 0ms (cache hit)
2705 http cache xxhash-wasm@https://registry.npmjs.org/xxhash-wasm/-/xxhash-wasm-1.1.0.tgz 0ms (cache hit)
2706 http cache vite@https://registry.npmjs.org/vite/-/vite-6.4.3.tgz 0ms (cache hit)
2707 http cache vfile@https://registry.npmjs.org/vfile/-/vfile-6.0.3.tgz 0ms (cache hit)
2708 http cache unstorage@https://registry.npmjs.org/unstorage/-/unstorage-1.17.5.tgz 0ms (cache hit)
2709 http cache unist-util-visit@https://registry.npmjs.org/unist-util-visit/-/unist-util-visit-5.1.0.tgz 0ms (cache hit)
2710 http cache unifont@https://registry.npmjs.org/unifont/-/unifont-0.7.5.tgz 0ms (cache hit)
2711 http cache ultrahtml@https://registry.npmjs.org/ultrahtml/-/ultrahtml-1.7.0.tgz 0ms (cache hit)
2712 http cache tinyexec@https://registry.npmjs.org/tinyexec/-/tinyexec-1.3.1.tgz 0ms (cache hit)
2713 http cache tsconfck@https://registry.npmjs.org/tsconfck/-/tsconfck-3.1.6.tgz 0ms (cache hit)
2714 http cache svgo@https://registry.npmjs.org/svgo/-/svgo-4.1.0.tgz 0ms (cache hit)
2715 http cache smol-toml@https://registry.npmjs.org/smol-toml/-/smol-toml-1.8.0.tgz 0ms (cache hit)
2716 http cache shiki@https://registry.npmjs.org/shiki/-/shiki-3.23.0.tgz 0ms (cache hit)
2717 http cache sharp@https://registry.npmjs.org/sharp/-/sharp-0.34.5.tgz 0ms (cache hit)
2718 http cache semver@https://registry.npmjs.org/semver/-/semver-7.8.5.tgz 0ms (cache hit)
2719 http cache picomatch@https://registry.npmjs.org/picomatch/-/picomatch-4.0.7.tgz 0ms (cache hit)
2720 http cache prompts@https://registry.npmjs.org/prompts/-/prompts-2.4.2.tgz 0ms (cache hit)
2721 http cache rehype@https://registry.npmjs.org/rehype/-/rehype-13.0.2.tgz 0ms (cache hit)
2722 http cache piccolore@https://registry.npmjs.org/piccolore/-/piccolore-0.1.3.tgz 0ms (cache hit)
2723 http cache package-manager-detector@https://registry.npmjs.org/package-manager-detector/-/package-manager-detector-1.8.0.tgz 0ms (cache hit)
2724 http cache p-queue@https://registry.npmjs.org/p-queue/-/p-queue-8.1.1.tgz 0ms (cache hit)
2725 http cache p-limit@https://registry.npmjs.org/p-limit/-/p-limit-6.2.0.tgz 0ms (cache hit)
2726 http cache mrmime@https://registry.npmjs.org/mrmime/-/mrmime-2.0.1.tgz 0ms (cache hit)
2727 http cache neotraverse@https://registry.npmjs.org/neotraverse/-/neotraverse-0.6.18.tgz 0ms (cache hit)
2728 http cache magicast@https://registry.npmjs.org/magicast/-/magicast-0.5.4.tgz 0ms (cache hit)
2729 http cache magic-string@https://registry.npmjs.org/magic-string/-/magic-string-0.30.21.tgz 0ms (cache hit)
2730 http cache js-yaml@https://registry.npmjs.org/js-yaml/-/js-yaml-4.3.2.tgz 0ms (cache hit)
2731 http cache import-meta-resolve@https://registry.npmjs.org/import-meta-resolve/-/import-meta-resolve-4.2.0.tgz 0ms (cache hit)
2732 http cache http-cache-semantics@https://registry.npmjs.org/http-cache-semantics/-/http-cache-semantics-4.2.0.tgz 0ms (cache hit)
2733 http cache html-escaper@https://registry.npmjs.org/html-escaper/-/html-escaper-3.0.3.tgz 0ms (cache hit)
2734 http cache github-slugger@https://registry.npmjs.org/github-slugger/-/github-slugger-2.0.0.tgz 0ms (cache hit)
2735 http cache fontace@https://registry.npmjs.org/fontace/-/fontace-0.4.1.tgz 0ms (cache hit)
2736 http cache flattie@https://registry.npmjs.org/flattie/-/flattie-1.1.1.tgz 0ms (cache hit)
2737 http cache estree-walker@https://registry.npmjs.org/estree-walker/-/estree-walker-3.0.3.tgz 0ms (cache hit)
2738 http cache es-module-lexer@https://registry.npmjs.org/es-module-lexer/-/es-module-lexer-1.7.0.tgz 0ms (cache hit)
2739 http cache esbuild@https://registry.npmjs.org/esbuild/-/esbuild-0.27.7.tgz 0ms (cache hit)
2740 http cache dset@https://registry.npmjs.org/dset/-/dset-3.1.4.tgz 0ms (cache hit)
2741 http cache dlv@https://registry.npmjs.org/dlv/-/dlv-1.1.3.tgz 0ms (cache hit)
2742 http cache diff@https://registry.npmjs.org/diff/-/diff-8.0.4.tgz 0ms (cache hit)
2743 http cache devalue@https://registry.npmjs.org/devalue/-/devalue-5.9.2.tgz 0ms (cache hit)
2744 http cache debug@https://registry.npmjs.org/debug/-/debug-4.4.3.tgz 0ms (cache hit)
2745 http cache cssesc@https://registry.npmjs.org/cssesc/-/cssesc-3.0.0.tgz 0ms (cache hit)
2746 http cache common-ancestor-path@https://registry.npmjs.org/common-ancestor-path/-/common-ancestor-path-1.0.1.tgz 0ms (cache hit)
2747 http cache cookie@https://registry.npmjs.org/cookie/-/cookie-1.1.1.tgz 0ms (cache hit)
2748 http cache clsx@https://registry.npmjs.org/clsx/-/clsx-2.1.1.tgz 0ms (cache hit)
2749 http cache ci-info@https://registry.npmjs.org/ci-info/-/ci-info-4.4.0.tgz 0ms (cache hit)
2750 http cache deterministic-object-hash@https://registry.npmjs.org/deterministic-object-hash/-/deterministic-object-hash-2.0.2.tgz 0ms (cache hit)
2751 http cache axobject-query@https://registry.npmjs.org/axobject-query/-/axobject-query-4.1.0.tgz 0ms (cache hit)
2752 http cache @rollup/pluginutils@https://registry.npmjs.org/@rollup/pluginutils/-/pluginutils-5.4.0.tgz 0ms (cache hit)
2753 http cache aria-query@https://registry.npmjs.org/aria-query/-/aria-query-5.3.2.tgz 0ms (cache hit)
2754 http cache acorn@https://registry.npmjs.org/acorn/-/acorn-8.18.0.tgz 0ms (cache hit)
2755 http cache @astrojs/telemetry@https://registry.npmjs.org/@astrojs/telemetry/-/telemetry-3.3.0.tgz 0ms (cache hit)
2756 http cache @capsizecss/unpack@https://registry.npmjs.org/@capsizecss/unpack/-/unpack-4.0.1.tgz 0ms (cache hit)
2757 http cache @oslojs/encoding@https://registry.npmjs.org/@oslojs/encoding/-/encoding-1.1.0.tgz 0ms (cache hit)
2758 http cache @astrojs/markdown-remark@https://registry.npmjs.org/@astrojs/markdown-remark/-/markdown-remark-6.3.11.tgz 0ms (cache hit)
2759 http cache @astrojs/internal-helpers@https://registry.npmjs.org/@astrojs/internal-helpers/-/internal-helpers-0.7.6.tgz 0ms (cache hit)
2760 http cache vscode-languageserver-protocol@https://registry.npmjs.org/vscode-languageserver-protocol/-/vscode-languageserver-protocol-3.18.3.tgz 0ms (cache hit)
2761 http cache @volar/source-map@https://registry.npmjs.org/@volar/source-map/-/source-map-2.4.28.tgz 0ms (cache hit)
2762 http cache vscode-languageserver@https://registry.npmjs.org/vscode-languageserver/-/vscode-languageserver-9.0.1.tgz 0ms (cache hit)
2763 http cache request-light@https://registry.npmjs.org/request-light/-/request-light-0.7.0.tgz 0ms (cache hit)
2764 http cache path-browserify@https://registry.npmjs.org/path-browserify/-/path-browserify-1.0.1.tgz 0ms (cache hit)
2765 http cache @volar/typescript@https://registry.npmjs.org/@volar/typescript/-/typescript-2.4.28.tgz 0ms (cache hit)
2766 http cache vscode-languageserver-textdocument@https://registry.npmjs.org/vscode-languageserver-textdocument/-/vscode-languageserver-textdocument-1.0.14.tgz 0ms (cache hit)
2767 http cache typesafe-path@https://registry.npmjs.org/typesafe-path/-/typesafe-path-0.2.2.tgz 0ms (cache hit)
2768 http cache yaml@https://registry.npmjs.org/yaml/-/yaml-2.9.0.tgz 0ms (cache hit)
2769 http cache vscode-uri@https://registry.npmjs.org/vscode-uri/-/vscode-uri-3.2.0.tgz 0ms (cache hit)
2770 http cache vscode-html-languageservice@https://registry.npmjs.org/vscode-html-languageservice/-/vscode-html-languageservice-5.6.2.tgz 0ms (cache hit)
2771 http cache volar-service-yaml@https://registry.npmjs.org/volar-service-yaml/-/volar-service-yaml-0.0.71.tgz 0ms (cache hit)
2772 http cache volar-service-typescript-twoslash-queries@https://registry.npmjs.org/volar-service-typescript-twoslash-queries/-/volar-service-typescript-twoslash-queries-0.0.71.tgz 0ms (cache hit)
2773 http cache volar-service-typescript@https://registry.npmjs.org/volar-service-typescript/-/volar-service-typescript-0.0.71.tgz 0ms (cache hit)
2774 http cache volar-service-prettier@https://registry.npmjs.org/volar-service-prettier/-/volar-service-prettier-0.0.71.tgz 0ms (cache hit)
2775 http cache volar-service-html@https://registry.npmjs.org/volar-service-html/-/volar-service-html-0.0.71.tgz 0ms (cache hit)
2776 http cache volar-service-css@https://registry.npmjs.org/volar-service-css/-/volar-service-css-0.0.71.tgz 0ms (cache hit)
2777 http cache volar-service-emmet@https://registry.npmjs.org/volar-service-emmet/-/volar-service-emmet-0.0.71.tgz 0ms (cache hit)
2778 http cache tinyglobby@https://registry.npmjs.org/tinyglobby/-/tinyglobby-0.2.17.tgz 0ms (cache hit)
2779 http cache muggle-string@https://registry.npmjs.org/muggle-string/-/muggle-string-0.4.1.tgz 0ms (cache hit)
2780 http cache @volar/language-service@https://registry.npmjs.org/@volar/language-service/-/language-service-2.4.28.tgz 0ms (cache hit)
2781 http cache @astrojs/yaml2ts@https://registry.npmjs.org/@astrojs/yaml2ts/-/yaml2ts-0.2.4.tgz 0ms (cache hit)
2782 http cache @astrojs/compiler@https://registry.npmjs.org/@astrojs/compiler/-/compiler-2.13.1.tgz 0ms (cache hit)
2783 http cache @volar/language-server@https://registry.npmjs.org/@volar/language-server/-/language-server-2.4.28.tgz 0ms (cache hit)
2784 http cache boxen@https://registry.npmjs.org/boxen/-/boxen-8.0.1.tgz 0ms (cache hit)
2785 http cache @volar/language-core@https://registry.npmjs.org/@volar/language-core/-/language-core-2.4.28.tgz 0ms (cache hit)
2786 http cache yargs@https://registry.npmjs.org/yargs/-/yargs-18.1.0.tgz 0ms (cache hit)
2787 http cache kleur@https://registry.npmjs.org/kleur/-/kleur-4.1.5.tgz 0ms (cache hit)
2788 http cache @volar/kit@https://registry.npmjs.org/@volar/kit/-/kit-2.4.28.tgz 0ms (cache hit)
2789 http cache @astrojs/language-server@https://registry.npmjs.org/@astrojs/language-server/-/language-server-2.16.16.tgz 0ms (cache hit)
2790 http cache @jridgewell/sourcemap-codec@https://registry.npmjs.org/@jridgewell/sourcemap-codec/-/sourcemap-codec-1.6.0.tgz 0ms (cache hit)
2791 http cache @astrojs/check@https://registry.npmjs.org/@astrojs/check/-/check-0.9.10.tgz 0ms (cache hit)
2792 http cache chokidar@https://registry.npmjs.org/chokidar/-/chokidar-4.0.3.tgz 0ms (cache hit)
2793 http cache jsonc-parser@https://registry.npmjs.org/jsonc-parser/-/jsonc-parser-3.3.1.tgz 0ms (cache hit)
2794 http cache astro@https://registry.npmjs.org/astro/-/astro-5.18.2.tgz 0ms (cache hit)
2795 http cache typescript@https://registry.npmjs.org/typescript/-/typescript-5.9.3.tgz 0ms (cache hit)
2796 http cache yaml@https://registry.npmjs.org/yaml/-/yaml-2.8.3.tgz 0ms (cache hit)
2797 http cache request-light@https://registry.npmjs.org/request-light/-/request-light-0.5.8.tgz 0ms (cache hit)
2798 http cache vscode-languageserver-types@https://registry.npmjs.org/vscode-languageserver-types/-/vscode-languageserver-types-3.17.5.tgz 0ms (cache hit)
2799 http cache picomatch@https://registry.npmjs.org/picomatch/-/picomatch-2.3.2.tgz 0ms (cache hit)
2800 http cache entities@https://registry.npmjs.org/entities/-/entities-4.5.0.tgz 0ms (cache hit)
2801 http cache strip-ansi@https://registry.npmjs.org/strip-ansi/-/strip-ansi-6.0.1.tgz 0ms (cache hit)
2802 http cache ansi-regex@https://registry.npmjs.org/ansi-regex/-/ansi-regex-5.0.1.tgz 0ms (cache hit)
2803 http cache mdn-data@https://registry.npmjs.org/mdn-data/-/mdn-data-2.0.28.tgz 0ms (cache hit)
2804 http cache css-tree@https://registry.npmjs.org/css-tree/-/css-tree-2.2.1.tgz 0ms (cache hit)
2805 http cache esbuild@https://registry.npmjs.org/esbuild/-/esbuild-0.25.12.tgz 0ms (cache hit)
2806 http cache @esbuild/win32-x64@https://registry.npmjs.org/@esbuild/win32-x64/-/win32-x64-0.25.12.tgz 0ms (cache hit)
2807 http cache emoji-regex@https://registry.npmjs.org/emoji-regex/-/emoji-regex-8.0.0.tgz 0ms (cache hit)
2808 http cache readdirp@https://registry.npmjs.org/readdirp/-/readdirp-5.1.1.tgz 0ms (cache hit)
2809 http cache kleur@https://registry.npmjs.org/kleur/-/kleur-3.0.3.tgz 0ms (cache hit)
2810 http cache chokidar@https://registry.npmjs.org/chokidar/-/chokidar-5.0.0.tgz 0ms (cache hit)
2811 http cache string-width@https://registry.npmjs.org/string-width/-/string-width-4.2.3.tgz 0ms (cache hit)
2812 http cache estree-walker@https://registry.npmjs.org/estree-walker/-/estree-walker-2.0.2.tgz 0ms (cache hit)
2813 http cache vscode-languageserver-types@https://registry.npmjs.org/vscode-languageserver-types/-/vscode-languageserver-types-3.17.5.tgz 0ms (cache hit)
2814 http cache vscode-languageserver-protocol@https://registry.npmjs.org/vscode-languageserver-protocol/-/vscode-languageserver-protocol-3.17.5.tgz 0ms (cache hit)
2815 http cache vscode-jsonrpc@https://registry.npmjs.org/vscode-jsonrpc/-/vscode-jsonrpc-8.2.0.tgz 0ms (cache hit)
2816 http cache yargs-parser@https://registry.npmjs.org/yargs-parser/-/yargs-parser-22.0.0.tgz 0ms (cache hit)
2817 http cache string-width@https://registry.npmjs.org/string-width/-/string-width-8.2.2.tgz 0ms (cache hit)
2818 silly tarball no local data for is-fullwidth-code-point@https://registry.npmjs.org/is-fullwidth-code-point/-/is-fullwidth-code-point-3.0.0.tgz. Extracting by manifest.
2819 silly tarball no local data for yoctocolors@https://registry.npmjs.org/yoctocolors/-/yoctocolors-2.2.0.tgz. Extracting by manifest.
2820 silly tarball no local data for get-caller-file@https://registry.npmjs.org/get-caller-file/-/get-caller-file-2.0.5.tgz. Extracting by manifest.
2821 silly tarball no local data for y18n@https://registry.npmjs.org/y18n/-/y18n-5.0.8.tgz. Extracting by manifest.
2822 silly tarball no local data for cliui@https://registry.npmjs.org/cliui/-/cliui-9.0.1.tgz. Extracting by manifest.
2823 silly tarball no local data for escalade@https://registry.npmjs.org/escalade/-/escalade-3.2.0.tgz. Extracting by manifest.
2824 silly tarball no local data for json-schema-traverse@https://registry.npmjs.org/json-schema-traverse/-/json-schema-traverse-1.0.0.tgz. Extracting by manifest.
2825 silly tarball no local data for require-from-string@https://registry.npmjs.org/require-from-string/-/require-from-string-2.0.2.tgz. Extracting by manifest.
2826 silly tarball no local data for fast-deep-equal@https://registry.npmjs.org/fast-deep-equal/-/fast-deep-equal-3.1.3.tgz. Extracting by manifest.
2827 silly tarball no local data for fast-uri@https://registry.npmjs.org/fast-uri/-/fast-uri-3.1.7.tgz. Extracting by manifest.
2828 silly tarball no local data for vscode-json-languageservice@https://registry.npmjs.org/vscode-json-languageservice/-/vscode-json-languageservice-4.1.8.tgz. Extracting by manifest.
2829 silly tarball no local data for ajv-i18n@https://registry.npmjs.org/ajv-i18n/-/ajv-i18n-4.2.0.tgz. Extracting by manifest.
2830 silly tarball no local data for ajv@https://registry.npmjs.org/ajv/-/ajv-8.20.0.tgz. Extracting by manifest.
2831 silly tarball no local data for @vscode/l10n@https://registry.npmjs.org/@vscode/l10n/-/l10n-0.0.18.tgz. Extracting by manifest.
2832 silly tarball no local data for prettier@https://registry.npmjs.org/prettier/-/prettier-3.9.6.tgz. Extracting by manifest.
2833 silly tarball no local data for ajv-draft-04@https://registry.npmjs.org/ajv-draft-04/-/ajv-draft-04-1.0.0.tgz. Extracting by manifest.
2834 silly tarball no local data for ansi-styles@https://registry.npmjs.org/ansi-styles/-/ansi-styles-6.2.3.tgz. Extracting by manifest.
2835 silly tarball no local data for vscode-jsonrpc@https://registry.npmjs.org/vscode-jsonrpc/-/vscode-jsonrpc-9.0.2.tgz. Extracting by manifest.
2836 silly tarball no local data for @emmetio/css-abbreviation@https://registry.npmjs.org/@emmetio/css-abbreviation/-/css-abbreviation-2.1.8.tgz. Extracting by manifest.
2837 silly tarball no local data for @emmetio/abbreviation@https://registry.npmjs.org/@emmetio/abbreviation/-/abbreviation-2.3.3.tgz. Extracting by manifest.
2838 silly tarball no local data for vscode-nls@https://registry.npmjs.org/vscode-nls/-/vscode-nls-5.2.0.tgz. Extracting by manifest.
2839 silly tarball no local data for yaml-language-server@https://registry.npmjs.org/yaml-language-server/-/yaml-language-server-1.23.0.tgz. Extracting by manifest.
2840 silly tarball no local data for typescript-auto-import-cache@https://registry.npmjs.org/typescript-auto-import-cache/-/typescript-auto-import-cache-0.3.6.tgz. Extracting by manifest.
2841 silly tarball no local data for @emmetio/scanner@https://registry.npmjs.org/@emmetio/scanner/-/scanner-1.0.4.tgz. Extracting by manifest.
2842 silly tarball no local data for @emmetio/stream-reader-utils@https://registry.npmjs.org/@emmetio/stream-reader-utils/-/stream-reader-utils-0.1.0.tgz. Extracting by manifest.
2843 silly tarball no local data for @emmetio/stream-reader@https://registry.npmjs.org/@emmetio/stream-reader/-/stream-reader-2.2.0.tgz. Extracting by manifest.
2844 silly tarball no local data for @vscode/emmet-helper@https://registry.npmjs.org/@vscode/emmet-helper/-/emmet-helper-2.11.0.tgz. Extracting by manifest.
2845 silly tarball no local data for vscode-languageserver-types@https://registry.npmjs.org/vscode-languageserver-types/-/vscode-languageserver-types-3.18.3.tgz. Extracting by manifest.
2846 silly tarball no local data for jsonc-parser@https://registry.npmjs.org/jsonc-parser/-/jsonc-parser-2.3.1.tgz. Extracting by manifest.
2847 silly tarball no local data for emmet@https://registry.npmjs.org/emmet/-/emmet-2.4.11.tgz. Extracting by manifest.
2848 silly tarball no local data for vscode-css-languageservice@https://registry.npmjs.org/vscode-css-languageservice/-/vscode-css-languageservice-6.3.10.tgz. Extracting by manifest.
2849 silly tarball no local data for @emmetio/html-matcher@https://registry.npmjs.org/@emmetio/html-matcher/-/html-matcher-1.3.0.tgz. Extracting by manifest.
2850 silly tarball no local data for @emmetio/css-parser@https://registry.npmjs.org/@emmetio/css-parser/-/css-parser-0.4.1.tgz. Extracting by manifest.
2851 silly tarball no local data for @rollup/rollup-win32-x64-msvc@https://registry.npmjs.org/@rollup/rollup-win32-x64-msvc/-/rollup-win32-x64-msvc-4.63.1.tgz. Extracting by manifest.
2852 silly tarball no local data for @rollup/rollup-win32-x64-gnu@https://registry.npmjs.org/@rollup/rollup-win32-x64-gnu/-/rollup-win32-x64-gnu-4.63.1.tgz. Extracting by manifest.
2853 silly tarball no local data for nanoid@https://registry.npmjs.org/nanoid/-/nanoid-3.3.18.tgz. Extracting by manifest.
2854 silly tarball no local data for rollup@https://registry.npmjs.org/rollup/-/rollup-4.63.1.tgz. Extracting by manifest.
2855 silly tarball no local data for postcss@https://registry.npmjs.org/postcss/-/postcss-8.5.28.tgz. Extracting by manifest.
2856 silly tarball no local data for uncrypto@https://registry.npmjs.org/uncrypto/-/uncrypto-0.1.3.tgz. Extracting by manifest.
2857 silly tarball no local data for iron-webcrypto@https://registry.npmjs.org/iron-webcrypto/-/iron-webcrypto-1.2.1.tgz. Extracting by manifest.
2858 silly tarball no local data for node-mock-http@https://registry.npmjs.org/node-mock-http/-/node-mock-http-1.0.5.tgz. Extracting by manifest.
2859 silly tarball no local data for radix3@https://registry.npmjs.org/radix3/-/radix3-1.1.2.tgz. Extracting by manifest.
2860 silly tarball no local data for crossws@https://registry.npmjs.org/crossws/-/crossws-0.3.5.tgz. Extracting by manifest.
2861 silly tarball no local data for defu@https://registry.npmjs.org/defu/-/defu-6.1.7.tgz. Extracting by manifest.
2862 silly tarball no local data for cookie-es@https://registry.npmjs.org/cookie-es/-/cookie-es-1.2.3.tgz. Extracting by manifest.
2863 silly tarball no local data for normalize-path@https://registry.npmjs.org/normalize-path/-/normalize-path-3.0.0.tgz. Extracting by manifest.
2864 silly tarball no local data for ufo@https://registry.npmjs.org/ufo/-/ufo-1.6.4.tgz. Extracting by manifest.
2865 silly tarball no local data for node-fetch-native@https://registry.npmjs.org/node-fetch-native/-/node-fetch-native-1.6.7.tgz. Extracting by manifest.
2866 silly tarball no local data for ofetch@https://registry.npmjs.org/ofetch/-/ofetch-1.5.1.tgz. Extracting by manifest.
2867 silly tarball no local data for lru-cache@https://registry.npmjs.org/lru-cache/-/lru-cache-11.5.2.tgz. Extracting by manifest.
2868 silly tarball no local data for h3@https://registry.npmjs.org/h3/-/h3-1.15.11.tgz. Extracting by manifest.
2869 silly tarball no local data for array-iterate@https://registry.npmjs.org/array-iterate/-/array-iterate-2.0.1.tgz. Extracting by manifest.
2870 silly tarball no local data for undici@https://registry.npmjs.org/undici/-/undici-8.10.2.tgz. Extracting by manifest.
2871 silly tarball no local data for anymatch@https://registry.npmjs.org/anymatch/-/anymatch-3.1.3.tgz. Extracting by manifest.
2872 silly tarball no local data for ohash@https://registry.npmjs.org/ohash/-/ohash-2.0.12.tgz. Extracting by manifest.
2873 silly tarball no local data for destr@https://registry.npmjs.org/destr/-/destr-2.0.5.tgz. Extracting by manifest.
2874 silly tarball no local data for trough@https://registry.npmjs.org/trough/-/trough-2.2.0.tgz. Extracting by manifest.
2875 silly tarball no local data for is-plain-obj@https://registry.npmjs.org/is-plain-obj/-/is-plain-obj-4.1.0.tgz. Extracting by manifest.
2876 silly tarball no local data for bail@https://registry.npmjs.org/bail/-/bail-2.0.2.tgz. Extracting by manifest.
2877 silly tarball no local data for fdir@https://registry.npmjs.org/fdir/-/fdir-6.5.0.tgz. Extracting by manifest.
2878 silly tarball no local data for extend@https://registry.npmjs.org/extend/-/extend-3.0.2.tgz. Extracting by manifest.
2879 silly tarball no local data for dom-serializer@https://registry.npmjs.org/dom-serializer/-/dom-serializer-2.0.0.tgz. Extracting by manifest.
2880 silly tarball no local data for domelementtype@https://registry.npmjs.org/domelementtype/-/domelementtype-2.3.0.tgz. Extracting by manifest.
2881 silly tarball no local data for mdn-data@https://registry.npmjs.org/mdn-data/-/mdn-data-2.27.1.tgz. Extracting by manifest.
2882 silly tarball no local data for nth-check@https://registry.npmjs.org/nth-check/-/nth-check-2.1.1.tgz. Extracting by manifest.
2883 silly tarball no local data for domutils@https://registry.npmjs.org/domutils/-/domutils-3.2.2.tgz. Extracting by manifest.
2884 silly tarball no local data for domhandler@https://registry.npmjs.org/domhandler/-/domhandler-5.0.3.tgz. Extracting by manifest.
2885 silly tarball no local data for boolbase@https://registry.npmjs.org/boolbase/-/boolbase-1.0.0.tgz. Extracting by manifest.
2886 silly tarball no local data for picocolors@https://registry.npmjs.org/picocolors/-/picocolors-1.1.1.tgz. Extracting by manifest.
2887 silly tarball no local data for sax@https://registry.npmjs.org/sax/-/sax-1.6.1.tgz. Extracting by manifest.
2888 silly tarball no local data for csso@https://registry.npmjs.org/csso/-/csso-5.0.5.tgz. Extracting by manifest.
2889 silly tarball no local data for css-select@https://registry.npmjs.org/css-select/-/css-select-6.0.0.tgz. Extracting by manifest.
2890 silly tarball no local data for css-tree@https://registry.npmjs.org/css-tree/-/css-tree-3.2.1.tgz. Extracting by manifest.
2891 silly tarball no local data for css-what@https://registry.npmjs.org/css-what/-/css-what-7.0.0.tgz. Extracting by manifest.
2892 silly tarball no local data for commander@https://registry.npmjs.org/commander/-/commander-11.1.0.tgz. Extracting by manifest.
2893 silly tarball no local data for ansi-regex@https://registry.npmjs.org/ansi-regex/-/ansi-regex-6.3.0.tgz. Extracting by manifest.
2894 silly tarball no local data for strip-ansi@https://registry.npmjs.org/strip-ansi/-/strip-ansi-7.2.0.tgz. Extracting by manifest.
2895 silly tarball no local data for character-entities-html4@https://registry.npmjs.org/character-entities-html4/-/character-entities-html4-2.1.0.tgz. Extracting by manifest.
2896 silly tarball no local data for character-entities-legacy@https://registry.npmjs.org/character-entities-legacy/-/character-entities-legacy-3.0.0.tgz. Extracting by manifest.
2897 silly tarball no local data for regex-utilities@https://registry.npmjs.org/regex-utilities/-/regex-utilities-2.3.0.tgz. Extracting by manifest.
2898 silly tarball no local data for get-east-asian-width@https://registry.npmjs.org/get-east-asian-width/-/get-east-asian-width-1.6.0.tgz. Extracting by manifest.
2899 silly tarball no local data for regex-recursion@https://registry.npmjs.org/regex-recursion/-/regex-recursion-6.0.2.tgz. Extracting by manifest.
2900 silly tarball no local data for emoji-regex@https://registry.npmjs.org/emoji-regex/-/emoji-regex-10.6.0.tgz. Extracting by manifest.
2901 silly tarball no local data for regex@https://registry.npmjs.org/regex/-/regex-6.1.0.tgz. Extracting by manifest.
2902 silly tarball no local data for @shikijs/types@https://registry.npmjs.org/@shikijs/types/-/types-3.23.0.tgz. Extracting by manifest.
2903 silly tarball no local data for oniguruma-parser@https://registry.npmjs.org/oniguruma-parser/-/oniguruma-parser-0.12.2.tgz. Extracting by manifest.
2904 silly tarball no local data for oniguruma-to-es@https://registry.npmjs.org/oniguruma-to-es/-/oniguruma-to-es-4.3.6.tgz. Extracting by manifest.
2905 silly tarball no local data for @shikijs/vscode-textmate@https://registry.npmjs.org/@shikijs/vscode-textmate/-/vscode-textmate-10.0.2.tgz. Extracting by manifest.
2906 silly tarball no local data for @shikijs/themes@https://registry.npmjs.org/@shikijs/themes/-/themes-3.23.0.tgz. Extracting by manifest.
2907 silly tarball no local data for @shikijs/engine-oniguruma@https://registry.npmjs.org/@shikijs/engine-oniguruma/-/engine-oniguruma-3.23.0.tgz. Extracting by manifest.
2908 silly tarball no local data for @shikijs/langs@https://registry.npmjs.org/@shikijs/langs/-/langs-3.23.0.tgz. Extracting by manifest.
2909 silly tarball no local data for detect-libc@https://registry.npmjs.org/detect-libc/-/detect-libc-2.1.2.tgz. Extracting by manifest.
2910 silly tarball no local data for @shikijs/engine-javascript@https://registry.npmjs.org/@shikijs/engine-javascript/-/engine-javascript-3.23.0.tgz. Extracting by manifest.
2911 silly tarball no local data for unist-util-visit-children@https://registry.npmjs.org/unist-util-visit-children/-/unist-util-visit-children-3.0.0.tgz. Extracting by manifest.
2912 silly tarball no local data for @shikijs/core@https://registry.npmjs.org/@shikijs/core/-/core-3.23.0.tgz. Extracting by manifest.
2913 silly tarball no local data for @img/sharp-win32-x64@https://registry.npmjs.org/@img/sharp-win32-x64/-/sharp-win32-x64-0.34.5.tgz. Extracting by manifest.
2914 silly tarball no local data for @img/colour@https://registry.npmjs.org/@img/colour/-/colour-1.1.0.tgz. Extracting by manifest.
2915 silly tarball no local data for nlcst-to-string@https://registry.npmjs.org/nlcst-to-string/-/nlcst-to-string-4.0.0.tgz. Extracting by manifest.
2916 silly tarball no local data for unist-util-modify-children@https://registry.npmjs.org/unist-util-modify-children/-/unist-util-modify-children-4.0.0.tgz. Extracting by manifest.
2917 silly tarball no local data for parse-latin@https://registry.npmjs.org/parse-latin/-/parse-latin-7.0.0.tgz. Extracting by manifest.
2918 silly tarball no local data for @types/nlcst@https://registry.npmjs.org/@types/nlcst/-/nlcst-2.0.3.tgz. Extracting by manifest.
2919 silly tarball no local data for retext-stringify@https://registry.npmjs.org/retext-stringify/-/retext-stringify-4.0.0.tgz. Extracting by manifest.
2920 silly tarball no local data for retext-latin@https://registry.npmjs.org/retext-latin/-/retext-latin-4.0.0.tgz. Extracting by manifest.
2921 silly tarball no local data for retext-smartypants@https://registry.npmjs.org/retext-smartypants/-/retext-smartypants-6.2.0.tgz. Extracting by manifest.
2922 silly tarball no local data for micromark-extension-gfm-task-list-item@https://registry.npmjs.org/micromark-extension-gfm-task-list-item/-/micromark-extension-gfm-task-list-item-2.1.0.tgz. Extracting by manifest.
2923 silly tarball no local data for retext@https://registry.npmjs.org/retext/-/retext-9.0.0.tgz. Extracting by manifest.
2924 silly tarball no local data for micromark-extension-gfm-table@https://registry.npmjs.org/micromark-extension-gfm-table/-/micromark-extension-gfm-table-2.1.1.tgz. Extracting by manifest.
2925 silly tarball no local data for micromark-extension-gfm-strikethrough@https://registry.npmjs.org/micromark-extension-gfm-strikethrough/-/micromark-extension-gfm-strikethrough-2.1.0.tgz. Extracting by manifest.
2926 silly tarball no local data for micromark-extension-gfm-tagfilter@https://registry.npmjs.org/micromark-extension-gfm-tagfilter/-/micromark-extension-gfm-tagfilter-2.0.0.tgz. Extracting by manifest.
2927 silly tarball no local data for micromark-extension-gfm-autolink-literal@https://registry.npmjs.org/micromark-extension-gfm-autolink-literal/-/micromark-extension-gfm-autolink-literal-2.1.0.tgz. Extracting by manifest.
2928 silly tarball no local data for micromark-util-html-tag-name@https://registry.npmjs.org/micromark-util-html-tag-name/-/micromark-util-html-tag-name-2.0.1.tgz. Extracting by manifest.
2929 silly tarball no local data for micromark-extension-gfm-footnote@https://registry.npmjs.org/micromark-extension-gfm-footnote/-/micromark-extension-gfm-footnote-2.1.0.tgz. Extracting by manifest.
2930 silly tarball no local data for micromark-factory-title@https://registry.npmjs.org/micromark-factory-title/-/micromark-factory-title-2.0.1.tgz. Extracting by manifest.
2931 silly tarball no local data for micromark-factory-whitespace@https://registry.npmjs.org/micromark-factory-whitespace/-/micromark-factory-whitespace-2.0.1.tgz. Extracting by manifest.
2932 silly tarball no local data for @types/ms@https://registry.npmjs.org/@types/ms/-/ms-2.1.0.tgz. Extracting by manifest.
2933 silly tarball no local data for micromark-factory-label@https://registry.npmjs.org/micromark-factory-label/-/micromark-factory-label-2.0.1.tgz. Extracting by manifest.
2934 silly tarball no local data for micromark-factory-destination@https://registry.npmjs.org/micromark-factory-destination/-/micromark-factory-destination-2.0.1.tgz. Extracting by manifest.
2935 silly tarball no local data for micromark-util-subtokenize@https://registry.npmjs.org/micromark-util-subtokenize/-/micromark-util-subtokenize-2.1.0.tgz. Extracting by manifest.
2936 silly tarball no local data for micromark-util-resolve-all@https://registry.npmjs.org/micromark-util-resolve-all/-/micromark-util-resolve-all-2.0.1.tgz. Extracting by manifest.
2937 silly tarball no local data for micromark-util-combine-extensions@https://registry.npmjs.org/micromark-util-combine-extensions/-/micromark-util-combine-extensions-2.0.1.tgz. Extracting by manifest.
2938 silly tarball no local data for micromark-util-chunked@https://registry.npmjs.org/micromark-util-chunked/-/micromark-util-chunked-2.0.1.tgz. Extracting by manifest.
2939 silly tarball no local data for micromark-factory-space@https://registry.npmjs.org/micromark-factory-space/-/micromark-factory-space-2.0.1.tgz. Extracting by manifest.
2940 silly tarball no local data for micromark-core-commonmark@https://registry.npmjs.org/micromark-core-commonmark/-/micromark-core-commonmark-2.0.3.tgz. Extracting by manifest.
2941 silly tarball no local data for mdast-util-phrasing@https://registry.npmjs.org/mdast-util-phrasing/-/mdast-util-phrasing-4.1.0.tgz. Extracting by manifest.
2942 silly tarball no local data for micromark-util-classify-character@https://registry.npmjs.org/micromark-util-classify-character/-/micromark-util-classify-character-2.0.1.tgz. Extracting by manifest.
2943 silly tarball no local data for longest-streak@https://registry.npmjs.org/longest-streak/-/longest-streak-3.1.0.tgz. Extracting by manifest.
2944 silly tarball no local data for unist-util-is@https://registry.npmjs.org/unist-util-is/-/unist-util-is-6.0.1.tgz. Extracting by manifest.
2945 silly tarball no local data for @types/debug@https://registry.npmjs.org/@types/debug/-/debug-4.1.13.tgz. Extracting by manifest.
2946 silly tarball no local data for markdown-table@https://registry.npmjs.org/markdown-table/-/markdown-table-3.0.4.tgz. Extracting by manifest.
2947 silly tarball no local data for escape-string-regexp@https://registry.npmjs.org/escape-string-regexp/-/escape-string-regexp-5.0.0.tgz. Extracting by manifest.
2948 silly tarball no local data for unist-util-stringify-position@https://registry.npmjs.org/unist-util-stringify-position/-/unist-util-stringify-position-4.0.0.tgz. Extracting by manifest.
2949 silly tarball no local data for mdast-util-find-and-replace@https://registry.npmjs.org/mdast-util-find-and-replace/-/mdast-util-find-and-replace-3.0.2.tgz. Extracting by manifest.
2950 silly tarball no local data for character-entities@https://registry.npmjs.org/character-entities/-/character-entities-2.0.2.tgz. Extracting by manifest.
2951 silly tarball no local data for micromark-util-normalize-identifier@https://registry.npmjs.org/micromark-util-normalize-identifier/-/micromark-util-normalize-identifier-2.0.1.tgz. Extracting by manifest.
2952 silly tarball no local data for micromark-util-decode-string@https://registry.npmjs.org/micromark-util-decode-string/-/micromark-util-decode-string-2.0.1.tgz. Extracting by manifest.
2953 silly tarball no local data for micromark-util-decode-numeric-character-reference@https://registry.npmjs.org/micromark-util-decode-numeric-character-reference/-/micromark-util-decode-numeric-character-reference-2.0.2.tgz. Extracting by manifest.
2954 silly tarball no local data for micromark@https://registry.npmjs.org/micromark/-/micromark-4.0.2.tgz. Extracting by manifest.
2955 silly tarball no local data for mdast-util-to-string@https://registry.npmjs.org/mdast-util-to-string/-/mdast-util-to-string-4.0.0.tgz. Extracting by manifest.
2956 silly tarball no local data for mdast-util-to-markdown@https://registry.npmjs.org/mdast-util-to-markdown/-/mdast-util-to-markdown-2.1.2.tgz. Extracting by manifest.
2957 silly tarball no local data for decode-named-character-reference@https://registry.npmjs.org/decode-named-character-reference/-/decode-named-character-reference-1.3.0.tgz. Extracting by manifest.
2958 silly tarball no local data for mdast-util-gfm-task-list-item@https://registry.npmjs.org/mdast-util-gfm-task-list-item/-/mdast-util-gfm-task-list-item-2.0.0.tgz. Extracting by manifest.
2959 silly tarball no local data for mdast-util-gfm-table@https://registry.npmjs.org/mdast-util-gfm-table/-/mdast-util-gfm-table-2.0.0.tgz. Extracting by manifest.
2960 silly tarball no local data for mdast-util-gfm-footnote@https://registry.npmjs.org/mdast-util-gfm-footnote/-/mdast-util-gfm-footnote-2.1.0.tgz. Extracting by manifest.
2961 silly tarball no local data for mdast-util-gfm-strikethrough@https://registry.npmjs.org/mdast-util-gfm-strikethrough/-/mdast-util-gfm-strikethrough-2.0.0.tgz. Extracting by manifest.
2962 silly tarball no local data for remark-stringify@https://registry.npmjs.org/remark-stringify/-/remark-stringify-11.0.0.tgz. Extracting by manifest.
2963 silly tarball no local data for mdast-util-gfm-autolink-literal@https://registry.npmjs.org/mdast-util-gfm-autolink-literal/-/mdast-util-gfm-autolink-literal-2.0.1.tgz. Extracting by manifest.
2964 silly tarball no local data for mdast-util-from-markdown@https://registry.npmjs.org/mdast-util-from-markdown/-/mdast-util-from-markdown-2.0.3.tgz. Extracting by manifest.
2965 silly tarball no local data for mdast-util-gfm@https://registry.npmjs.org/mdast-util-gfm/-/mdast-util-gfm-3.1.0.tgz. Extracting by manifest.
2966 silly tarball no local data for stringify-entities@https://registry.npmjs.org/stringify-entities/-/stringify-entities-4.0.4.tgz. Extracting by manifest.
2967 silly tarball no local data for hast-util-whitespace@https://registry.npmjs.org/hast-util-whitespace/-/hast-util-whitespace-3.0.0.tgz. Extracting by manifest.
2968 silly tarball no local data for micromark-extension-gfm@https://registry.npmjs.org/micromark-extension-gfm/-/micromark-extension-gfm-3.0.0.tgz. Extracting by manifest.
2969 silly tarball no local data for ccount@https://registry.npmjs.org/ccount/-/ccount-2.0.1.tgz. Extracting by manifest.
2970 silly tarball no local data for hast-util-to-html@https://registry.npmjs.org/hast-util-to-html/-/hast-util-to-html-9.0.5.tgz. Extracting by manifest.
2971 silly tarball no local data for micromark-util-types@https://registry.npmjs.org/micromark-util-types/-/micromark-util-types-2.0.2.tgz. Extracting by manifest.
2972 silly tarball no local data for micromark-util-symbol@https://registry.npmjs.org/micromark-util-symbol/-/micromark-util-symbol-2.0.1.tgz. Extracting by manifest.
2973 silly tarball no local data for micromark-util-encode@https://registry.npmjs.org/micromark-util-encode/-/micromark-util-encode-2.0.1.tgz. Extracting by manifest.
2974 silly tarball no local data for trim-lines@https://registry.npmjs.org/trim-lines/-/trim-lines-3.0.1.tgz. Extracting by manifest.
2975 silly tarball no local data for micromark-util-character@https://registry.npmjs.org/micromark-util-character/-/micromark-util-character-2.1.1.tgz. Extracting by manifest.
2976 silly tarball no local data for micromark-util-sanitize-uri@https://registry.npmjs.org/micromark-util-sanitize-uri/-/micromark-util-sanitize-uri-2.0.1.tgz. Extracting by manifest.
2977 silly tarball no local data for mdast-util-to-hast@https://registry.npmjs.org/mdast-util-to-hast/-/mdast-util-to-hast-13.2.1.tgz. Extracting by manifest.
2978 silly tarball no local data for unist-util-position@https://registry.npmjs.org/unist-util-position/-/unist-util-position-5.0.0.tgz. Extracting by manifest.
2979 silly tarball no local data for html-void-elements@https://registry.npmjs.org/html-void-elements/-/html-void-elements-3.0.0.tgz. Extracting by manifest.
2980 silly tarball no local data for zwitch@https://registry.npmjs.org/zwitch/-/zwitch-2.0.4.tgz. Extracting by manifest.
2981 silly tarball no local data for hast-util-to-parse5@https://registry.npmjs.org/hast-util-to-parse5/-/hast-util-to-parse5-8.0.1.tgz. Extracting by manifest.
2982 silly tarball no local data for @ungap/structured-clone@https://registry.npmjs.org/@ungap/structured-clone/-/structured-clone-1.4.0.tgz. Extracting by manifest.
2983 silly tarball no local data for hast-util-raw@https://registry.npmjs.org/hast-util-raw/-/hast-util-raw-9.1.0.tgz. Extracting by manifest.
2984 silly tarball no local data for rehype-parse@https://registry.npmjs.org/rehype-parse/-/rehype-parse-9.0.1.tgz. Extracting by manifest.
2985 silly tarball no local data for entities@https://registry.npmjs.org/entities/-/entities-6.0.1.tgz. Extracting by manifest.
2986 silly tarball no local data for sisteransi@https://registry.npmjs.org/sisteransi/-/sisteransi-1.0.5.tgz. Extracting by manifest.
2987 silly tarball no local data for @types/mdast@https://registry.npmjs.org/@types/mdast/-/mdast-4.0.4.tgz. Extracting by manifest.
2988 silly tarball no local data for @babel/helper-validator-identifier@https://registry.npmjs.org/@babel/helper-validator-identifier/-/helper-validator-identifier-7.29.7.tgz. Extracting by manifest.
2989 silly tarball no local data for yocto-queue@https://registry.npmjs.org/yocto-queue/-/yocto-queue-1.2.2.tgz. Extracting by manifest.
2990 silly tarball no local data for eventemitter3@https://registry.npmjs.org/eventemitter3/-/eventemitter3-5.0.4.tgz. Extracting by manifest.
2991 silly tarball no local data for @babel/helper-string-parser@https://registry.npmjs.org/@babel/helper-string-parser/-/helper-string-parser-7.29.7.tgz. Extracting by manifest.
2992 silly tarball no local data for source-map-js@https://registry.npmjs.org/source-map-js/-/source-map-js-1.2.1.tgz. Extracting by manifest.
2993 silly tarball no local data for p-timeout@https://registry.npmjs.org/p-timeout/-/p-timeout-6.1.4.tgz. Extracting by manifest.
2994 silly tarball no local data for argparse@https://registry.npmjs.org/argparse/-/argparse-2.0.1.tgz. Extracting by manifest.
2995 silly tarball no local data for @babel/types@https://registry.npmjs.org/@babel/types/-/types-7.29.8.tgz. Extracting by manifest.
2996 silly tarball no local data for @babel/parser@https://registry.npmjs.org/@babel/parser/-/parser-7.29.8.tgz. Extracting by manifest.
2997 silly tarball no local data for is-inside-container@https://registry.npmjs.org/is-inside-container/-/is-inside-container-1.0.0.tgz. Extracting by manifest.
2998 silly tarball no local data for hast-util-parse-selector@https://registry.npmjs.org/hast-util-parse-selector/-/hast-util-parse-selector-4.0.0.tgz. Extracting by manifest.
2999 silly tarball no local data for space-separated-tokens@https://registry.npmjs.org/space-separated-tokens/-/space-separated-tokens-2.0.2.tgz. Extracting by manifest.
3000 silly tarball no local data for comma-separated-tokens@https://registry.npmjs.org/comma-separated-tokens/-/comma-separated-tokens-2.0.3.tgz. Extracting by manifest.
3001 silly tarball no local data for unist-util-find-after@https://registry.npmjs.org/unist-util-find-after/-/unist-util-find-after-5.0.0.tgz. Extracting by manifest.
3002 silly tarball no local data for hast-util-is-element@https://registry.npmjs.org/hast-util-is-element/-/hast-util-is-element-3.0.0.tgz. Extracting by manifest.
3003 silly tarball no local data for web-namespaces@https://registry.npmjs.org/web-namespaces/-/web-namespaces-2.0.1.tgz. Extracting by manifest.
3004 silly tarball no local data for vfile-location@https://registry.npmjs.org/vfile-location/-/vfile-location-5.0.3.tgz. Extracting by manifest.
3005 silly tarball no local data for property-information@https://registry.npmjs.org/property-information/-/property-information-7.2.0.tgz. Extracting by manifest.
3006 silly tarball no local data for @types/unist@https://registry.npmjs.org/@types/unist/-/unist-3.0.3.tgz. Extracting by manifest.
3007 silly tarball no local data for hastscript@https://registry.npmjs.org/hastscript/-/hastscript-9.0.1.tgz. Extracting by manifest.
3008 silly tarball no local data for dequal@https://registry.npmjs.org/dequal/-/dequal-2.0.3.tgz. Extracting by manifest.
3009 silly tarball no local data for vfile-message@https://registry.npmjs.org/vfile-message/-/vfile-message-4.0.3.tgz. Extracting by manifest.
3010 silly tarball no local data for parse5@https://registry.npmjs.org/parse5/-/parse5-7.3.0.tgz. Extracting by manifest.
3011 silly tarball no local data for hast-util-from-parse5@https://registry.npmjs.org/hast-util-from-parse5/-/hast-util-from-parse5-8.0.3.tgz. Extracting by manifest.
3012 silly tarball no local data for devlop@https://registry.npmjs.org/devlop/-/devlop-1.1.0.tgz. Extracting by manifest.
3013 silly tarball no local data for @esbuild/win32-x64@https://registry.npmjs.org/@esbuild/win32-x64/-/win32-x64-0.27.7.tgz. Extracting by manifest.
3014 silly tarball no local data for @types/hast@https://registry.npmjs.org/@types/hast/-/hast-3.0.5.tgz. Extracting by manifest.
3015 silly tarball no local data for tiny-inflate@https://registry.npmjs.org/tiny-inflate/-/tiny-inflate-1.0.3.tgz. Extracting by manifest.
3016 silly tarball no local data for base-64@https://registry.npmjs.org/base-64/-/base-64-1.0.0.tgz. Extracting by manifest.
3017 silly tarball no local data for ms@https://registry.npmjs.org/ms/-/ms-2.1.3.tgz. Extracting by manifest.
3018 silly tarball no local data for readdirp@https://registry.npmjs.org/readdirp/-/readdirp-4.1.2.tgz. Extracting by manifest.
3019 silly tarball no local data for widest-line@https://registry.npmjs.org/widest-line/-/widest-line-5.0.0.tgz. Extracting by manifest.
3020 silly tarball no local data for wrap-ansi@https://registry.npmjs.org/wrap-ansi/-/wrap-ansi-9.0.2.tgz. Extracting by manifest.
3021 silly tarball no local data for type-fest@https://registry.npmjs.org/type-fest/-/type-fest-4.41.0.tgz. Extracting by manifest.
3022 silly tarball no local data for cli-boxes@https://registry.npmjs.org/cli-boxes/-/cli-boxes-3.0.0.tgz. Extracting by manifest.
3023 silly tarball no local data for @types/estree@https://registry.npmjs.org/@types/estree/-/estree-1.0.9.tgz. Extracting by manifest.
3024 silly tarball no local data for string-width@https://registry.npmjs.org/string-width/-/string-width-7.2.0.tgz. Extracting by manifest.
3025 silly tarball no local data for chalk@https://registry.npmjs.org/chalk/-/chalk-5.6.2.tgz. Extracting by manifest.
3026 silly tarball no local data for camelcase@https://registry.npmjs.org/camelcase/-/camelcase-8.0.0.tgz. Extracting by manifest.
3027 silly tarball no local data for ansi-align@https://registry.npmjs.org/ansi-align/-/ansi-align-3.0.1.tgz. Extracting by manifest.
3028 silly tarball no local data for is-docker@https://registry.npmjs.org/is-docker/-/is-docker-3.0.0.tgz. Extracting by manifest.
3029 silly tarball no local data for which-pm-runs@https://registry.npmjs.org/which-pm-runs/-/which-pm-runs-1.1.0.tgz. Extracting by manifest.
3030 silly tarball no local data for is-wsl@https://registry.npmjs.org/is-wsl/-/is-wsl-3.1.1.tgz. Extracting by manifest.
3031 silly tarball no local data for prismjs@https://registry.npmjs.org/prismjs/-/prismjs-1.30.0.tgz. Extracting by manifest.
3032 silly tarball no local data for fontkitten@https://registry.npmjs.org/fontkitten/-/fontkitten-1.0.3.tgz. Extracting by manifest.
3033 silly tarball no local data for unist-util-remove-position@https://registry.npmjs.org/unist-util-remove-position/-/unist-util-remove-position-5.0.0.tgz. Extracting by manifest.
3034 silly tarball no local data for unist-util-visit-parents@https://registry.npmjs.org/unist-util-visit-parents/-/unist-util-visit-parents-6.0.2.tgz. Extracting by manifest.
3035 silly tarball no local data for unified@https://registry.npmjs.org/unified/-/unified-11.0.5.tgz. Extracting by manifest.
3036 silly tarball no local data for remark-rehype@https://registry.npmjs.org/remark-rehype/-/remark-rehype-11.1.2.tgz. Extracting by manifest.
3037 silly tarball no local data for remark-smartypants@https://registry.npmjs.org/remark-smartypants/-/remark-smartypants-3.0.3.tgz. Extracting by manifest.
3038 silly tarball no local data for remark-parse@https://registry.npmjs.org/remark-parse/-/remark-parse-11.0.0.tgz. Extracting by manifest.
3039 silly tarball no local data for remark-gfm@https://registry.npmjs.org/remark-gfm/-/remark-gfm-4.0.1.tgz. Extracting by manifest.
3040 silly tarball no local data for rehype-stringify@https://registry.npmjs.org/rehype-stringify/-/rehype-stringify-10.0.1.tgz. Extracting by manifest.
3041 silly tarball no local data for mdast-util-definitions@https://registry.npmjs.org/mdast-util-definitions/-/mdast-util-definitions-6.0.0.tgz. Extracting by manifest.
3042 silly tarball no local data for rehype-raw@https://registry.npmjs.org/rehype-raw/-/rehype-raw-7.0.0.tgz. Extracting by manifest.
3043 silly tarball no local data for @astrojs/prism@https://registry.npmjs.org/@astrojs/prism/-/prism-3.3.0.tgz. Extracting by manifest.
3044 silly tarball no local data for hast-util-to-text@https://registry.npmjs.org/hast-util-to-text/-/hast-util-to-text-4.0.2.tgz. Extracting by manifest.
3045 silly tarball no local data for hast-util-from-html@https://registry.npmjs.org/hast-util-from-html/-/hast-util-from-html-2.0.3.tgz. Extracting by manifest.
3046 silly tarball no local data for zod-to-ts@https://registry.npmjs.org/zod-to-ts/-/zod-to-ts-1.2.0.tgz. Extracting by manifest.
3047 silly tarball no local data for zod-to-json-schema@https://registry.npmjs.org/zod-to-json-schema/-/zod-to-json-schema-3.25.2.tgz. Extracting by manifest.
3048 silly tarball no local data for zod@https://registry.npmjs.org/zod/-/zod-3.25.76.tgz. Extracting by manifest.
3049 silly tarball no local data for yocto-spinner@https://registry.npmjs.org/yocto-spinner/-/yocto-spinner-0.2.3.tgz. Extracting by manifest.
3050 silly tarball no local data for yargs-parser@https://registry.npmjs.org/yargs-parser/-/yargs-parser-21.1.1.tgz. Extracting by manifest.
3051 silly tarball no local data for vitefu@https://registry.npmjs.org/vitefu/-/vitefu-1.1.3.tgz. Extracting by manifest.
3052 silly tarball no local data for xxhash-wasm@https://registry.npmjs.org/xxhash-wasm/-/xxhash-wasm-1.1.0.tgz. Extracting by manifest.
3053 silly tarball no local data for vite@https://registry.npmjs.org/vite/-/vite-6.4.3.tgz. Extracting by manifest.
3054 silly tarball no local data for vfile@https://registry.npmjs.org/vfile/-/vfile-6.0.3.tgz. Extracting by manifest.
3055 silly tarball no local data for unstorage@https://registry.npmjs.org/unstorage/-/unstorage-1.17.5.tgz. Extracting by manifest.
3056 silly tarball no local data for unist-util-visit@https://registry.npmjs.org/unist-util-visit/-/unist-util-visit-5.1.0.tgz. Extracting by manifest.
3057 silly tarball no local data for unifont@https://registry.npmjs.org/unifont/-/unifont-0.7.5.tgz. Extracting by manifest.
3058 silly tarball no local data for ultrahtml@https://registry.npmjs.org/ultrahtml/-/ultrahtml-1.7.0.tgz. Extracting by manifest.
3059 silly tarball no local data for tinyexec@https://registry.npmjs.org/tinyexec/-/tinyexec-1.3.1.tgz. Extracting by manifest.
3060 silly tarball no local data for tsconfck@https://registry.npmjs.org/tsconfck/-/tsconfck-3.1.6.tgz. Extracting by manifest.
3061 silly tarball no local data for svgo@https://registry.npmjs.org/svgo/-/svgo-4.1.0.tgz. Extracting by manifest.
3062 silly tarball no local data for smol-toml@https://registry.npmjs.org/smol-toml/-/smol-toml-1.8.0.tgz. Extracting by manifest.
3063 silly tarball no local data for shiki@https://registry.npmjs.org/shiki/-/shiki-3.23.0.tgz. Extracting by manifest.
3064 silly tarball no local data for sharp@https://registry.npmjs.org/sharp/-/sharp-0.34.5.tgz. Extracting by manifest.
3065 silly tarball no local data for semver@https://registry.npmjs.org/semver/-/semver-7.8.5.tgz. Extracting by manifest.
3066 silly tarball no local data for picomatch@https://registry.npmjs.org/picomatch/-/picomatch-4.0.7.tgz. Extracting by manifest.
3067 silly tarball no local data for prompts@https://registry.npmjs.org/prompts/-/prompts-2.4.2.tgz. Extracting by manifest.
3068 silly tarball no local data for rehype@https://registry.npmjs.org/rehype/-/rehype-13.0.2.tgz. Extracting by manifest.
3069 silly tarball no local data for piccolore@https://registry.npmjs.org/piccolore/-/piccolore-0.1.3.tgz. Extracting by manifest.
3070 silly tarball no local data for package-manager-detector@https://registry.npmjs.org/package-manager-detector/-/package-manager-detector-1.8.0.tgz. Extracting by manifest.
3071 silly tarball no local data for p-queue@https://registry.npmjs.org/p-queue/-/p-queue-8.1.1.tgz. Extracting by manifest.
3072 silly tarball no local data for p-limit@https://registry.npmjs.org/p-limit/-/p-limit-6.2.0.tgz. Extracting by manifest.
3073 silly tarball no local data for mrmime@https://registry.npmjs.org/mrmime/-/mrmime-2.0.1.tgz. Extracting by manifest.
3074 silly tarball no local data for neotraverse@https://registry.npmjs.org/neotraverse/-/neotraverse-0.6.18.tgz. Extracting by manifest.
3075 silly tarball no local data for magicast@https://registry.npmjs.org/magicast/-/magicast-0.5.4.tgz. Extracting by manifest.
3076 silly tarball no local data for magic-string@https://registry.npmjs.org/magic-string/-/magic-string-0.30.21.tgz. Extracting by manifest.
3077 silly tarball no local data for js-yaml@https://registry.npmjs.org/js-yaml/-/js-yaml-4.3.2.tgz. Extracting by manifest.
3078 silly tarball no local data for import-meta-resolve@https://registry.npmjs.org/import-meta-resolve/-/import-meta-resolve-4.2.0.tgz. Extracting by manifest.
3079 silly tarball no local data for http-cache-semantics@https://registry.npmjs.org/http-cache-semantics/-/http-cache-semantics-4.2.0.tgz. Extracting by manifest.
3080 silly tarball no local data for html-escaper@https://registry.npmjs.org/html-escaper/-/html-escaper-3.0.3.tgz. Extracting by manifest.
3081 silly tarball no local data for github-slugger@https://registry.npmjs.org/github-slugger/-/github-slugger-2.0.0.tgz. Extracting by manifest.
3082 silly tarball no local data for fontace@https://registry.npmjs.org/fontace/-/fontace-0.4.1.tgz. Extracting by manifest.
3083 silly tarball no local data for flattie@https://registry.npmjs.org/flattie/-/flattie-1.1.1.tgz. Extracting by manifest.
3084 silly tarball no local data for estree-walker@https://registry.npmjs.org/estree-walker/-/estree-walker-3.0.3.tgz. Extracting by manifest.
3085 silly tarball no local data for es-module-lexer@https://registry.npmjs.org/es-module-lexer/-/es-module-lexer-1.7.0.tgz. Extracting by manifest.
3086 silly tarball no local data for esbuild@https://registry.npmjs.org/esbuild/-/esbuild-0.27.7.tgz. Extracting by manifest.
3087 silly tarball no local data for dset@https://registry.npmjs.org/dset/-/dset-3.1.4.tgz. Extracting by manifest.
3088 silly tarball no local data for dlv@https://registry.npmjs.org/dlv/-/dlv-1.1.3.tgz. Extracting by manifest.
3089 silly tarball no local data for diff@https://registry.npmjs.org/diff/-/diff-8.0.4.tgz. Extracting by manifest.
3090 silly tarball no local data for devalue@https://registry.npmjs.org/devalue/-/devalue-5.9.2.tgz. Extracting by manifest.
3091 silly tarball no local data for debug@https://registry.npmjs.org/debug/-/debug-4.4.3.tgz. Extracting by manifest.
3092 silly tarball no local data for cssesc@https://registry.npmjs.org/cssesc/-/cssesc-3.0.0.tgz. Extracting by manifest.
3093 silly tarball no local data for common-ancestor-path@https://registry.npmjs.org/common-ancestor-path/-/common-ancestor-path-1.0.1.tgz. Extracting by manifest.
3094 silly tarball no local data for cookie@https://registry.npmjs.org/cookie/-/cookie-1.1.1.tgz. Extracting by manifest.
3095 silly tarball no local data for clsx@https://registry.npmjs.org/clsx/-/clsx-2.1.1.tgz. Extracting by manifest.
3096 silly tarball no local data for ci-info@https://registry.npmjs.org/ci-info/-/ci-info-4.4.0.tgz. Extracting by manifest.
3097 silly tarball no local data for deterministic-object-hash@https://registry.npmjs.org/deterministic-object-hash/-/deterministic-object-hash-2.0.2.tgz. Extracting by manifest.
3098 silly tarball no local data for axobject-query@https://registry.npmjs.org/axobject-query/-/axobject-query-4.1.0.tgz. Extracting by manifest.
3099 silly tarball no local data for @rollup/pluginutils@https://registry.npmjs.org/@rollup/pluginutils/-/pluginutils-5.4.0.tgz. Extracting by manifest.
3100 silly tarball no local data for aria-query@https://registry.npmjs.org/aria-query/-/aria-query-5.3.2.tgz. Extracting by manifest.
3101 silly tarball no local data for acorn@https://registry.npmjs.org/acorn/-/acorn-8.18.0.tgz. Extracting by manifest.
3102 silly tarball no local data for @astrojs/telemetry@https://registry.npmjs.org/@astrojs/telemetry/-/telemetry-3.3.0.tgz. Extracting by manifest.
3103 silly tarball no local data for @capsizecss/unpack@https://registry.npmjs.org/@capsizecss/unpack/-/unpack-4.0.1.tgz. Extracting by manifest.
3104 silly tarball no local data for @oslojs/encoding@https://registry.npmjs.org/@oslojs/encoding/-/encoding-1.1.0.tgz. Extracting by manifest.
3105 silly tarball no local data for @astrojs/markdown-remark@https://registry.npmjs.org/@astrojs/markdown-remark/-/markdown-remark-6.3.11.tgz. Extracting by manifest.
3106 silly tarball no local data for @astrojs/internal-helpers@https://registry.npmjs.org/@astrojs/internal-helpers/-/internal-helpers-0.7.6.tgz. Extracting by manifest.
3107 silly tarball no local data for vscode-languageserver-protocol@https://registry.npmjs.org/vscode-languageserver-protocol/-/vscode-languageserver-protocol-3.18.3.tgz. Extracting by manifest.
3108 silly tarball no local data for @volar/source-map@https://registry.npmjs.org/@volar/source-map/-/source-map-2.4.28.tgz. Extracting by manifest.
3109 silly tarball no local data for vscode-languageserver@https://registry.npmjs.org/vscode-languageserver/-/vscode-languageserver-9.0.1.tgz. Extracting by manifest.
3110 silly tarball no local data for request-light@https://registry.npmjs.org/request-light/-/request-light-0.7.0.tgz. Extracting by manifest.
3111 silly tarball no local data for path-browserify@https://registry.npmjs.org/path-browserify/-/path-browserify-1.0.1.tgz. Extracting by manifest.
3112 silly tarball no local data for @volar/typescript@https://registry.npmjs.org/@volar/typescript/-/typescript-2.4.28.tgz. Extracting by manifest.
3113 silly tarball no local data for vscode-languageserver-textdocument@https://registry.npmjs.org/vscode-languageserver-textdocument/-/vscode-languageserver-textdocument-1.0.14.tgz. Extracting by manifest.
3114 silly tarball no local data for typesafe-path@https://registry.npmjs.org/typesafe-path/-/typesafe-path-0.2.2.tgz. Extracting by manifest.
3115 silly tarball no local data for yaml@https://registry.npmjs.org/yaml/-/yaml-2.9.0.tgz. Extracting by manifest.
3116 silly tarball no local data for vscode-uri@https://registry.npmjs.org/vscode-uri/-/vscode-uri-3.2.0.tgz. Extracting by manifest.
3117 silly tarball no local data for vscode-html-languageservice@https://registry.npmjs.org/vscode-html-languageservice/-/vscode-html-languageservice-5.6.2.tgz. Extracting by manifest.
3118 silly tarball no local data for volar-service-yaml@https://registry.npmjs.org/volar-service-yaml/-/volar-service-yaml-0.0.71.tgz. Extracting by manifest.
3119 silly tarball no local data for volar-service-typescript-twoslash-queries@https://registry.npmjs.org/volar-service-typescript-twoslash-queries/-/volar-service-typescript-twoslash-queries-0.0.71.tgz. Extracting by manifest.
3120 silly tarball no local data for volar-service-typescript@https://registry.npmjs.org/volar-service-typescript/-/volar-service-typescript-0.0.71.tgz. Extracting by manifest.
3121 silly tarball no local data for volar-service-prettier@https://registry.npmjs.org/volar-service-prettier/-/volar-service-prettier-0.0.71.tgz. Extracting by manifest.
3122 silly tarball no local data for volar-service-html@https://registry.npmjs.org/volar-service-html/-/volar-service-html-0.0.71.tgz. Extracting by manifest.
3123 silly tarball no local data for volar-service-css@https://registry.npmjs.org/volar-service-css/-/volar-service-css-0.0.71.tgz. Extracting by manifest.
3124 silly tarball no local data for volar-service-emmet@https://registry.npmjs.org/volar-service-emmet/-/volar-service-emmet-0.0.71.tgz. Extracting by manifest.
3125 silly tarball no local data for tinyglobby@https://registry.npmjs.org/tinyglobby/-/tinyglobby-0.2.17.tgz. Extracting by manifest.
3126 silly tarball no local data for muggle-string@https://registry.npmjs.org/muggle-string/-/muggle-string-0.4.1.tgz. Extracting by manifest.
3127 silly tarball no local data for @volar/language-service@https://registry.npmjs.org/@volar/language-service/-/language-service-2.4.28.tgz. Extracting by manifest.
3128 silly tarball no local data for @astrojs/yaml2ts@https://registry.npmjs.org/@astrojs/yaml2ts/-/yaml2ts-0.2.4.tgz. Extracting by manifest.
3129 silly tarball no local data for @astrojs/compiler@https://registry.npmjs.org/@astrojs/compiler/-/compiler-2.13.1.tgz. Extracting by manifest.
3130 silly tarball no local data for @volar/language-server@https://registry.npmjs.org/@volar/language-server/-/language-server-2.4.28.tgz. Extracting by manifest.
3131 silly tarball no local data for boxen@https://registry.npmjs.org/boxen/-/boxen-8.0.1.tgz. Extracting by manifest.
3132 silly tarball no local data for @volar/language-core@https://registry.npmjs.org/@volar/language-core/-/language-core-2.4.28.tgz. Extracting by manifest.
3133 silly tarball no local data for yargs@https://registry.npmjs.org/yargs/-/yargs-18.1.0.tgz. Extracting by manifest.
3134 silly tarball no local data for kleur@https://registry.npmjs.org/kleur/-/kleur-4.1.5.tgz. Extracting by manifest.
3135 silly tarball no local data for @volar/kit@https://registry.npmjs.org/@volar/kit/-/kit-2.4.28.tgz. Extracting by manifest.
3136 silly tarball no local data for @astrojs/language-server@https://registry.npmjs.org/@astrojs/language-server/-/language-server-2.16.16.tgz. Extracting by manifest.
3137 silly tarball no local data for @jridgewell/sourcemap-codec@https://registry.npmjs.org/@jridgewell/sourcemap-codec/-/sourcemap-codec-1.6.0.tgz. Extracting by manifest.
3138 silly tarball no local data for @astrojs/check@https://registry.npmjs.org/@astrojs/check/-/check-0.9.10.tgz. Extracting by manifest.
3139 silly tarball no local data for chokidar@https://registry.npmjs.org/chokidar/-/chokidar-4.0.3.tgz. Extracting by manifest.
3140 silly tarball no local data for jsonc-parser@https://registry.npmjs.org/jsonc-parser/-/jsonc-parser-3.3.1.tgz. Extracting by manifest.
3141 silly tarball no local data for astro@https://registry.npmjs.org/astro/-/astro-5.18.2.tgz. Extracting by manifest.
3142 silly tarball no local data for typescript@https://registry.npmjs.org/typescript/-/typescript-5.9.3.tgz. Extracting by manifest.
3143 silly tarball no local data for yaml@https://registry.npmjs.org/yaml/-/yaml-2.8.3.tgz. Extracting by manifest.
3144 silly tarball no local data for request-light@https://registry.npmjs.org/request-light/-/request-light-0.5.8.tgz. Extracting by manifest.
3145 silly tarball no local data for vscode-languageserver-types@https://registry.npmjs.org/vscode-languageserver-types/-/vscode-languageserver-types-3.17.5.tgz. Extracting by manifest.
3146 silly tarball no local data for picomatch@https://registry.npmjs.org/picomatch/-/picomatch-2.3.2.tgz. Extracting by manifest.
3147 silly tarball no local data for entities@https://registry.npmjs.org/entities/-/entities-4.5.0.tgz. Extracting by manifest.
3148 silly tarball no local data for strip-ansi@https://registry.npmjs.org/strip-ansi/-/strip-ansi-6.0.1.tgz. Extracting by manifest.
3149 silly tarball no local data for ansi-regex@https://registry.npmjs.org/ansi-regex/-/ansi-regex-5.0.1.tgz. Extracting by manifest.
3150 silly tarball no local data for css-tree@https://registry.npmjs.org/css-tree/-/css-tree-2.2.1.tgz. Extracting by manifest.
3151 silly tarball no local data for mdn-data@https://registry.npmjs.org/mdn-data/-/mdn-data-2.0.28.tgz. Extracting by manifest.
3152 silly tarball no local data for esbuild@https://registry.npmjs.org/esbuild/-/esbuild-0.25.12.tgz. Extracting by manifest.
3153 silly tarball no local data for @esbuild/win32-x64@https://registry.npmjs.org/@esbuild/win32-x64/-/win32-x64-0.25.12.tgz. Extracting by manifest.
3154 silly tarball no local data for emoji-regex@https://registry.npmjs.org/emoji-regex/-/emoji-regex-8.0.0.tgz. Extracting by manifest.
3155 silly tarball no local data for readdirp@https://registry.npmjs.org/readdirp/-/readdirp-5.1.1.tgz. Extracting by manifest.
3156 silly tarball no local data for kleur@https://registry.npmjs.org/kleur/-/kleur-3.0.3.tgz. Extracting by manifest.
3157 silly tarball no local data for chokidar@https://registry.npmjs.org/chokidar/-/chokidar-5.0.0.tgz. Extracting by manifest.
3158 silly tarball no local data for string-width@https://registry.npmjs.org/string-width/-/string-width-4.2.3.tgz. Extracting by manifest.
3159 silly tarball no local data for estree-walker@https://registry.npmjs.org/estree-walker/-/estree-walker-2.0.2.tgz. Extracting by manifest.
3160 silly tarball no local data for vscode-languageserver-types@https://registry.npmjs.org/vscode-languageserver-types/-/vscode-languageserver-types-3.17.5.tgz. Extracting by manifest.
3161 silly tarball no local data for vscode-languageserver-protocol@https://registry.npmjs.org/vscode-languageserver-protocol/-/vscode-languageserver-protocol-3.17.5.tgz. Extracting by manifest.
3162 silly tarball no local data for vscode-jsonrpc@https://registry.npmjs.org/vscode-jsonrpc/-/vscode-jsonrpc-8.2.0.tgz. Extracting by manifest.
3163 silly tarball no local data for yargs-parser@https://registry.npmjs.org/yargs-parser/-/yargs-parser-22.0.0.tgz. Extracting by manifest.
3164 silly tarball no local data for string-width@https://registry.npmjs.org/string-width/-/string-width-8.2.2.tgz. Extracting by manifest.
3165 http fetch POST 200 https://registry.npmjs.org/-/npm/v1/security/advisories/bulk 378ms
3166 silly audit report {
3166 silly audit report   astro: [
3166 silly audit report     {
3166 silly audit report       id: 1118920,
3166 silly audit report       url: 'https://github.com/advisories/GHSA-xr5h-phrj-8vxv',
3166 silly audit report       title: 'Astro: Server island encrypted parameters vulnerable to cross-component replay',
3166 silly audit report       severity: 'low',
3166 silly audit report       vulnerable_versions: '<6.1.10',
3166 silly audit report       cwe: [Array],
3166 silly audit report       cvss: [Object]
3166 silly audit report     },
3166 silly audit report     {
3166 silly audit report       id: 1117141,
3166 silly audit report       url: 'https://github.com/advisories/GHSA-j687-52p2-xcff',
3166 silly audit report       title: 'Astro: XSS in define:vars via incomplete </script> tag sanitization',
3166 silly audit report       severity: 'moderate',
3166 silly audit report       vulnerable_versions: '<6.1.6',
3166 silly audit report       cwe: [Array],
3166 silly audit report       cvss: [Object]
3166 silly audit report     },
3166 silly audit report     {
3166 silly audit report       id: 1123700,
3166 silly audit report       url: 'https://github.com/advisories/GHSA-jrpj-wcv7-9fh9',
3166 silly audit report       title: 'Astro: XSS via Unescaped Attribute Names in Spread Props',
3166 silly audit report       severity: 'moderate',
3166 silly audit report       vulnerable_versions: '<6.4.6',
3166 silly audit report       cwe: [Array],
3166 silly audit report       cvss: [Object]
3166 silly audit report     },
3166 silly audit report     {
3166 silly audit report       id: 1139373,
3166 silly audit report       url: 'https://github.com/advisories/GHSA-f48w-9m4c-m7f5',
3166 silly audit report       title: 'Astro: XSS via unescaped spread attribute names in renderHTMLElement (incomplete fix for CVE-2026-54298)',
3166 silly audit report       severity: 'moderate',
3166 silly audit report       vulnerable_versions: '<7.0.6',
3166 silly audit report       cwe: [Array],
3166 silly audit report       cvss: [Object]
3166 silly audit report     },
3166 silly audit report     {
3166 silly audit report       id: 1139375,
3166 silly audit report       url: 'https://github.com/advisories/GHSA-7pw4-f3q4-r2p2',
3166 silly audit report       title: 'Astro: Cross-site scripting via unescaped transition:* directive values on hydrated islands',
3166 silly audit report       severity: 'low',
3166 silly audit report       vulnerable_versions: '>=3.10.0 <7.0.4',
3166 silly audit report       cwe: [Array],
3166 silly audit report       cvss: [Object]
3166 silly audit report     },
3166 silly audit report     {
3166 silly audit report       id: 1139376,
3166 silly audit report       url: 'https://github.com/advisories/GHSA-4g3v-8h47-v7g6',
3166 silly audit report       title: 'Astro: Reflected XSS via unescaped View Transition animation properties',
3166 silly audit report       severity: 'moderate',
3166 silly audit report       vulnerable_versions: '>=2.9.0 <=7.0.9',
3166 silly audit report       cwe: [Array],
3166 silly audit report       cvss: [Object]
3166 silly audit report     },
3166 silly audit report     {
3166 silly audit report       id: 1139377,
3166 silly audit report       url: 'https://github.com/advisories/GHSA-2pvr-wf23-7pc7',
3166 silly audit report       title: 'Astro: Host header SSRF in prerendered error page fetch',
3166 silly audit report       severity: 'high',
3166 silly audit report       vulnerable_versions: '<6.4.6',
3166 silly audit report       cwe: [Array],
3166 silly audit report       cvss: [Object]
3166 silly audit report     },
3166 silly audit report     {
3166 silly audit report       id: 1139378,
3166 silly audit report       url: 'https://github.com/advisories/GHSA-8hv8-536x-4wqp',
3166 silly audit report       title: 'Astro: Reflected XSS via unescaped slot name',
3166 silly audit report       severity: 'high',
3166 silly audit report       vulnerable_versions: '<6.3.3',
3166 silly audit report       cwe: [Array],
3166 silly audit report       cvss: [Object]
3166 silly audit report     }
3166 silly audit report   ],
3166 silly audit report   esbuild: [
3166 silly audit report     {
3166 silly audit report       id: 1120680,
3166 silly audit report       url: 'https://github.com/advisories/GHSA-g7r4-m6w7-qqqr',
3166 silly audit report       title: 'esbuild allows arbitrary file read when running the development server on Windows',
3166 silly audit report       severity: 'low',
3166 silly audit report       vulnerable_versions: '>=0.27.3 <0.28.1',
3166 silly audit report       cwe: [Array],
3166 silly audit report       cvss: [Object]
3166 silly audit report     }
3166 silly audit report   ],
3166 silly audit report   sharp: [
3166 silly audit report     {
3166 silly audit report       id: 1124066,
3166 silly audit report       url: 'https://github.com/advisories/GHSA-f88m-g3jw-g9cj',
3166 silly audit report       title: 'sharp inherited vulnerabilities in libvips: CVE-2026-33327, CVE-2026-33328, CVE-2026-35590, CVE-2026-35591',
3166 silly audit report       severity: 'high',
3166 silly audit report       vulnerable_versions: '<0.35.0',
3166 silly audit report       cwe: [Array],
3166 silly audit report       cvss: [Object]
3166 silly audit report     }
3166 silly audit report   ]
3166 silly audit report }
3167 silly packumentCache corgi:https://registry.npmjs.org/astro cache-miss
3168 silly packumentCache corgi:https://registry.npmjs.org/esbuild cache-miss
3169 silly packumentCache corgi:https://registry.npmjs.org/sharp cache-miss
3170 http fetch GET 200 https://registry.npmjs.org/require-from-string/-/require-from-string-2.0.2.tgz 277ms (cache miss)
3171 http fetch GET 200 https://registry.npmjs.org/escalade/-/escalade-3.2.0.tgz 286ms (cache miss)
3172 http fetch GET 200 https://registry.npmjs.org/is-fullwidth-code-point/-/is-fullwidth-code-point-3.0.0.tgz 292ms (cache miss)
3173 http fetch GET 200 https://registry.npmjs.org/get-caller-file/-/get-caller-file-2.0.5.tgz 301ms (cache miss)
3174 http fetch GET 200 https://registry.npmjs.org/ansi-styles/-/ansi-styles-6.2.3.tgz 313ms (cache miss)
3175 http fetch GET 200 https://registry.npmjs.org/yoctocolors/-/yoctocolors-2.2.0.tgz 325ms (cache miss)
3176 http fetch GET 200 https://registry.npmjs.org/cliui/-/cliui-9.0.1.tgz 330ms (cache miss)
3177 http fetch GET 200 https://registry.npmjs.org/y18n/-/y18n-5.0.8.tgz 340ms (cache miss)
3178 http fetch GET 200 https://registry.npmjs.org/fast-deep-equal/-/fast-deep-equal-3.1.3.tgz 340ms (cache miss)
3179 http fetch GET 200 https://registry.npmjs.org/json-schema-traverse/-/json-schema-traverse-1.0.0.tgz 344ms (cache miss)
3180 http fetch GET 200 https://registry.npmjs.org/ajv-draft-04/-/ajv-draft-04-1.0.0.tgz 376ms (cache miss)
3181 http fetch GET 200 https://registry.npmjs.org/vscode-nls/-/vscode-nls-5.2.0.tgz 375ms (cache miss)
3182 http fetch GET 200 https://registry.npmjs.org/fast-uri/-/fast-uri-3.1.7.tgz 388ms (cache miss)
3183 http fetch GET 200 https://registry.npmjs.org/vscode-jsonrpc/-/vscode-jsonrpc-9.0.2.tgz 392ms (cache miss)
3184 http fetch GET 200 https://registry.npmjs.org/typescript-auto-import-cache/-/typescript-auto-import-cache-0.3.6.tgz 397ms (cache miss)
3185 http fetch GET 200 https://registry.npmjs.org/@emmetio/stream-reader-utils/-/stream-reader-utils-0.1.0.tgz 528ms (cache miss)
3186 http fetch GET 200 https://registry.npmjs.org/@emmetio/abbreviation/-/abbreviation-2.3.3.tgz 675ms (cache miss)
3187 http fetch GET 200 https://registry.npmjs.org/@vscode/l10n/-/l10n-0.0.18.tgz 835ms (cache miss)
3188 http fetch GET 200 https://registry.npmjs.org/vscode-languageserver-types/-/vscode-languageserver-types-3.18.3.tgz 961ms (cache miss)
3189 http fetch GET 200 https://registry.npmjs.org/vscode-json-languageservice/-/vscode-json-languageservice-4.1.8.tgz 1155ms (cache miss)
3190 http fetch GET 200 https://registry.npmjs.org/jsonc-parser/-/jsonc-parser-2.3.1.tgz 1161ms (cache miss)
3191 http fetch GET 200 https://registry.npmjs.org/nanoid/-/nanoid-3.3.18.tgz 1192ms (cache miss)
3192 http fetch GET 200 https://registry.npmjs.org/ajv-i18n/-/ajv-i18n-4.2.0.tgz 1276ms (cache miss)
3193 http fetch GET 200 https://registry.npmjs.org/@emmetio/stream-reader/-/stream-reader-2.2.0.tgz 1514ms (cache miss)
3194 http fetch GET 200 https://registry.npmjs.org/postcss/-/postcss-8.5.28.tgz 1771ms (cache miss)
3195 http fetch GET 200 https://registry.npmjs.org/iron-webcrypto/-/iron-webcrypto-1.2.1.tgz 1818ms (cache miss)
3196 http fetch GET 200 https://registry.npmjs.org/node-mock-http/-/node-mock-http-1.0.5.tgz 1967ms (cache miss)
3197 http fetch GET 200 https://registry.npmjs.org/radix3/-/radix3-1.1.2.tgz 2023ms (cache miss)
3198 http fetch GET 200 https://registry.npmjs.org/crossws/-/crossws-0.3.5.tgz 2514ms (cache miss)
3199 http fetch GET 200 https://registry.npmjs.org/@vscode/emmet-helper/-/emmet-helper-2.11.0.tgz 2690ms (cache miss)
3200 http fetch GET 200 https://registry.npmjs.org/cookie-es/-/cookie-es-1.2.3.tgz 2713ms (cache miss)
3201 http fetch GET 200 https://registry.npmjs.org/emmet/-/emmet-2.4.11.tgz 2786ms (cache miss)
3202 http fetch GET 200 https://registry.npmjs.org/normalize-path/-/normalize-path-3.0.0.tgz 2790ms (cache miss)
3203 http fetch GET 200 https://registry.npmjs.org/ofetch/-/ofetch-1.5.1.tgz 2973ms (cache miss)
3204 http fetch GET 200 https://registry.npmjs.org/ufo/-/ufo-1.6.4.tgz 3128ms (cache miss)
3205 http fetch GET 200 https://registry.npmjs.org/ajv/-/ajv-8.20.0.tgz 3163ms (cache miss)
3206 http fetch GET 200 https://registry.npmjs.org/yaml-language-server/-/yaml-language-server-1.23.0.tgz 3175ms (cache miss)
3207 http fetch GET 200 https://registry.npmjs.org/array-iterate/-/array-iterate-2.0.1.tgz 3203ms (cache miss)
3208 http fetch GET 200 https://registry.npmjs.org/@emmetio/css-abbreviation/-/css-abbreviation-2.1.8.tgz 3967ms (cache miss)
3209 http fetch GET 200 https://registry.npmjs.org/anymatch/-/anymatch-3.1.3.tgz 4063ms (cache miss)
3210 http fetch GET 200 https://registry.npmjs.org/defu/-/defu-6.1.7.tgz 4125ms (cache miss)
3211 http fetch GET 200 https://registry.npmjs.org/node-fetch-native/-/node-fetch-native-1.6.7.tgz 4196ms (cache miss)
3212 http fetch GET 200 https://registry.npmjs.org/ohash/-/ohash-2.0.12.tgz 4223ms (cache miss)
3213 http fetch GET 200 https://registry.npmjs.org/is-plain-obj/-/is-plain-obj-4.1.0.tgz 4526ms (cache miss)
3214 http fetch GET 200 https://registry.npmjs.org/h3/-/h3-1.15.11.tgz 4569ms (cache miss)
3215 http fetch GET 200 https://registry.npmjs.org/bail/-/bail-2.0.2.tgz 4603ms (cache miss)
3216 http fetch GET 200 https://registry.npmjs.org/rollup/-/rollup-4.63.1.tgz 4615ms (cache miss)
3217 http fetch GET 200 https://registry.npmjs.org/fdir/-/fdir-6.5.0.tgz 4638ms (cache miss)
3218 http fetch GET 200 https://registry.npmjs.org/domelementtype/-/domelementtype-2.3.0.tgz 4675ms (cache miss)
3219 http fetch GET 200 https://registry.npmjs.org/dom-serializer/-/dom-serializer-2.0.0.tgz 4679ms (cache miss)
3220 http fetch GET 200 https://registry.npmjs.org/lru-cache/-/lru-cache-11.5.2.tgz 4755ms (cache miss)
3221 http fetch GET 200 https://registry.npmjs.org/nth-check/-/nth-check-2.1.1.tgz 4782ms (cache miss)
3222 http fetch GET 200 https://registry.npmjs.org/destr/-/destr-2.0.5.tgz 4849ms (cache miss)
3223 http fetch GET 200 https://registry.npmjs.org/boolbase/-/boolbase-1.0.0.tgz 4849ms (cache miss)
3224 http fetch GET 200 https://registry.npmjs.org/domhandler/-/domhandler-5.0.3.tgz 4868ms (cache miss)
3225 http fetch GET 200 https://registry.npmjs.org/picocolors/-/picocolors-1.1.1.tgz 4873ms (cache miss)
3226 http fetch GET 200 https://registry.npmjs.org/domutils/-/domutils-3.2.2.tgz 4881ms (cache miss)
3227 http fetch GET 200 https://registry.npmjs.org/extend/-/extend-3.0.2.tgz 4932ms (cache miss)
3228 http fetch GET 200 https://registry.npmjs.org/css-select/-/css-select-6.0.0.tgz 5148ms (cache miss)
3229 http fetch GET 200 https://registry.npmjs.org/mdn-data/-/mdn-data-2.27.1.tgz 5175ms (cache miss)
3230 http fetch GET 200 https://registry.npmjs.org/vscode-css-languageservice/-/vscode-css-languageservice-6.3.10.tgz 5272ms (cache miss)
3231 http fetch GET 200 https://registry.npmjs.org/ansi-regex/-/ansi-regex-6.3.0.tgz 5279ms (cache miss)
3232 http fetch GET 200 https://registry.npmjs.org/commander/-/commander-11.1.0.tgz 5369ms (cache miss)
3233 http fetch GET 200 https://registry.npmjs.org/character-entities-html4/-/character-entities-html4-2.1.0.tgz 5746ms (cache miss)
3234 http fetch GET 200 https://registry.npmjs.org/sax/-/sax-1.6.1.tgz 5807ms (cache miss)
3235 http fetch GET 200 https://registry.npmjs.org/trough/-/trough-2.2.0.tgz 5825ms (cache miss)
3236 http fetch GET 200 https://registry.npmjs.org/regex-utilities/-/regex-utilities-2.3.0.tgz 5842ms (cache miss)
3237 http fetch GET 200 https://registry.npmjs.org/character-entities-legacy/-/character-entities-legacy-3.0.0.tgz 5858ms (cache miss)
3238 http fetch GET 200 https://registry.npmjs.org/get-east-asian-width/-/get-east-asian-width-1.6.0.tgz 5911ms (cache miss)
3239 http fetch GET 200 https://registry.npmjs.org/emoji-regex/-/emoji-regex-10.6.0.tgz 5930ms (cache miss)
3240 http fetch GET 200 https://registry.npmjs.org/regex-recursion/-/regex-recursion-6.0.2.tgz 5932ms (cache miss)
3241 http fetch GET 200 https://registry.npmjs.org/strip-ansi/-/strip-ansi-7.2.0.tgz 6064ms (cache miss)
3242 http fetch GET 200 https://registry.npmjs.org/@rollup/rollup-win32-x64-msvc/-/rollup-win32-x64-msvc-4.63.1.tgz 6113ms (cache miss)
3243 http fetch GET 200 https://registry.npmjs.org/@rollup/rollup-win32-x64-gnu/-/rollup-win32-x64-gnu-4.63.1.tgz 6221ms (cache miss)
3244 http fetch GET 200 https://registry.npmjs.org/@shikijs/types/-/types-3.23.0.tgz 6265ms (cache miss)
3245 http fetch GET 200 https://registry.npmjs.org/regex/-/regex-6.1.0.tgz 6324ms (cache miss)
3246 http fetch GET 200 https://registry.npmjs.org/csso/-/csso-5.0.5.tgz 6436ms (cache miss)
3247 http fetch GET 200 https://registry.npmjs.org/@shikijs/vscode-textmate/-/vscode-textmate-10.0.2.tgz 6492ms (cache miss)
3248 http fetch GET 200 https://registry.npmjs.org/@shikijs/engine-javascript/-/engine-javascript-3.23.0.tgz 6796ms (cache miss)
3249 http fetch GET 200 https://registry.npmjs.org/undici/-/undici-8.10.2.tgz 6814ms (cache miss)
3250 http fetch GET 200 https://registry.npmjs.org/oniguruma-to-es/-/oniguruma-to-es-4.3.6.tgz 6867ms (cache miss)
3251 http fetch GET 200 https://registry.npmjs.org/oniguruma-parser/-/oniguruma-parser-0.12.2.tgz 7036ms (cache miss)
3252 http fetch GET 200 https://registry.npmjs.org/@img/colour/-/colour-1.1.0.tgz 7107ms (cache miss)
3253 http fetch GET 200 https://registry.npmjs.org/nlcst-to-string/-/nlcst-to-string-4.0.0.tgz 7143ms (cache miss)
3254 http fetch GET 200 https://registry.npmjs.org/unist-util-visit-children/-/unist-util-visit-children-3.0.0.tgz 7178ms (cache miss)
3255 http fetch GET 200 https://registry.npmjs.org/unist-util-modify-children/-/unist-util-modify-children-4.0.0.tgz 7255ms (cache miss)
3256 http fetch GET 200 https://registry.npmjs.org/retext-stringify/-/retext-stringify-4.0.0.tgz 7295ms (cache miss)
3257 http fetch GET 200 https://registry.npmjs.org/@shikijs/themes/-/themes-3.23.0.tgz 7318ms (cache miss)
3258 http fetch GET 200 https://registry.npmjs.org/@types/nlcst/-/nlcst-2.0.3.tgz 7525ms (cache miss)
3259 http fetch GET 200 https://registry.npmjs.org/retext-smartypants/-/retext-smartypants-6.2.0.tgz 7565ms (cache miss)
3260 http fetch GET 200 https://registry.npmjs.org/@emmetio/scanner/-/scanner-1.0.4.tgz 7640ms (cache miss)
3261 http fetch GET 200 https://registry.npmjs.org/@shikijs/core/-/core-3.23.0.tgz 7631ms (cache miss)
3262 http fetch GET 200 https://registry.npmjs.org/retext/-/retext-9.0.0.tgz 7647ms (cache miss)
3263 http fetch GET 200 https://registry.npmjs.org/micromark-extension-gfm-strikethrough/-/micromark-extension-gfm-strikethrough-2.1.0.tgz 7665ms (cache miss)
3264 http fetch GET 200 https://registry.npmjs.org/parse-latin/-/parse-latin-7.0.0.tgz 7677ms (cache miss)
3265 http fetch GET 200 https://registry.npmjs.org/micromark-extension-gfm-task-list-item/-/micromark-extension-gfm-task-list-item-2.1.0.tgz 7682ms (cache miss)
3266 http fetch GET 200 https://registry.npmjs.org/@shikijs/engine-oniguruma/-/engine-oniguruma-3.23.0.tgz 7716ms (cache miss)
3267 http fetch GET 200 https://registry.npmjs.org/micromark-util-html-tag-name/-/micromark-util-html-tag-name-2.0.1.tgz 7713ms (cache miss)
3268 http fetch GET 200 https://registry.npmjs.org/micromark-extension-gfm-autolink-literal/-/micromark-extension-gfm-autolink-literal-2.1.0.tgz 7740ms (cache miss)
3269 http fetch GET 200 https://registry.npmjs.org/micromark-factory-title/-/micromark-factory-title-2.0.1.tgz 7743ms (cache miss)
3270 http fetch GET 200 https://registry.npmjs.org/micromark-extension-gfm-table/-/micromark-extension-gfm-table-2.1.1.tgz 7750ms (cache miss)
3271 http fetch GET 200 https://registry.npmjs.org/micromark-factory-whitespace/-/micromark-factory-whitespace-2.0.1.tgz 7761ms (cache miss)
3272 http fetch GET 200 https://registry.npmjs.org/@types/ms/-/ms-2.1.0.tgz 7776ms (cache miss)
3273 http fetch GET 200 https://registry.npmjs.org/micromark-extension-gfm-footnote/-/micromark-extension-gfm-footnote-2.1.0.tgz 7784ms (cache miss)
3274 http fetch GET 200 https://registry.npmjs.org/micromark-factory-destination/-/micromark-factory-destination-2.0.1.tgz 7810ms (cache miss)
3275 http fetch GET 200 https://registry.npmjs.org/micromark-util-resolve-all/-/micromark-util-resolve-all-2.0.1.tgz 7813ms (cache miss)
3276 http fetch GET 200 https://registry.npmjs.org/micromark-util-subtokenize/-/micromark-util-subtokenize-2.1.0.tgz 7823ms (cache miss)
3277 http fetch GET 200 https://registry.npmjs.org/micromark-util-combine-extensions/-/micromark-util-combine-extensions-2.0.1.tgz 7841ms (cache miss)
3278 http fetch GET 200 https://registry.npmjs.org/micromark-util-chunked/-/micromark-util-chunked-2.0.1.tgz 7843ms (cache miss)
3279 http fetch GET 200 https://registry.npmjs.org/micromark-factory-space/-/micromark-factory-space-2.0.1.tgz 7861ms (cache miss)
3280 http fetch GET 200 https://registry.npmjs.org/mdast-util-phrasing/-/mdast-util-phrasing-4.1.0.tgz 7876ms (cache miss)
3281 http fetch GET 200 https://registry.npmjs.org/micromark-util-classify-character/-/micromark-util-classify-character-2.0.1.tgz 7890ms (cache miss)
3282 http fetch GET 200 https://registry.npmjs.org/longest-streak/-/longest-streak-3.1.0.tgz 7912ms (cache miss)
3283 http fetch GET 200 https://registry.npmjs.org/unist-util-is/-/unist-util-is-6.0.1.tgz 7933ms (cache miss)
3284 http fetch GET 200 https://registry.npmjs.org/markdown-table/-/markdown-table-3.0.4.tgz 7973ms (cache miss)
3285 http fetch GET 200 https://registry.npmjs.org/micromark-extension-gfm-tagfilter/-/micromark-extension-gfm-tagfilter-2.0.0.tgz 7989ms (cache miss)
3286 http fetch GET 200 https://registry.npmjs.org/micromark-factory-label/-/micromark-factory-label-2.0.1.tgz 8019ms (cache miss)
3287 http fetch GET 200 https://registry.npmjs.org/mdast-util-find-and-replace/-/mdast-util-find-and-replace-3.0.2.tgz 8054ms (cache miss)
3288 http fetch GET 200 https://registry.npmjs.org/retext-latin/-/retext-latin-4.0.0.tgz 8071ms (cache miss)
3289 http fetch GET 200 https://registry.npmjs.org/detect-libc/-/detect-libc-2.1.2.tgz 8080ms (cache miss)
3290 http fetch GET 200 https://registry.npmjs.org/unist-util-stringify-position/-/unist-util-stringify-position-4.0.0.tgz 8090ms (cache miss)
3291 http fetch GET 200 https://registry.npmjs.org/micromark-util-normalize-identifier/-/micromark-util-normalize-identifier-2.0.1.tgz 8090ms (cache miss)
3292 http fetch GET 200 https://registry.npmjs.org/micromark-util-decode-numeric-character-reference/-/micromark-util-decode-numeric-character-reference-2.0.2.tgz 8104ms (cache miss)
3293 http fetch GET 200 https://registry.npmjs.org/micromark-util-decode-string/-/micromark-util-decode-string-2.0.1.tgz 8110ms (cache miss)
3294 http fetch GET 200 https://registry.npmjs.org/mdast-util-to-string/-/mdast-util-to-string-4.0.0.tgz 8126ms (cache miss)
3295 http fetch GET 200 https://registry.npmjs.org/micromark-core-commonmark/-/micromark-core-commonmark-2.0.3.tgz 8149ms (cache miss)
3296 http fetch GET 200 https://registry.npmjs.org/mdast-util-gfm-task-list-item/-/mdast-util-gfm-task-list-item-2.0.0.tgz 8197ms (cache miss)
3297 http fetch GET 200 https://registry.npmjs.org/@types/debug/-/debug-4.1.13.tgz 8211ms (cache miss)
3298 http fetch GET 200 https://registry.npmjs.org/decode-named-character-reference/-/decode-named-character-reference-1.3.0.tgz 8218ms (cache miss)
3299 http fetch GET 200 https://registry.npmjs.org/escape-string-regexp/-/escape-string-regexp-5.0.0.tgz 8268ms (cache miss)
3300 http fetch GET 200 https://registry.npmjs.org/mdast-util-gfm-footnote/-/mdast-util-gfm-footnote-2.1.0.tgz 8294ms (cache miss)
3301 http fetch GET 200 https://registry.npmjs.org/mdast-util-gfm-strikethrough/-/mdast-util-gfm-strikethrough-2.0.0.tgz 8296ms (cache miss)
3302 http fetch GET 200 https://registry.npmjs.org/mdast-util-gfm-table/-/mdast-util-gfm-table-2.0.0.tgz 8305ms (cache miss)
3303 http fetch GET 200 https://registry.npmjs.org/remark-stringify/-/remark-stringify-11.0.0.tgz 8327ms (cache miss)
3304 http fetch GET 200 https://registry.npmjs.org/character-entities/-/character-entities-2.0.2.tgz 8343ms (cache miss)
3305 http fetch GET 200 https://registry.npmjs.org/hast-util-whitespace/-/hast-util-whitespace-3.0.0.tgz 8357ms (cache miss)
3306 http fetch GET 200 https://registry.npmjs.org/mdast-util-gfm/-/mdast-util-gfm-3.1.0.tgz 8363ms (cache miss)
3307 http fetch GET 200 https://registry.npmjs.org/mdast-util-gfm-autolink-literal/-/mdast-util-gfm-autolink-literal-2.0.1.tgz 8370ms (cache miss)
3308 http fetch GET 200 https://registry.npmjs.org/ccount/-/ccount-2.0.1.tgz 8386ms (cache miss)
3309 http fetch GET 200 https://registry.npmjs.org/stringify-entities/-/stringify-entities-4.0.4.tgz 8388ms (cache miss)
3310 http fetch GET 200 https://registry.npmjs.org/micromark-util-symbol/-/micromark-util-symbol-2.0.1.tgz 8448ms (cache miss)
3311 http fetch GET 200 https://registry.npmjs.org/micromark-util-types/-/micromark-util-types-2.0.2.tgz 8461ms (cache miss)
3312 http fetch GET 200 https://registry.npmjs.org/@emmetio/html-matcher/-/html-matcher-1.3.0.tgz 8513ms (cache miss)
3313 http fetch GET 200 https://registry.npmjs.org/micromark-util-sanitize-uri/-/micromark-util-sanitize-uri-2.0.1.tgz 8480ms (cache miss)
3314 http fetch GET 200 https://registry.npmjs.org/trim-lines/-/trim-lines-3.0.1.tgz 8503ms (cache miss)
3315 http fetch GET 200 https://registry.npmjs.org/micromark/-/micromark-4.0.2.tgz 8512ms (cache miss)
3316 http fetch GET 200 https://registry.npmjs.org/micromark-util-character/-/micromark-util-character-2.1.1.tgz 8512ms (cache miss)
3317 http fetch GET 200 https://registry.npmjs.org/unist-util-position/-/unist-util-position-5.0.0.tgz 8513ms (cache miss)
3318 http fetch GET 200 https://registry.npmjs.org/zwitch/-/zwitch-2.0.4.tgz 8559ms (cache miss)
3319 http fetch GET 200 https://registry.npmjs.org/mdast-util-to-markdown/-/mdast-util-to-markdown-2.1.2.tgz 8645ms (cache miss)
3320 http fetch GET 200 https://registry.npmjs.org/@ungap/structured-clone/-/structured-clone-1.4.0.tgz 8660ms (cache miss)
3321 http fetch GET 200 https://registry.npmjs.org/micromark-extension-gfm/-/micromark-extension-gfm-3.0.0.tgz 8666ms (cache miss)
3322 http fetch GET 200 https://registry.npmjs.org/@emmetio/css-parser/-/css-parser-0.4.1.tgz 8717ms (cache miss)
3323 http fetch GET 200 https://registry.npmjs.org/mdast-util-from-markdown/-/mdast-util-from-markdown-2.0.3.tgz 8682ms (cache miss)
3324 http fetch GET 200 https://registry.npmjs.org/hast-util-raw/-/hast-util-raw-9.1.0.tgz 8684ms (cache miss)
3325 http fetch GET 200 https://registry.npmjs.org/mdast-util-to-hast/-/mdast-util-to-hast-13.2.1.tgz 8713ms (cache miss)
3326 http fetch GET 200 https://registry.npmjs.org/@babel/helper-validator-identifier/-/helper-validator-identifier-7.29.7.tgz 8761ms (cache miss)
3327 http fetch GET 200 https://registry.npmjs.org/html-void-elements/-/html-void-elements-3.0.0.tgz 8805ms (cache miss)
3328 http fetch GET 200 https://registry.npmjs.org/eventemitter3/-/eventemitter3-5.0.4.tgz 8868ms (cache miss)
3329 http fetch GET 200 https://registry.npmjs.org/micromark-util-encode/-/micromark-util-encode-2.0.1.tgz 8875ms (cache miss)
3330 http fetch GET 200 https://registry.npmjs.org/sisteransi/-/sisteransi-1.0.5.tgz 8946ms (cache miss)
3331 http fetch GET 200 https://registry.npmjs.org/@types/mdast/-/mdast-4.0.4.tgz 9005ms (cache miss)
3332 http fetch GET 200 https://registry.npmjs.org/yocto-queue/-/yocto-queue-1.2.2.tgz 9028ms (cache miss)
3333 http fetch GET 200 https://registry.npmjs.org/p-timeout/-/p-timeout-6.1.4.tgz 9043ms (cache miss)
3334 http fetch GET 200 https://registry.npmjs.org/source-map-js/-/source-map-js-1.2.1.tgz 9321ms (cache miss)
3335 http fetch GET 200 https://registry.npmjs.org/is-inside-container/-/is-inside-container-1.0.0.tgz 9343ms (cache miss)
3336 http fetch GET 200 https://registry.npmjs.org/hast-util-parse-selector/-/hast-util-parse-selector-4.0.0.tgz 9379ms (cache miss)
3337 http fetch GET 200 https://registry.npmjs.org/hast-util-to-html/-/hast-util-to-html-9.0.5.tgz 9398ms (cache miss)
3338 http fetch GET 200 https://registry.npmjs.org/comma-separated-tokens/-/comma-separated-tokens-2.0.3.tgz 9412ms (cache miss)
3339 http fetch GET 200 https://registry.npmjs.org/rehype-parse/-/rehype-parse-9.0.1.tgz 9419ms (cache miss)
3340 http fetch GET 200 https://registry.npmjs.org/argparse/-/argparse-2.0.1.tgz 9438ms (cache miss)
3341 http fetch GET 200 https://registry.npmjs.org/unist-util-find-after/-/unist-util-find-after-5.0.0.tgz 9465ms (cache miss)
3342 http fetch GET 200 https://registry.npmjs.org/entities/-/entities-6.0.1.tgz 9477ms (cache miss)
3343 http fetch GET 200 https://registry.npmjs.org/vfile-location/-/vfile-location-5.0.3.tgz 9483ms (cache miss)
3344 http fetch GET 200 https://registry.npmjs.org/space-separated-tokens/-/space-separated-tokens-2.0.2.tgz 9505ms (cache miss)
3345 http fetch GET 200 https://registry.npmjs.org/hastscript/-/hastscript-9.0.1.tgz 9649ms (cache miss)
3346 http fetch GET 200 https://registry.npmjs.org/property-information/-/property-information-7.2.0.tgz 9664ms (cache miss)
3347 http fetch GET 200 https://registry.npmjs.org/vfile-message/-/vfile-message-4.0.3.tgz 9704ms (cache miss)
3348 http fetch GET 200 https://registry.npmjs.org/@types/unist/-/unist-3.0.3.tgz 9769ms (cache miss)
3349 http fetch GET 200 https://registry.npmjs.org/hast-util-from-parse5/-/hast-util-from-parse5-8.0.3.tgz 9801ms (cache miss)
3350 http fetch GET 200 https://registry.npmjs.org/@shikijs/langs/-/langs-3.23.0.tgz 10091ms (cache miss)
3351 http fetch GET 200 https://registry.npmjs.org/@babel/helper-string-parser/-/helper-string-parser-7.29.7.tgz 10098ms (cache miss)
3352 http fetch GET 200 https://registry.npmjs.org/web-namespaces/-/web-namespaces-2.0.1.tgz 10186ms (cache miss)
3353 http fetch GET 200 https://registry.npmjs.org/hast-util-is-element/-/hast-util-is-element-3.0.0.tgz 10187ms (cache miss)
3354 http fetch GET 200 https://registry.npmjs.org/parse5/-/parse5-7.3.0.tgz 10205ms (cache miss)
3355 http fetch GET 200 https://registry.npmjs.org/base-64/-/base-64-1.0.0.tgz 10211ms (cache miss)
3356 http fetch GET 200 https://registry.npmjs.org/tiny-inflate/-/tiny-inflate-1.0.3.tgz 10238ms (cache miss)
3357 http fetch GET 200 https://registry.npmjs.org/widest-line/-/widest-line-5.0.0.tgz 10264ms (cache miss)
3358 http fetch GET 200 https://registry.npmjs.org/readdirp/-/readdirp-4.1.2.tgz 10267ms (cache miss)
3359 http fetch GET 200 https://registry.npmjs.org/hast-util-to-parse5/-/hast-util-to-parse5-8.0.1.tgz 10288ms (cache miss)
3360 http fetch GET 200 https://registry.npmjs.org/@types/hast/-/hast-3.0.5.tgz 10315ms (cache miss)
3361 http fetch GET 200 https://registry.npmjs.org/cli-boxes/-/cli-boxes-3.0.0.tgz 10336ms (cache miss)
3362 http fetch GET 200 https://registry.npmjs.org/ms/-/ms-2.1.3.tgz 10480ms (cache miss)
3363 http fetch GET 200 https://registry.npmjs.org/devlop/-/devlop-1.1.0.tgz 10545ms (cache miss)
3364 http fetch GET 200 https://registry.npmjs.org/camelcase/-/camelcase-8.0.0.tgz 10655ms (cache miss)
3365 http fetch GET 200 https://registry.npmjs.org/css-tree/-/css-tree-3.2.1.tgz 10989ms (cache miss)
3366 http fetch GET 200 https://registry.npmjs.org/ansi-align/-/ansi-align-3.0.1.tgz 10958ms (cache miss)
3367 http fetch GET 200 https://registry.npmjs.org/is-docker/-/is-docker-3.0.0.tgz 10977ms (cache miss)
3368 http fetch GET 200 https://registry.npmjs.org/which-pm-runs/-/which-pm-runs-1.1.0.tgz 10990ms (cache miss)
3369 http fetch GET 200 https://registry.npmjs.org/is-wsl/-/is-wsl-3.1.1.tgz 11013ms (cache miss)
3370 http fetch GET 200 https://registry.npmjs.org/wrap-ansi/-/wrap-ansi-9.0.2.tgz 11038ms (cache miss)
3371 http fetch GET 200 https://registry.npmjs.org/@types/estree/-/estree-1.0.9.tgz 11159ms (cache miss)
3372 http fetch GET 200 https://registry.npmjs.org/chalk/-/chalk-5.6.2.tgz 11279ms (cache miss)
3373 http fetch GET 200 https://registry.npmjs.org/@babel/types/-/types-7.29.8.tgz 11297ms (cache miss)
3374 http fetch GET 200 https://registry.npmjs.org/unist-util-remove-position/-/unist-util-remove-position-5.0.0.tgz 11313ms (cache miss)
3375 http fetch GET 200 https://registry.npmjs.org/unist-util-visit-parents/-/unist-util-visit-parents-6.0.2.tgz 11335ms (cache miss)
3376 http fetch GET 200 https://registry.npmjs.org/remark-smartypants/-/remark-smartypants-3.0.3.tgz 11343ms (cache miss)
3377 http fetch GET 200 https://registry.npmjs.org/remark-gfm/-/remark-gfm-4.0.1.tgz 11419ms (cache miss)
3378 http fetch GET 200 https://registry.npmjs.org/remark-rehype/-/remark-rehype-11.1.2.tgz 11429ms (cache miss)
3379 http fetch GET 200 https://registry.npmjs.org/rehype-stringify/-/rehype-stringify-10.0.1.tgz 11449ms (cache miss)
3380 http fetch GET 200 https://registry.npmjs.org/mdast-util-definitions/-/mdast-util-definitions-6.0.0.tgz 11495ms (cache miss)
3381 http fetch GET 200 https://registry.npmjs.org/remark-parse/-/remark-parse-11.0.0.tgz 11752ms (cache miss)
3382 http fetch GET 200 https://registry.npmjs.org/rehype-raw/-/rehype-raw-7.0.0.tgz 11835ms (cache miss)
3383 http fetch GET 200 https://registry.npmjs.org/unified/-/unified-11.0.5.tgz 11841ms (cache miss)
3384 http fetch GET 200 https://registry.npmjs.org/hast-util-to-text/-/hast-util-to-text-4.0.2.tgz 11842ms (cache miss)
3385 http fetch GET 200 https://registry.npmjs.org/zod-to-ts/-/zod-to-ts-1.2.0.tgz 11873ms (cache miss)
3386 http fetch GET 200 https://registry.npmjs.org/hast-util-from-html/-/hast-util-from-html-2.0.3.tgz 11951ms (cache miss)
3387 http fetch GET 200 https://registry.npmjs.org/yocto-spinner/-/yocto-spinner-0.2.3.tgz 11984ms (cache miss)
3388 http fetch GET 200 https://registry.npmjs.org/css-what/-/css-what-7.0.0.tgz 12206ms (cache miss)
3389 http fetch GET 200 https://registry.npmjs.org/vitefu/-/vitefu-1.1.3.tgz 12188ms (cache miss)
3390 http fetch GET 200 https://registry.npmjs.org/string-width/-/string-width-7.2.0.tgz 12220ms (cache miss)
3391 http fetch GET 200 https://registry.npmjs.org/@astrojs/prism/-/prism-3.3.0.tgz 12263ms (cache miss)
3392 http fetch GET 200 https://registry.npmjs.org/xxhash-wasm/-/xxhash-wasm-1.1.0.tgz 12289ms (cache miss)
3393 http fetch GET 200 https://registry.npmjs.org/yargs-parser/-/yargs-parser-21.1.1.tgz 12449ms (cache miss)
3394 http fetch GET 200 https://registry.npmjs.org/prettier/-/prettier-3.9.6.tgz 12579ms (cache miss)
3395 http fetch GET 200 https://registry.npmjs.org/unist-util-visit/-/unist-util-visit-5.1.0.tgz 12565ms (cache miss)
3396 http fetch GET 200 https://registry.npmjs.org/unifont/-/unifont-0.7.5.tgz 12619ms (cache miss)
3397 http fetch GET 200 https://registry.npmjs.org/zod-to-json-schema/-/zod-to-json-schema-3.25.2.tgz 12635ms (cache miss)
3398 http fetch GET 200 https://registry.npmjs.org/type-fest/-/type-fest-4.41.0.tgz 12670ms (cache miss)
3399 http fetch GET 200 https://registry.npmjs.org/ultrahtml/-/ultrahtml-1.7.0.tgz 12860ms (cache miss)
3400 http fetch GET 200 https://registry.npmjs.org/tinyexec/-/tinyexec-1.3.1.tgz 12875ms (cache miss)
3401 http fetch GET 200 https://registry.npmjs.org/tsconfck/-/tsconfck-3.1.6.tgz 12937ms (cache miss)
3402 warn deprecated tsconfck@3.1.6: unmaintained
3403 http fetch GET 200 https://registry.npmjs.org/zod/-/zod-3.25.76.tgz 13049ms (cache miss)
3404 http fetch GET 200 https://registry.npmjs.org/fontkitten/-/fontkitten-1.0.3.tgz 13063ms (cache miss)
3405 http fetch GET 200 https://registry.npmjs.org/semver/-/semver-7.8.5.tgz 13110ms (cache miss)
3406 http fetch GET 200 https://registry.npmjs.org/sharp/-/sharp-0.34.5.tgz 13176ms (cache miss)
3407 http fetch GET 200 https://registry.npmjs.org/rehype/-/rehype-13.0.2.tgz 13187ms (cache miss)
3408 http fetch GET 200 https://registry.npmjs.org/piccolore/-/piccolore-0.1.3.tgz 13204ms (cache miss)
3409 http fetch GET 200 https://registry.npmjs.org/prompts/-/prompts-2.4.2.tgz 13217ms (cache miss)
3410 http fetch GET 200 https://registry.npmjs.org/smol-toml/-/smol-toml-1.8.0.tgz 13232ms (cache miss)
3411 http fetch GET 200 https://registry.npmjs.org/p-limit/-/p-limit-6.2.0.tgz 13232ms (cache miss)
3412 http fetch GET 200 https://registry.npmjs.org/@babel/parser/-/parser-7.29.8.tgz 13265ms (cache miss)
3413 http fetch GET 200 https://registry.npmjs.org/package-manager-detector/-/package-manager-detector-1.8.0.tgz 13262ms (cache miss)
3414 http fetch GET 200 https://registry.npmjs.org/mrmime/-/mrmime-2.0.1.tgz 13262ms (cache miss)
3415 http fetch GET 200 https://registry.npmjs.org/unstorage/-/unstorage-1.17.5.tgz 13271ms (cache miss)
3416 http fetch GET 200 https://registry.npmjs.org/p-queue/-/p-queue-8.1.1.tgz 13293ms (cache miss)
3417 http fetch GET 200 https://registry.npmjs.org/import-meta-resolve/-/import-meta-resolve-4.2.0.tgz 13420ms (cache miss)
3418 http fetch GET 200 https://registry.npmjs.org/magic-string/-/magic-string-0.30.21.tgz 13521ms (cache miss)
3419 http fetch GET 200 https://registry.npmjs.org/html-escaper/-/html-escaper-3.0.3.tgz 13552ms (cache miss)
3420 http fetch GET 200 https://registry.npmjs.org/github-slugger/-/github-slugger-2.0.0.tgz 13582ms (cache miss)
3421 http fetch GET 200 https://registry.npmjs.org/neotraverse/-/neotraverse-0.6.18.tgz 13591ms (cache miss)
3422 http fetch GET 200 https://registry.npmjs.org/fontace/-/fontace-0.4.1.tgz 13612ms (cache miss)
3423 http fetch GET 200 https://registry.npmjs.org/picomatch/-/picomatch-4.0.7.tgz 13702ms (cache miss)
3424 http fetch GET 200 https://registry.npmjs.org/flattie/-/flattie-1.1.1.tgz 13707ms (cache miss)
3425 http fetch GET 200 https://registry.npmjs.org/estree-walker/-/estree-walker-3.0.3.tgz 13724ms (cache miss)
3426 http fetch GET 200 https://registry.npmjs.org/dset/-/dset-3.1.4.tgz 13737ms (cache miss)
3427 http fetch GET 200 https://registry.npmjs.org/svgo/-/svgo-4.1.0.tgz 13785ms (cache miss)
3428 http fetch GET 200 https://registry.npmjs.org/es-module-lexer/-/es-module-lexer-1.7.0.tgz 13778ms (cache miss)
3429 http fetch GET 200 https://registry.npmjs.org/magicast/-/magicast-0.5.4.tgz 13876ms (cache miss)
3430 http fetch GET 200 https://registry.npmjs.org/devalue/-/devalue-5.9.2.tgz 13875ms (cache miss)
3431 http fetch GET 200 https://registry.npmjs.org/cssesc/-/cssesc-3.0.0.tgz 13929ms (cache miss)
3432 http fetch GET 200 https://registry.npmjs.org/common-ancestor-path/-/common-ancestor-path-1.0.1.tgz 13957ms (cache miss)
3433 http fetch GET 200 https://registry.npmjs.org/cookie/-/cookie-1.1.1.tgz 14031ms (cache miss)
3434 http fetch GET 200 https://registry.npmjs.org/dlv/-/dlv-1.1.3.tgz 14045ms (cache miss)
3435 http fetch GET 200 https://registry.npmjs.org/ci-info/-/ci-info-4.4.0.tgz 14081ms (cache miss)
3436 http fetch GET 200 https://registry.npmjs.org/deterministic-object-hash/-/deterministic-object-hash-2.0.2.tgz 14130ms (cache miss)
3437 http fetch GET 200 https://registry.npmjs.org/http-cache-semantics/-/http-cache-semantics-4.2.0.tgz 14205ms (cache miss)
3438 http fetch GET 200 https://registry.npmjs.org/esbuild/-/esbuild-0.27.7.tgz 14252ms (cache miss)
3439 http fetch GET 200 https://registry.npmjs.org/diff/-/diff-8.0.4.tgz 14269ms (cache miss)
3440 http fetch GET 200 https://registry.npmjs.org/js-yaml/-/js-yaml-4.3.2.tgz 14293ms (cache miss)
3441 http fetch GET 200 https://registry.npmjs.org/axobject-query/-/axobject-query-4.1.0.tgz 14333ms (cache miss)
3442 http fetch GET 200 https://registry.npmjs.org/clsx/-/clsx-2.1.1.tgz 14413ms (cache miss)
3443 http fetch GET 200 https://registry.npmjs.org/@oslojs/encoding/-/encoding-1.1.0.tgz 14902ms (cache miss)
3444 http fetch GET 200 https://registry.npmjs.org/uncrypto/-/uncrypto-0.1.3.tgz 15070ms (cache miss)
3445 http fetch GET 200 https://registry.npmjs.org/@rollup/pluginutils/-/pluginutils-5.4.0.tgz 15445ms (cache miss)
3446 http fetch GET 200 https://registry.npmjs.org/debug/-/debug-4.4.3.tgz 15630ms (cache miss)
3447 http fetch GET 200 https://registry.npmjs.org/@astrojs/markdown-remark/-/markdown-remark-6.3.11.tgz 15709ms (cache miss)
3448 http fetch GET 200 https://registry.npmjs.org/vscode-languageserver-protocol/-/vscode-languageserver-protocol-3.18.3.tgz 15776ms (cache miss)
3449 http fetch GET 200 https://registry.npmjs.org/vfile/-/vfile-6.0.3.tgz 15895ms (cache miss)
3450 http fetch GET 200 https://registry.npmjs.org/path-browserify/-/path-browserify-1.0.1.tgz 15962ms (cache miss)
3451 http fetch GET 200 https://registry.npmjs.org/aria-query/-/aria-query-5.3.2.tgz 16005ms (cache miss)
3452 http fetch GET 200 https://registry.npmjs.org/request-light/-/request-light-0.7.0.tgz 16035ms (cache miss)
3453 http fetch GET 200 https://registry.npmjs.org/vscode-languageserver-textdocument/-/vscode-languageserver-textdocument-1.0.14.tgz 16045ms (cache miss)
3454 http fetch GET 200 https://registry.npmjs.org/typesafe-path/-/typesafe-path-0.2.2.tgz 16057ms (cache miss)
3455 http fetch GET 200 https://registry.npmjs.org/@astrojs/internal-helpers/-/internal-helpers-0.7.6.tgz 16260ms (cache miss)
3456 http fetch GET 200 https://registry.npmjs.org/vscode-uri/-/vscode-uri-3.2.0.tgz 16261ms (cache miss)
3457 http fetch GET 200 https://registry.npmjs.org/volar-service-yaml/-/volar-service-yaml-0.0.71.tgz 16285ms (cache miss)
3458 http fetch GET 200 https://registry.npmjs.org/volar-service-typescript-twoslash-queries/-/volar-service-typescript-twoslash-queries-0.0.71.tgz 16313ms (cache miss)
3459 http fetch GET 200 https://registry.npmjs.org/@volar/typescript/-/typescript-2.4.28.tgz 16562ms (cache miss)
3460 http fetch GET 200 https://registry.npmjs.org/volar-service-prettier/-/volar-service-prettier-0.0.71.tgz 16568ms (cache miss)
3461 http fetch GET 200 https://registry.npmjs.org/@capsizecss/unpack/-/unpack-4.0.1.tgz 16664ms (cache miss)
3462 http fetch GET 200 https://registry.npmjs.org/volar-service-html/-/volar-service-html-0.0.71.tgz 16669ms (cache miss)
3463 http fetch GET 200 https://registry.npmjs.org/volar-service-emmet/-/volar-service-emmet-0.0.71.tgz 16726ms (cache miss)
3464 http fetch GET 200 https://registry.npmjs.org/volar-service-css/-/volar-service-css-0.0.71.tgz 16739ms (cache miss)
3465 http fetch GET 200 https://registry.npmjs.org/vscode-languageserver/-/vscode-languageserver-9.0.1.tgz 16772ms (cache miss)
3466 http fetch GET 200 https://registry.npmjs.org/muggle-string/-/muggle-string-0.4.1.tgz 16791ms (cache miss)
3467 http fetch GET 200 https://registry.npmjs.org/@astrojs/yaml2ts/-/yaml2ts-0.2.4.tgz 16839ms (cache miss)
3468 http fetch GET 200 https://registry.npmjs.org/tinyglobby/-/tinyglobby-0.2.17.tgz 16995ms (cache miss)
3469 http fetch GET 200 https://registry.npmjs.org/yaml/-/yaml-2.9.0.tgz 17059ms (cache miss)
3470 http fetch GET 200 https://registry.npmjs.org/@volar/language-server/-/language-server-2.4.28.tgz 17115ms (cache miss)
3471 http fetch GET 200 https://registry.npmjs.org/volar-service-typescript/-/volar-service-typescript-0.0.71.tgz 17119ms (cache miss)
3472 http fetch GET 200 https://registry.npmjs.org/vite/-/vite-6.4.3.tgz 17190ms (cache miss)
3473 http fetch GET 200 https://registry.npmjs.org/boxen/-/boxen-8.0.1.tgz 17211ms (cache miss)
3474 http fetch GET 200 https://registry.npmjs.org/prismjs/-/prismjs-1.30.0.tgz 17262ms (cache miss)
3475 http fetch GET 200 https://registry.npmjs.org/kleur/-/kleur-4.1.5.tgz 17225ms (cache miss)
3476 http fetch GET 200 https://registry.npmjs.org/yargs/-/yargs-18.1.0.tgz 17236ms (cache miss)
3477 http fetch GET 200 https://registry.npmjs.org/@volar/kit/-/kit-2.4.28.tgz 17250ms (cache miss)
3478 http fetch GET 200 https://registry.npmjs.org/vscode-html-languageservice/-/vscode-html-languageservice-5.6.2.tgz 17307ms (cache miss)
3479 http fetch GET 200 https://registry.npmjs.org/@jridgewell/sourcemap-codec/-/sourcemap-codec-1.6.0.tgz 17388ms (cache miss)
3480 http fetch GET 200 https://registry.npmjs.org/jsonc-parser/-/jsonc-parser-3.3.1.tgz 17423ms (cache miss)
3481 http fetch GET 200 https://registry.npmjs.org/@volar/language-service/-/language-service-2.4.28.tgz 17442ms (cache miss)
3482 http fetch GET 200 https://registry.npmjs.org/@volar/source-map/-/source-map-2.4.28.tgz 17488ms (cache miss)
3483 http fetch GET 200 https://registry.npmjs.org/request-light/-/request-light-0.5.8.tgz 17609ms (cache miss)
3484 http fetch GET 200 https://registry.npmjs.org/@volar/language-core/-/language-core-2.4.28.tgz 17615ms (cache miss)
3485 http fetch GET 200 https://registry.npmjs.org/picomatch/-/picomatch-2.3.2.tgz 17694ms (cache miss)
3486 http fetch GET 200 https://registry.npmjs.org/strip-ansi/-/strip-ansi-6.0.1.tgz 17752ms (cache miss)
3487 http fetch GET 200 https://registry.npmjs.org/ansi-regex/-/ansi-regex-5.0.1.tgz 17783ms (cache miss)
3488 http fetch GET 200 https://registry.npmjs.org/@astrojs/check/-/check-0.9.10.tgz 17796ms (cache miss)
3489 http fetch GET 200 https://registry.npmjs.org/yaml/-/yaml-2.8.3.tgz 17836ms (cache miss)
3490 http fetch GET 200 https://registry.npmjs.org/acorn/-/acorn-8.18.0.tgz 17864ms (cache miss)
3491 http fetch GET 200 https://registry.npmjs.org/entities/-/entities-4.5.0.tgz 17960ms (cache miss)
3492 http fetch GET 200 https://registry.npmjs.org/shiki/-/shiki-3.23.0.tgz 18218ms (cache miss)
3493 http fetch GET 200 https://registry.npmjs.org/emoji-regex/-/emoji-regex-8.0.0.tgz 18304ms (cache miss)
3494 http fetch GET 200 https://registry.npmjs.org/vscode-languageserver-types/-/vscode-languageserver-types-3.17.5.tgz 18558ms (cache miss)
3495 http fetch GET 200 https://registry.npmjs.org/kleur/-/kleur-3.0.3.tgz 18590ms (cache miss)
3496 http fetch GET 200 https://registry.npmjs.org/readdirp/-/readdirp-5.1.1.tgz 18673ms (cache miss)
3497 http fetch GET 200 https://registry.npmjs.org/string-width/-/string-width-4.2.3.tgz 18716ms (cache miss)
3498 http fetch GET 200 https://registry.npmjs.org/chokidar/-/chokidar-5.0.0.tgz 18747ms (cache miss)
3499 http fetch GET 200 https://registry.npmjs.org/@astrojs/language-server/-/language-server-2.16.16.tgz 18765ms (cache miss)
3500 http fetch GET 200 https://registry.npmjs.org/css-tree/-/css-tree-2.2.1.tgz 18802ms (cache miss)
3501 http fetch GET 200 https://registry.npmjs.org/mdn-data/-/mdn-data-2.0.28.tgz 18811ms (cache miss)
3502 http fetch GET 200 https://registry.npmjs.org/estree-walker/-/estree-walker-2.0.2.tgz 18832ms (cache miss)
3503 http fetch GET 200 https://registry.npmjs.org/chokidar/-/chokidar-4.0.3.tgz 18985ms (cache miss)
3504 http fetch GET 200 https://registry.npmjs.org/yargs-parser/-/yargs-parser-22.0.0.tgz 19050ms (cache miss)
3505 http fetch GET 200 https://registry.npmjs.org/sharp 19027ms (cache miss)
3506 silly packumentCache corgi:https://registry.npmjs.org/sharp set size:undefined disposed:false
3507 http fetch GET 200 https://registry.npmjs.org/string-width/-/string-width-8.2.2.tgz 19146ms (cache miss)
3508 http fetch GET 200 https://registry.npmjs.org/vscode-languageserver-types/-/vscode-languageserver-types-3.17.5.tgz 19160ms (cache miss)
3509 http fetch GET 200 https://registry.npmjs.org/vscode-jsonrpc/-/vscode-jsonrpc-8.2.0.tgz 19168ms (cache miss)
3510 http fetch GET 200 https://registry.npmjs.org/vscode-languageserver-protocol/-/vscode-languageserver-protocol-3.17.5.tgz 19338ms (cache miss)
3511 http fetch GET 200 https://registry.npmjs.org/@astrojs/telemetry/-/telemetry-3.3.0.tgz 19537ms (cache miss)
3512 http fetch GET 200 https://registry.npmjs.org/esbuild 19756ms (cache miss)
3513 silly packumentCache corgi:https://registry.npmjs.org/esbuild set size:undefined disposed:false
3514 http fetch GET 200 https://registry.npmjs.org/esbuild/-/esbuild-0.25.12.tgz 19990ms (cache miss)
3515 http fetch GET 200 https://registry.npmjs.org/astro/-/astro-5.18.2.tgz 20589ms (cache miss)
3516 http fetch GET 200 https://registry.npmjs.org/astro 23779ms (cache miss)
3517 silly packumentCache corgi:https://registry.npmjs.org/astro set size:undefined disposed:false
3518 http fetch GET 200 https://registry.npmjs.org/@astrojs/compiler/-/compiler-2.13.1.tgz 24134ms (cache miss)
3519 http fetch GET 200 https://registry.npmjs.org/dequal/-/dequal-2.0.3.tgz 24399ms (cache miss)
3520 http fetch GET 200 https://registry.npmjs.org/@esbuild/win32-x64/-/win32-x64-0.25.12.tgz 24418ms (cache miss)
3521 http fetch GET 200 https://registry.npmjs.org/@img/sharp-win32-x64/-/sharp-win32-x64-0.34.5.tgz 27895ms (cache miss)
3522 http fetch GET 200 https://registry.npmjs.org/@esbuild/win32-x64/-/win32-x64-0.27.7.tgz 28519ms (cache miss)
3523 http fetch GET 200 https://registry.npmjs.org/typescript/-/typescript-5.9.3.tgz 28640ms (cache miss)
3524 info run sharp@0.34.5 install node_modules/sharp node install/check.js || npm run build
3525 info run sharp@0.34.5 install { code: 0, signal: null }
3526 info run esbuild@0.27.7 postinstall node_modules/esbuild node install.js
3527 info run esbuild@0.25.12 postinstall node_modules/vite/node_modules/esbuild node install.js
3528 info run esbuild@0.25.12 postinstall { code: 0, signal: null }
3529 info run esbuild@0.27.7 postinstall { code: 0, signal: null }
3530 silly ADD node_modules/is-fullwidth-code-point
3531 silly ADD node_modules/yoctocolors
3532 silly ADD node_modules/y18n
3533 silly ADD node_modules/get-caller-file
3534 silly ADD node_modules/escalade
3535 silly ADD node_modules/cliui
3536 silly ADD node_modules/require-from-string
3537 silly ADD node_modules/json-schema-traverse
3538 silly ADD node_modules/fast-uri
3539 silly ADD node_modules/fast-deep-equal
3540 silly ADD node_modules/vscode-json-languageservice
3541 silly ADD node_modules/vscode-json-languageservice/node_modules/jsonc-parser
3542 silly ADD node_modules/prettier
3543 silly ADD node_modules/ajv-i18n
3544 silly ADD node_modules/ajv-draft-04
3545 silly ADD node_modules/ajv
3546 silly ADD node_modules/ansi-styles
3547 silly ADD node_modules/vscode-jsonrpc
3548 silly ADD node_modules/@vscode/l10n
3549 silly ADD node_modules/yaml-language-server
3550 silly ADD node_modules/yaml-language-server/node_modules/yaml
3551 silly ADD node_modules/yaml-language-server/node_modules/request-light
3552 silly ADD node_modules/vscode-nls
3553 silly ADD node_modules/typescript-auto-import-cache
3554 silly ADD node_modules/@emmetio/css-abbreviation
3555 silly ADD node_modules/@emmetio/abbreviation
3556 silly ADD node_modules/vscode-languageserver-types
3557 silly ADD node_modules/jsonc-parser
3558 silly ADD node_modules/emmet
3559 silly ADD node_modules/@emmetio/scanner
3560 silly ADD node_modules/@emmetio/stream-reader-utils
3561 silly ADD node_modules/@emmetio/stream-reader
3562 silly ADD node_modules/@vscode/emmet-helper
3563 silly ADD node_modules/@emmetio/html-matcher
3564 silly ADD node_modules/@emmetio/css-parser
3565 silly ADD node_modules/vscode-css-languageservice
3566 silly ADD node_modules/vscode-css-languageservice/node_modules/vscode-languageserver-types
3567 silly ADD node_modules/@rollup/rollup-win32-x64-msvc
3568 silly ADD node_modules/@rollup/rollup-win32-x64-gnu
3569 silly ADD node_modules/nanoid
3570 silly ADD node_modules/rollup
3571 silly ADD node_modules/postcss
3572 silly ADD node_modules/uncrypto
3573 silly ADD node_modules/radix3
3574 silly ADD node_modules/node-mock-http
3575 silly ADD node_modules/iron-webcrypto
3576 silly ADD node_modules/defu
3577 silly ADD node_modules/crossws
3578 silly ADD node_modules/cookie-es
3579 silly ADD node_modules/normalize-path
3580 silly ADD node_modules/ufo
3581 silly ADD node_modules/ofetch
3582 silly ADD node_modules/node-fetch-native
3583 silly ADD node_modules/lru-cache
3584 silly ADD node_modules/h3
3585 silly ADD node_modules/destr
3586 silly ADD node_modules/anymatch
3587 silly ADD node_modules/anymatch/node_modules/picomatch
3588 silly ADD node_modules/array-iterate
3589 silly ADD node_modules/undici
3590 silly ADD node_modules/ohash
3591 silly ADD node_modules/trough
3592 silly ADD node_modules/is-plain-obj
3593 silly ADD node_modules/extend
3594 silly ADD node_modules/bail
3595 silly ADD node_modules/fdir
3596 silly ADD node_modules/dom-serializer
3597 silly ADD node_modules/dom-serializer/node_modules/entities
3598 silly ADD node_modules/domelementtype
3599 silly ADD node_modules/mdn-data
3600 silly ADD node_modules/nth-check
3601 silly ADD node_modules/domutils
3602 silly ADD node_modules/domhandler
3603 silly ADD node_modules/boolbase
3604 silly ADD node_modules/sax
3605 silly ADD node_modules/picocolors
3606 silly ADD node_modules/csso
3607 silly ADD node_modules/csso/node_modules/mdn-data
3608 silly ADD node_modules/csso/node_modules/css-tree
3609 silly ADD node_modules/css-what
3610 silly ADD node_modules/css-tree
3611 silly ADD node_modules/css-select
3612 silly ADD node_modules/commander
3613 silly ADD node_modules/ansi-regex
3614 silly ADD node_modules/character-entities-legacy
3615 silly ADD node_modules/character-entities-html4
3616 silly ADD node_modules/strip-ansi
3617 silly ADD node_modules/get-east-asian-width
3618 silly ADD node_modules/emoji-regex
3619 silly ADD node_modules/regex-utilities
3620 silly ADD node_modules/regex-recursion
3621 silly ADD node_modules/regex
3622 silly ADD node_modules/oniguruma-parser
3623 silly ADD node_modules/oniguruma-to-es
3624 silly ADD node_modules/@shikijs/vscode-textmate
3625 silly ADD node_modules/@shikijs/types
3626 silly ADD node_modules/@shikijs/themes
3627 silly ADD node_modules/@shikijs/langs
3628 silly ADD node_modules/@shikijs/engine-oniguruma
3629 silly ADD node_modules/@shikijs/engine-javascript
3630 silly ADD node_modules/@shikijs/core
3631 silly ADD node_modules/detect-libc
3632 silly ADD node_modules/@img/sharp-win32-x64
3633 silly ADD node_modules/@img/colour
3634 silly ADD node_modules/unist-util-visit-children
3635 silly ADD node_modules/unist-util-modify-children
3636 silly ADD node_modules/nlcst-to-string
3637 silly ADD node_modules/parse-latin
3638 silly ADD node_modules/retext-stringify
3639 silly ADD node_modules/retext-latin
3640 silly ADD node_modules/@types/nlcst
3641 silly ADD node_modules/retext-smartypants
3642 silly ADD node_modules/retext
3643 silly ADD node_modules/micromark-extension-gfm-task-list-item
3644 silly ADD node_modules/micromark-extension-gfm-tagfilter
3645 silly ADD node_modules/micromark-extension-gfm-table
3646 silly ADD node_modules/micromark-extension-gfm-strikethrough
3647 silly ADD node_modules/micromark-extension-gfm-footnote
3648 silly ADD node_modules/micromark-extension-gfm-autolink-literal
3649 silly ADD node_modules/micromark-util-html-tag-name
3650 silly ADD node_modules/micromark-factory-whitespace
3651 silly ADD node_modules/micromark-factory-title
3652 silly ADD node_modules/micromark-factory-label
3653 silly ADD node_modules/micromark-factory-destination
3654 silly ADD node_modules/@types/ms
3655 silly ADD node_modules/micromark-util-subtokenize
3656 silly ADD node_modules/micromark-util-resolve-all
3657 silly ADD node_modules/micromark-util-combine-extensions
3658 silly ADD node_modules/micromark-util-chunked
3659 silly ADD node_modules/micromark-factory-space
3660 silly ADD node_modules/micromark-core-commonmark
3661 silly ADD node_modules/@types/debug
3662 silly ADD node_modules/micromark-util-classify-character
3663 silly ADD node_modules/mdast-util-phrasing
3664 silly ADD node_modules/longest-streak
3665 silly ADD node_modules/markdown-table
3666 silly ADD node_modules/unist-util-is
3667 silly ADD node_modules/escape-string-regexp
3668 silly ADD node_modules/mdast-util-find-and-replace
3669 silly ADD node_modules/character-entities
3670 silly ADD node_modules/unist-util-stringify-position
3671 silly ADD node_modules/micromark-util-normalize-identifier
3672 silly ADD node_modules/micromark-util-decode-string
3673 silly ADD node_modules/micromark-util-decode-numeric-character-reference
3674 silly ADD node_modules/micromark
3675 silly ADD node_modules/mdast-util-to-string
3676 silly ADD node_modules/decode-named-character-reference
3677 silly ADD node_modules/mdast-util-to-markdown
3678 silly ADD node_modules/mdast-util-gfm-task-list-item
3679 silly ADD node_modules/mdast-util-gfm-table
3680 silly ADD node_modules/mdast-util-gfm-strikethrough
3681 silly ADD node_modules/mdast-util-gfm-footnote
3682 silly ADD node_modules/mdast-util-gfm-autolink-literal
3683 silly ADD node_modules/mdast-util-from-markdown
3684 silly ADD node_modules/remark-stringify
3685 silly ADD node_modules/micromark-extension-gfm
3686 silly ADD node_modules/mdast-util-gfm
3687 silly ADD node_modules/stringify-entities
3688 silly ADD node_modules/hast-util-whitespace
3689 silly ADD node_modules/ccount
3690 silly ADD node_modules/hast-util-to-html
3691 silly ADD node_modules/micromark-util-types
3692 silly ADD node_modules/micromark-util-symbol
3693 silly ADD node_modules/micromark-util-encode
3694 silly ADD node_modules/micromark-util-character
3695 silly ADD node_modules/trim-lines
3696 silly ADD node_modules/micromark-util-sanitize-uri
3697 silly ADD node_modules/zwitch
3698 silly ADD node_modules/unist-util-position
3699 silly ADD node_modules/mdast-util-to-hast
3700 silly ADD node_modules/html-void-elements
3701 silly ADD node_modules/hast-util-to-parse5
3702 silly ADD node_modules/@ungap/structured-clone
3703 silly ADD node_modules/hast-util-raw
3704 silly ADD node_modules/rehype-parse
3705 silly ADD node_modules/sisteransi
3706 silly ADD node_modules/entities
3707 silly ADD node_modules/p-timeout
3708 silly ADD node_modules/eventemitter3
3709 silly ADD node_modules/yocto-queue
3710 silly ADD node_modules/@types/mdast
3711 silly ADD node_modules/@babel/helper-validator-identifier
3712 silly ADD node_modules/@babel/helper-string-parser
3713 silly ADD node_modules/source-map-js
3714 silly ADD node_modules/@babel/types
3715 silly ADD node_modules/@babel/parser
3716 silly ADD node_modules/argparse
3717 silly ADD node_modules/is-inside-container
3718 silly ADD node_modules/space-separated-tokens
3719 silly ADD node_modules/hast-util-parse-selector
3720 silly ADD node_modules/comma-separated-tokens
3721 silly ADD node_modules/unist-util-find-after
3722 silly ADD node_modules/hast-util-is-element
3723 silly ADD node_modules/web-namespaces
3724 silly ADD node_modules/vfile-location
3725 silly ADD node_modules/property-information
3726 silly ADD node_modules/hastscript
3727 silly ADD node_modules/dequal
3728 silly ADD node_modules/@types/unist
3729 silly ADD node_modules/vfile-message
3730 silly ADD node_modules/parse5
3731 silly ADD node_modules/hast-util-from-parse5
3732 silly ADD node_modules/devlop
3733 silly ADD node_modules/@types/hast
3734 silly ADD node_modules/tiny-inflate
3735 silly ADD node_modules/@esbuild/win32-x64
3736 silly ADD node_modules/base-64
3737 silly ADD node_modules/ms
3738 silly ADD node_modules/readdirp
3739 silly ADD node_modules/wrap-ansi
3740 silly ADD node_modules/widest-line
3741 silly ADD node_modules/type-fest
3742 silly ADD node_modules/string-width
3743 silly ADD node_modules/cli-boxes
3744 silly ADD node_modules/chalk
3745 silly ADD node_modules/camelcase
3746 silly ADD node_modules/ansi-align
3747 silly ADD node_modules/ansi-align/node_modules/ansi-regex
3748 silly ADD node_modules/ansi-align/node_modules/strip-ansi
3749 silly ADD node_modules/ansi-align/node_modules/emoji-regex
3750 silly ADD node_modules/ansi-align/node_modules/string-width
3751 silly ADD node_modules/@types/estree
3752 silly ADD node_modules/fontkitten
3753 silly ADD node_modules/which-pm-runs
3754 silly ADD node_modules/is-wsl
3755 silly ADD node_modules/is-docker
3756 silly ADD node_modules/prismjs
3757 silly ADD node_modules/unist-util-visit-parents
3758 silly ADD node_modules/unist-util-remove-position
3759 silly ADD node_modules/unified
3760 silly ADD node_modules/remark-smartypants
3761 silly ADD node_modules/remark-rehype
3762 silly ADD node_modules/remark-parse
3763 silly ADD node_modules/remark-gfm
3764 silly ADD node_modules/rehype-stringify
3765 silly ADD node_modules/rehype-raw
3766 silly ADD node_modules/mdast-util-definitions
3767 silly ADD node_modules/hast-util-to-text
3768 silly ADD node_modules/hast-util-from-html
3769 silly ADD node_modules/@astrojs/prism
3770 silly ADD node_modules/zod-to-ts
3771 silly ADD node_modules/zod-to-json-schema
3772 silly ADD node_modules/zod
3773 silly ADD node_modules/yocto-spinner
3774 silly ADD node_modules/yargs-parser
3775 silly ADD node_modules/xxhash-wasm
3776 silly ADD node_modules/vitefu
3777 silly ADD node_modules/vite
3778 silly ADD node_modules/vite/node_modules/@esbuild/win32-x64
3779 silly ADD node_modules/vite/node_modules/esbuild
3780 silly ADD node_modules/vfile
3781 silly ADD node_modules/unstorage
3782 silly ADD node_modules/unstorage/node_modules/readdirp
3783 silly ADD node_modules/unstorage/node_modules/chokidar
3784 silly ADD node_modules/unist-util-visit
3785 silly ADD node_modules/unifont
3786 silly ADD node_modules/ultrahtml
3787 silly ADD node_modules/tsconfck
3788 silly ADD node_modules/tinyexec
3789 silly ADD node_modules/svgo
3790 silly ADD node_modules/smol-toml
3791 silly ADD node_modules/shiki
3792 silly ADD node_modules/sharp
3793 silly ADD node_modules/semver
3794 silly ADD node_modules/rehype
3795 silly ADD node_modules/prompts
3796 silly ADD node_modules/prompts/node_modules/kleur
3797 silly ADD node_modules/picomatch
3798 silly ADD node_modules/piccolore
3799 silly ADD node_modules/package-manager-detector
3800 silly ADD node_modules/p-queue
3801 silly ADD node_modules/p-limit
3802 silly ADD node_modules/neotraverse
3803 silly ADD node_modules/mrmime
3804 silly ADD node_modules/magicast
3805 silly ADD node_modules/magic-string
3806 silly ADD node_modules/js-yaml
3807 silly ADD node_modules/import-meta-resolve
3808 silly ADD node_modules/http-cache-semantics
3809 silly ADD node_modules/html-escaper
3810 silly ADD node_modules/github-slugger
3811 silly ADD node_modules/fontace
3812 silly ADD node_modules/flattie
3813 silly ADD node_modules/estree-walker
3814 silly ADD node_modules/esbuild
3815 silly ADD node_modules/es-module-lexer
3816 silly ADD node_modules/dset
3817 silly ADD node_modules/dlv
3818 silly ADD node_modules/diff
3819 silly ADD node_modules/devalue
3820 silly ADD node_modules/deterministic-object-hash
3821 silly ADD node_modules/debug
3822 silly ADD node_modules/cssesc
3823 silly ADD node_modules/cookie
3824 silly ADD node_modules/common-ancestor-path
3825 silly ADD node_modules/clsx
3826 silly ADD node_modules/ci-info
3827 silly ADD node_modules/boxen
3828 silly ADD node_modules/axobject-query
3829 silly ADD node_modules/aria-query
3830 silly ADD node_modules/acorn
3831 silly ADD node_modules/@rollup/pluginutils
3832 silly ADD node_modules/@rollup/pluginutils/node_modules/estree-walker
3833 silly ADD node_modules/@oslojs/encoding
3834 silly ADD node_modules/@capsizecss/unpack
3835 silly ADD node_modules/@astrojs/telemetry
3836 silly ADD node_modules/@astrojs/markdown-remark
3837 silly ADD node_modules/@astrojs/internal-helpers
3838 silly ADD node_modules/vscode-languageserver-protocol
3839 silly ADD node_modules/vscode-languageserver
3840 silly ADD node_modules/vscode-languageserver/node_modules/vscode-languageserver-types
3841 silly ADD node_modules/vscode-languageserver/node_modules/vscode-jsonrpc
3842 silly ADD node_modules/vscode-languageserver/node_modules/vscode-languageserver-protocol
3843 silly ADD node_modules/request-light
3844 silly ADD node_modules/path-browserify
3845 silly ADD node_modules/@volar/source-map
3846 silly ADD node_modules/vscode-languageserver-textdocument
3847 silly ADD node_modules/typesafe-path
3848 silly ADD node_modules/@volar/typescript
3849 silly ADD node_modules/yaml
3850 silly ADD node_modules/vscode-uri
3851 silly ADD node_modules/vscode-html-languageservice
3852 silly ADD node_modules/volar-service-yaml
3853 silly ADD node_modules/volar-service-typescript-twoslash-queries
3854 silly ADD node_modules/volar-service-typescript
3855 silly ADD node_modules/volar-service-prettier
3856 silly ADD node_modules/volar-service-html
3857 silly ADD node_modules/volar-service-emmet
3858 silly ADD node_modules/volar-service-css
3859 silly ADD node_modules/tinyglobby
3860 silly ADD node_modules/muggle-string
3861 silly ADD node_modules/@volar/language-service
3862 silly ADD node_modules/@volar/language-server
3863 silly ADD node_modules/@volar/language-core
3864 silly ADD node_modules/@volar/kit
3865 silly ADD node_modules/@jridgewell/sourcemap-codec
3866 silly ADD node_modules/@astrojs/yaml2ts
3867 silly ADD node_modules/@astrojs/compiler
3868 silly ADD node_modules/yargs
3869 silly ADD node_modules/yargs/node_modules/yargs-parser
3870 silly ADD node_modules/yargs/node_modules/string-width
3871 silly ADD node_modules/kleur
3872 silly ADD node_modules/chokidar
3873 silly ADD node_modules/@astrojs/language-server
3874 silly ADD node_modules/astro
3875 silly ADD node_modules/typescript
3876 silly ADD node_modules/@astrojs/check
3877 verbose cwd E:\chappy\e-integrator\existing folder
3878 verbose os Windows_NT 10.0.26200
3879 verbose node v24.14.0
3880 verbose npm  v11.12.0
3881 verbose exit 0
3882 info ok
